Location,Area_sqft,Bedroom,Bathroom,Price,Latitude,Longitude,Location_Label,Price_Zone,Price_Zone_Num,Distance_to_Center,Price_per_sqft,BedBath_Ratio,Price_per_Bedroom,Size_Category,Location_Cluster
"Purba Jurain, Shyampur",1140,2,2,5400000,23.6822807,90.4573131,shyampur,Low,0,0.13563611283172478,4736.8421052631575,0.6666666666666666,1800000.0,Medium,1
"Rasdia Mouza, Uttara",770,2,2,4500000,23.8899605,90.3883735,uttara,High,2,0.0832339069280038,5844.1558441558445,0.6666666666666666,1500000.0,Small,1
"Kopali Road, Khilkhet",950,2,2,5000000,23.8352032,90.4287005,khilkhet,Medium,1,0.029709014970042413,5263.1578947368425,0.6666666666666666,1666666.6666666667,Medium,1
"Priyanka City, Uttara",945,2,2,6500000,23.8685318,90.3797847,uttara,High,2,0.0667924650340835,6878.306878306878,0.6666666666666666,2166666.6666666665,Medium,1
"Gulshan 2, Gulshan",4000,4,4,118000000,23.7947536,90.41430849999999,gulshan,High,2,0.015651237178256384,29500.0,0.8,23600000.0,Large,2
"Nasirabad, 15 No. Bagmoniram Ward",3000,5,5,30800000,22.3608208,91.82330069999999,15 no. bagmoniram ward,Low,0,2.0227082257095623,10266.666666666666,0.8333333333333334,5133333.333333333,Large,0
"Kallyanpur, Mirpur",1265,3,3,9400000,23.7822036,90.35953719999999,mirpur,Medium,1,0.059953864569354254,7430.830039525692,0.75,2350000.0,Medium,1
"Paikpara, Mirpur",1350,3,3,8500000,23.7881532,90.35953719999999,mirpur,Medium,1,0.05740678473909157,6296.2962962962965,0.75,2125000.0,Medium,1
"Rasdia Mouza, Uttara",3900,5,5,65000000,23.8899605,90.3883735,uttara,High,2,0.0832339069280038,16666.666666666668,0.8333333333333334,10833333.333333334,Large,3
"Block B, Bashundhara R-A",2500,4,4,26000000,23.8140104,90.4272477,bashundhara r-a,Medium,1,0.01520729178552254,10400.0,0.8,5200000.0,Large,0
"Rasdia Mouza, Uttara",778,2,2,11000000,23.8899605,90.3883735,uttara,High,2,0.0832339069280038,14138.817480719794,0.6666666666666666,3666666.6666666665,Small,1
"Rasdia Mouza, Uttara",3800,5,5,115000000,23.8899605,90.3883735,uttara,High,2,0.0832339069280038,30263.157894736843,0.8333333333333334,19166666.666666668,Large,2
"Section 1, Mirpur",1268,3,3,8500000,23.8015639,90.3489496,mirpur,Medium,1,0.06414805362105391,6703.470031545741,0.75,2125000.0,Medium,1
"Shagufta New Road, Mirpur",1455,3,3,11349000,23.8302033,90.3768329,mirpur,Medium,1,0.040844624778541054,7800.0,0.75,2837250.0,Medium,1
"Section 15, Mirpur",1005,2,2,8840000,23.8223486,90.36542039999999,mirpur,Medium,1,0.048596887741092366,8796.019900497513,0.6666666666666666,2946666.6666666665,Medium,1
"Sector 4, Uttara",1365,3,3,16300000,23.8624077,90.4042719,uttara,High,2,0.0527533319222552,11941.391941391941,0.75,4075000.0,Medium,0
"Rasdia Mouza, Uttara",1450,4,4,11500000,23.8899605,90.3883735,uttara,High,2,0.0832339069280038,7931.0344827586205,0.8,2300000.0,Medium,1
"North Circular Road, Dhanmondi",800,2,2,7500000,23.7437813,90.3887117,dhanmondi,High,2,0.07064432508404384,9375.0,0.6666666666666666,2500000.0,Medium,1
"Rasdia Mouza, Uttara",700,2,2,4000000,23.8899605,90.3883735,uttara,High,2,0.0832339069280038,5714.285714285715,0.6666666666666666,1333333.3333333333,Small,1
"Rasdia Mouza, Uttara",1950,4,4,12675000,23.8899605,90.3883735,uttara,High,2,0.0832339069280038,6500.0,0.8,2535000.0,Large,0
"Rasdia Mouza, Uttara",1450,3,3,11500000,23.8899605,90.3883735,uttara,High,2,0.0832339069280038,7931.0344827586205,0.75,2875000.0,Medium,1
"Section 1, Mirpur",1200,3,3,8400000,23.8015639,90.3489496,mirpur,Medium,1,0.06414805362105391,7000.0,0.75,2100000.0,Medium,1
"Purba Jurain, Shyampur",1695,3,3,8815000,23.6822807,90.4573131,shyampur,Low,0,0.13563611283172478,5200.589970501475,0.75,2203750.0,Large,1
"Vashantek, Cantonment",1800,4,4,9500000,23.8061595,90.3887548,cantonment,Low,0,0.0241034906868217,5277.777777777777,0.8,1900000.0,Large,1
"Shagufta New Road, Mirpur",1405,3,3,10959000,23.8302033,90.3768329,mirpur,Medium,1,0.040844624778541054,7800.0,0.75,2739750.0,Medium,1
"Block I, Bashundhara R-A",2370,4,4,27000000,23.8206687,90.43962479999999,bashundhara r-a,Medium,1,0.02903902055389801,11392.405063291139,0.8,5400000.0,Large,0
"Sector 11, Uttara",1600,4,4,18000000,23.8773155,90.39013969999999,uttara,High,2,0.07064743630408771,11250.0,0.8,3600000.0,Large,0
"Uttar Badda, Badda",1456,3,3,10500000,23.7820433,90.4231228,badda,Low,0,0.030187496993459986,7211.538461538462,0.75,2625000.0,Medium,1
"Darussalam, Mirpur",1485,3,3,8167000,23.7784999,90.35306659999999,mirpur,Medium,1,0.06740604865715305,5499.6632996633,0.75,2041750.0,Medium,1
"Ahmed Nagar, Mirpur",1100,3,3,5000000,23.793741,90.35503039999999,mirpur,Medium,1,0.05980765339954874,4545.454545454545,0.75,1250000.0,Medium,1
"Darussalam, Mirpur",1390,3,3,7665000,23.7784999,90.35306659999999,mirpur,Medium,1,0.06740604865715305,5514.3884892086335,0.75,1916250.0,Medium,1
"East Monipur, Mirpur",1280,2,2,5000000,23.8009532,90.3717459,mirpur,Medium,1,0.04181219124908583,3906.25,0.6666666666666666,1666666.6666666667,Medium,1
"Sector 12, Uttara",1530,4,4,10700000,23.8713904,90.380721,uttara,High,2,0.06886175871381538,6993.464052287582,0.8,2140000.0,Large,1
"Bochila, Mohammadpur",1400,3,3,5680000,23.7465311,90.34777330000001,mohammadpur,Medium,1,0.09086263423485917,4057.1428571428573,0.75,1420000.0,Medium,1
"Rasdia Mouza, Uttara",1195,3,3,14000000,23.8899605,90.3883735,uttara,High,2,0.0832339069280038,11715.481171548117,0.75,3500000.0,Medium,0
"Rasdia Mouza, Uttara",2802,5,5,38000000,23.8899605,90.3883735,uttara,High,2,0.0832339069280038,13561.741613133476,0.8333333333333334,6333333.333333333,Large,3
"Baitul Aman Housing Society, Adabor",1200,3,3,6350000,23.7734642,90.3580005,adabor,Low,0,0.0657804808578444,5291.666666666667,0.75,1587500.0,Medium,1
"Block B, Bashundhara R-A",2420,4,4,24000000,23.8140104,90.4272477,bashundhara r-a,Medium,1,0.01520729178552254,9917.355371900827,0.8,4800000.0,Large,0
"Tongi, Gazipur Sadar Upazila",1200,3,3,4500000,23.889974,90.40734719999999,gazipur sadar upazila,Low,0,0.07984045104982557,3750.0,0.75,1125000.0,Medium,1
"Middle Paikpara, Mirpur",1080,3,3,4320000,23.7903857,90.35894890000002,mirpur,Medium,1,0.057134049880064604,4000.0,0.75,1080000.0,Medium,1
"Rasdia Mouza, Uttara",632,2,2,4424000,23.8899605,90.3883735,uttara,High,2,0.0832339069280038,7000.0,0.6666666666666666,1474666.6666666667,Small,1
"Pirerbag, Mirpur",950,2,2,3500000,23.7911115,90.3665972,mirpur,Medium,1,0.049752040964059545,3684.2105263157896,0.6666666666666666,1166666.6666666667,Medium,1
"Darussalam, Mirpur",1485,3,3,8167000,23.7784999,90.35306659999999,mirpur,Medium,1,0.06740604865715305,5499.6632996633,0.75,2041750.0,Medium,1
"PC Culture Housing, Mohammadpur",1560,4,4,10000000,23.7680904,90.3518903,mohammadpur,Medium,1,0.07385923142201206,6410.25641025641,0.8,2000000.0,Large,1
"Sector 7, Uttara",2500,4,4,22000000,23.871349,90.3972052,uttara,High,2,0.06293577129136818,8800.0,0.8,4400000.0,Large,0
"Rasdia Mouza, Uttara",1667,4,4,22500000,23.8899605,90.3883735,uttara,High,2,0.0832339069280038,13497.300539892021,0.8,4500000.0,Large,0
"Rasdia Mouza, Uttara",900,2,2,8500000,23.8899605,90.3883735,uttara,High,2,0.0832339069280038,9444.444444444445,0.6666666666666666,2833333.3333333335,Medium,1
"Rasdia Mouza, Uttara",2800,4,4,44000000,23.8899605,90.3883735,uttara,High,2,0.0832339069280038,15714.285714285714,0.8,8800000.0,Large,3
"Baitul Aman Housing Society, Adabor",1300,3,3,6850000,23.7734642,90.3580005,adabor,Low,0,0.0657804808578444,5269.2307692307695,0.75,1712500.0,Medium,1
"Pirerbag, Mirpur",1700,3,3,7200000,23.7911115,90.3665972,mirpur,Medium,1,0.049752040964059545,4235.294117647059,0.75,1800000.0,Large,1
"Uttar Badda, Badda",1330,3,3,9500000,23.7820433,90.4231228,badda,Low,0,0.030187496993459986,7142.857142857143,0.75,2375000.0,Medium,1
"Darussalam, Mirpur",1485,3,3,8167000,23.7784999,90.35306659999999,mirpur,Medium,1,0.06740604865715305,5499.6632996633,0.75,2041750.0,Medium,1
"Darussalam, Mirpur",1485,3,3,8167000,23.7784999,90.35306659999999,mirpur,Medium,1,0.06740604865715305,5499.6632996633,0.75,2041750.0,Medium,1
"Middle Badda, Badda",1170,3,3,11200000,23.7798106,90.42371209999999,badda,Low,0,0.0324856075635027,9572.649572649572,0.75,2800000.0,Medium,1
"Rayer Bazaar, Hazaribag",1010,3,3,5500000,23.7435238,90.3618904,hazaribag,Low,0,0.0837877825139236,5445.544554455446,0.75,1375000.0,Medium,1
"Rasdia Mouza, Uttara",750,2,2,5500000,23.8899605,90.3883735,uttara,High,2,0.0832339069280038,7333.333333333333,0.6666666666666666,1833333.3333333333,Small,1
"West Agargaon, Agargaon",1133,3,3,6231500,23.7807183,90.3693678,agargaon,Low,0,0.05230166012402525,5500.0,0.75,1557875.0,Medium,1
"Sector 18, Uttara",1654,4,4,8500000,23.8550847,90.3583606,uttara,High,2,0.0702619668558277,5139.056831922612,0.8,1700000.0,Large,1
"Tongi, Gazipur Sadar Upazila",1050,3,3,3990000,23.889974,90.40734719999999,gazipur sadar upazila,Low,0,0.07984045104982557,3800.0,0.75,997500.0,Medium,1
"Block A, Bashundhara R-A",1580,4,4,10000000,23.8136688,90.42957170000001,bashundhara r-a,Medium,1,0.017400912456838256,6329.113924050633,0.8,2000000.0,Large,1
"Block J, Bashundhara R-A",1310,4,4,10000000,23.8228913,90.4425723,bashundhara r-a,Medium,1,0.03260190275091242,7633.587786259542,0.8,2000000.0,Medium,1
"26 No. North Halishahar Ward, Halishahar",1270,3,3,5334000,22.3287809,91.7745556,halishahar,Low,0,2.012484608924049,4200.0,0.75,1333500.0,Medium,1
"Faydabad, Dakshin Khan",1330,3,3,7200000,23.8772544,90.41369619999999,dakshin khan,Low,0,0.06696508473674931,5413.533834586467,0.75,1800000.0,Medium,1
"26 No. North Halishahar Ward, Halishahar",1270,3,3,5533400,22.3287809,91.7745556,halishahar,Low,0,2.012484608924049,4357.007874015748,0.75,1383350.0,Medium,1
"26 No. North Halishahar Ward, Halishahar",1320,3,3,5544000,22.3287809,91.7745556,halishahar,Low,0,2.012484608924049,4200.0,0.75,1386000.0,Medium,1
"Dakshin Kattali, 11 No. South Kattali Ward",825,3,3,3700000,22.3509714,91.7709217,11 no. south kattali ward,Low,0,1.9937275334932003,4484.848484848485,0.75,925000.0,Medium,1
"Mirpur DOHS, Mirpur",2200,4,4,20000000,23.836468,90.36953919999999,mirpur,Medium,1,0.05030302735064935,9090.90909090909,0.8,4000000.0,Large,0
"West Agargaon, Agargaon",1300,3,3,9750000,23.7807183,90.3693678,agargaon,Low,0,0.05230166012402525,7500.0,0.75,2437500.0,Medium,1
"Chattogram DOHS, Bayazid",1400,3,3,7000000,22.394706,91.8129373,bayazid,Low,0,1.991263670152026,5000.0,0.75,1750000.0,Medium,1
"Baitul Aman Housing Society, Adabor",1300,3,3,8190000,23.7734642,90.3580005,adabor,Low,0,0.0657804808578444,6300.0,0.75,2047500.0,Medium,1
"Dakkhin Paikpara, Mirpur",1332,3,3,5594400,23.7881532,90.35953719999999,mirpur,Medium,1,0.05740678473909157,4200.0,0.75,1398600.0,Medium,1
"Pirerbag, Mirpur",1800,4,4,7500000,23.7911115,90.3665972,mirpur,Medium,1,0.049752040964059545,4166.666666666667,0.8,1500000.0,Large,1
"West Shewrapara, Mirpur",1425,3,3,8537500,23.7881199,90.3736584,mirpur,Medium,1,0.044728366017213576,5991.228070175439,0.75,2134375.0,Medium,1
"Block J, Bashundhara R-A",2200,4,4,17500000,23.8228913,90.4425723,bashundhara r-a,Medium,1,0.03260190275091242,7954.545454545455,0.8,3500000.0,Large,0
"Baitul Aman Housing Society, Adabor",1175,2,2,6500000,23.7734642,90.3580005,adabor,Low,0,0.0657804808578444,5531.914893617021,0.6666666666666666,2166666.6666666665,Medium,1
"Block I, Bashundhara R-A",1360,3,3,10000000,23.8206687,90.43962479999999,bashundhara r-a,Medium,1,0.02903902055389801,7352.941176470588,0.75,2500000.0,Medium,1
"Block J, Bashundhara R-A",1860,3,3,12000000,23.8228913,90.4425723,bashundhara r-a,Medium,1,0.03260190275091242,6451.612903225807,0.75,3000000.0,Large,1
"Section 10, Mirpur",1365,3,3,7507500,23.8119234,90.3713045,mirpur,Medium,1,0.04122747442919648,5500.0,0.75,1876875.0,Medium,1
"26 No. North Halishahar Ward, Halishahar",1320,3,3,5544000,22.3287809,91.7745556,halishahar,Low,0,2.012484608924049,4200.0,0.75,1386000.0,Medium,1
"Bosila, Mohammadpur",1200,3,3,7500000,23.7550944,90.3589375,mohammadpur,Medium,1,0.07691943627984989,6250.0,0.75,1875000.0,Medium,1
"Block J, Bashundhara R-A",2156,3,3,17000000,23.8228913,90.4425723,bashundhara r-a,Medium,1,0.03260190275091242,7884.972170686457,0.75,4250000.0,Large,0
"Rasdia Mouza, Uttara",1165,2,2,8000000,23.8899605,90.3883735,uttara,High,2,0.0832339069280038,6866.9527896995705,0.6666666666666666,2666666.6666666665,Medium,1
"Block J, Bashundhara R-A",1800,4,4,15400000,23.8228913,90.4425723,bashundhara r-a,Medium,1,0.03260190275091242,8555.555555555555,0.8,3080000.0,Large,0
"Section 12, Mirpur",1300,4,4,8000000,23.8253064,90.37248149999999,mirpur,Medium,1,0.042739588009363054,6153.846153846154,0.8,1600000.0,Medium,1
"Section 10, Mirpur",1100,3,3,6000000,23.8119234,90.3713045,mirpur,Medium,1,0.04122747442919648,5454.545454545455,0.75,1500000.0,Medium,1
"Block J, Bashundhara R-A",2300,4,4,15000000,23.8228913,90.4425723,bashundhara r-a,Medium,1,0.03260190275091242,6521.739130434783,0.8,3000000.0,Large,0
"Green Valley, Bayazid",1370,3,3,6500000,22.37998,91.8083724,bayazid,Low,0,1.9985682523951416,4744.525547445255,0.75,1625000.0,Medium,1
"Pallabi, Mirpur",850,2,2,3300000,23.8223486,90.36542039999999,mirpur,Medium,1,0.048596887741092366,3882.3529411764707,0.6666666666666666,1100000.0,Medium,1
"Section 1, Mirpur",650,2,2,2100000,23.8015639,90.3489496,mirpur,Medium,1,0.06414805362105391,3230.769230769231,0.6666666666666666,700000.0,Small,1
"Rupnagar R/A, Mirpur",650,2,2,2400000,23.8085164,90.3558058,mirpur,Medium,1,0.05672224909680062,3692.3076923076924,0.6666666666666666,800000.0,Small,1
"School Road, Khilkhet",1125,3,3,5925000,23.8302872,90.4215646,khilkhet,Medium,1,0.021946642955131112,5266.666666666667,0.75,1481250.0,Medium,1
"Block F, Bashundhara R-A",2230,4,4,21200000,23.820682,90.43490919999999,bashundhara r-a,Medium,1,0.024697331204806904,9506.726457399103,0.8,4240000.0,Large,0
"Pallabi, Mirpur",1500,3,3,9500000,23.8223486,90.36542039999999,mirpur,Medium,1,0.048596887741092366,6333.333333333333,0.75,2375000.0,Medium,1
"Ali Nagar, Bayazid",1200,2,2,3600000,22.3786414,91.8281763,bayazid,Low,0,2.0134015330618134,3000.0,0.6666666666666666,1200000.0,Medium,1
"Block J, Bashundhara R-A",2300,4,4,15000000,23.8228913,90.4425723,bashundhara r-a,Medium,1,0.03260190275091242,6521.739130434783,0.8,3000000.0,Large,0
"Polytechnic, Bayazid",1630,4,4,8500000,22.3891916,91.8172069,bayazid,Low,0,1.998186817957269,5214.7239263803685,0.8,1700000.0,Large,1
"Shiddheswari Lane, Shiddheswari",1250,3,3,11500000,23.7437927,90.4112242,shiddheswari,Low,0,0.06651953561871995,9200.0,0.75,2875000.0,Medium,1
"Bash Bari Road, Mohammadpur",850,2,2,5100000,23.7584785,90.3602214,mohammadpur,Medium,1,0.07361059624951859,6000.0,0.6666666666666666,1700000.0,Medium,1
"Proshanti R/A, 10 No. North Kattali Ward",1200,3,3,5640000,22.3642228,91.77001969999999,10 no. north kattali ward,Low,0,1.9834311191084824,4700.0,0.75,1410000.0,Medium,1
"Sector 12, Uttara",1050,2,2,5500000,23.8713904,90.380721,uttara,High,2,0.06886175871381538,5238.0952380952385,0.6666666666666666,1833333.3333333333,Medium,1
"West Shewrapara, Mirpur",1425,3,3,8537500,23.7881199,90.3736584,mirpur,Medium,1,0.044728366017213576,5991.228070175439,0.75,2134375.0,Medium,1
"Section 10, Mirpur",1175,2,2,7000000,23.8119234,90.3713045,mirpur,Medium,1,0.04122747442919648,5957.446808510638,0.6666666666666666,2333333.3333333335,Medium,1
"South Banasree Project, Banasree",1040,3,3,6500000,23.7634571,90.4272592,banasree,Low,0,0.04911304577248438,6250.0,0.75,1625000.0,Medium,1
"Block C, Bashundhara R-A",2900,5,5,35000000,23.8184723,90.4272477,bashundhara r-a,Medium,1,0.01686063885444435,12068.965517241379,0.8333333333333334,5833333.333333333,Large,0
"Road No 2, Shyamoli",1350,3,3,9450000,23.7746403,90.3659936,shyamoli,Low,0,0.05860426132159551,7000.0,0.75,2362500.0,Medium,1
"Aainusbag, Dakshin Khan",1250,2,2,4500000,23.8571505,90.42371209999999,dakshin khan,Low,0,0.04817344223386659,3600.0,0.6666666666666666,1500000.0,Medium,1
"Rasdia Mouza, Uttara",900,2,2,4000000,23.8899605,90.3883735,uttara,High,2,0.0832339069280038,4444.444444444444,0.6666666666666666,1333333.3333333333,Medium,1
"Section 10, Mirpur",1365,3,3,7507500,23.8119234,90.3713045,mirpur,Medium,1,0.04122747442919648,5500.0,0.75,1876875.0,Medium,1
"Ahmed Nagar, Mirpur",1100,2,2,4200000,23.793741,90.35503039999999,mirpur,Medium,1,0.05980765339954874,3818.181818181818,0.6666666666666666,1400000.0,Medium,1
"Ahmed Nagar, Mirpur",1276,2,2,4000000,23.793741,90.35503039999999,mirpur,Medium,1,0.05980765339954874,3134.796238244514,0.6666666666666666,1333333.3333333333,Medium,1
"Section 12, Mirpur",700,2,2,2500000,23.8253064,90.37248149999999,mirpur,Medium,1,0.042739588009363054,3571.4285714285716,0.6666666666666666,833333.3333333334,Small,1
"Section 10, Mirpur",1365,3,3,7507500,23.8119234,90.3713045,mirpur,Medium,1,0.04122747442919648,5500.0,0.75,1876875.0,Medium,1
"Section 12, Mirpur",727,2,2,2908000,23.8253064,90.37248149999999,mirpur,Medium,1,0.042739588009363054,4000.0,0.6666666666666666,969333.3333333334,Small,1
"Section 12, Mirpur",650,2,2,2300000,23.8253064,90.37248149999999,mirpur,Medium,1,0.042739588009363054,3538.4615384615386,0.6666666666666666,766666.6666666666,Small,1
"Rasdia Mouza, Uttara",3900,4,4,52000000,23.8899605,90.3883735,uttara,High,2,0.0832339069280038,13333.333333333334,0.8,10400000.0,Large,3
"Section 6, Mirpur",800,2,2,3700000,23.8119402,90.3642437,mirpur,Medium,1,0.04828416661524933,4625.0,0.6666666666666666,1233333.3333333333,Medium,1
"Rupnagar R/A, Mirpur",1000,2,2,5100000,23.8085164,90.3558058,mirpur,Medium,1,0.05672224909680062,5100.0,0.6666666666666666,1700000.0,Medium,1
"Section 2, Mirpur",1584,4,4,12000000,23.8060072,90.3571841,mirpur,Medium,1,0.055482221698933715,7575.757575757576,0.8,2400000.0,Large,1
"Block I, Bashundhara R-A",1400,3,3,10500000,23.8206687,90.43962479999999,bashundhara r-a,Medium,1,0.02903902055389801,7500.0,0.75,2625000.0,Medium,1
"Section 11, Mirpur",780,2,2,3120000,23.8178783,90.3689508,mirpur,Medium,1,0.04420365880252531,4000.0,0.6666666666666666,1040000.0,Small,1
"Section 10, Mirpur",650,2,2,3000000,23.8119234,90.3713045,mirpur,Medium,1,0.04122747442919648,4615.384615384615,0.6666666666666666,1000000.0,Small,1
"Rasdia Mouza, Uttara",1500,3,3,8800000,23.8899605,90.3883735,uttara,High,2,0.0832339069280038,5866.666666666667,0.75,2200000.0,Medium,1
"Rasdia Mouza, Uttara",1050,2,2,5500000,23.8899605,90.3883735,uttara,High,2,0.0832339069280038,5238.0952380952385,0.6666666666666666,1833333.3333333333,Medium,1
"Rasdia Mouza, Uttara",1000,2,2,4000000,23.8899605,90.3883735,uttara,High,2,0.0832339069280038,4000.0,0.6666666666666666,1333333.3333333333,Medium,1
"Pallabi, Mirpur",1100,2,2,5500000,23.8223486,90.36542039999999,mirpur,Medium,1,0.048596887741092366,5000.0,0.6666666666666666,1833333.3333333333,Medium,1
"Section 12, Mirpur",1250,3,3,9000000,23.8253064,90.37248149999999,mirpur,Medium,1,0.042739588009363054,7200.0,0.75,2250000.0,Medium,1
"Sector 11, Uttara",1000,2,2,6000000,23.8773155,90.39013969999999,uttara,High,2,0.07064743630408771,6000.0,0.6666666666666666,2000000.0,Medium,1
"Block F, Aftab Nagar",1550,3,3,9500000,23.7641281,90.44669909999999,aftab nagar,Low,0,0.057458008931912594,6129.032258064516,0.75,2375000.0,Large,1
"West Agargaon, Agargaon",815,2,2,4200000,23.7807183,90.3693678,agargaon,Low,0,0.05230166012402525,5153.374233128834,0.6666666666666666,1400000.0,Medium,1
"Section 11, Mirpur",909,2,2,4500000,23.8178783,90.3689508,mirpur,Medium,1,0.04420365880252531,4950.495049504951,0.6666666666666666,1500000.0,Medium,1
"West Shewrapara, Mirpur",1000,2,2,4500000,23.7881199,90.3736584,mirpur,Medium,1,0.044728366017213576,4500.0,0.6666666666666666,1500000.0,Medium,1
"Section 11, Mirpur",1703,3,3,8855600,23.8178783,90.3689508,mirpur,Medium,1,0.04420365880252531,5200.0,0.75,2213900.0,Large,1
"Section 10, Mirpur",1365,3,3,7507500,23.8119234,90.3713045,mirpur,Medium,1,0.04122747442919648,5500.0,0.75,1876875.0,Medium,1
"Rasdia Mouza, Uttara",4509,5,5,45000000,23.8899605,90.3883735,uttara,High,2,0.0832339069280038,9980.039920159681,0.8333333333333334,7500000.0,Large,3
"Sector 4, Uttara",1360,3,3,13000000,23.8624077,90.4042719,uttara,High,2,0.0527533319222552,9558.823529411764,0.75,3250000.0,Medium,0
"24 No. North Agrabad Ward, Double Mooring",1337,3,3,7754600,22.3327212,91.80502179999999,double mooring,Low,0,2.030358607163935,5800.0,0.75,1938650.0,Medium,1
"West Shewrapara, Mirpur",600,1,1,2000000,23.7881199,90.3736584,mirpur,Medium,1,0.044728366017213576,3333.3333333333335,0.5,1000000.0,Small,1
"West Shewrapara, Mirpur",600,1,1,2000000,23.7881199,90.3736584,mirpur,Medium,1,0.044728366017213576,3333.3333333333335,0.5,1000000.0,Small,1
"Rasdia Mouza, Uttara",1513,3,3,13500000,23.8899605,90.3883735,uttara,High,2,0.0832339069280038,8922.670191672174,0.75,3375000.0,Large,0
"Yakub Future Park Housing, Khulshi",1646,4,4,11028200,22.3664907,91.80592159999999,khulshi,Low,0,2.006541564511696,6700.0,0.8,2205640.0,Large,1
"Rasdia Mouza, Uttara",1150,3,3,6000000,23.8899605,90.3883735,uttara,High,2,0.0832339069280038,5217.391304347826,0.75,1500000.0,Medium,1
"Rasdia Mouza, Uttara",900,2,2,2997000,23.8899605,90.3883735,uttara,High,2,0.0832339069280038,3330.0,0.6666666666666666,999000.0,Medium,1
"Block I, Bashundhara R-A",1500,3,3,12000000,23.8206687,90.43962479999999,bashundhara r-a,Medium,1,0.02903902055389801,8000.0,0.75,3000000.0,Medium,1
"Section 12, Mirpur",1425,3,3,11500000,23.8253064,90.37248149999999,mirpur,Medium,1,0.042739588009363054,8070.175438596491,0.75,2875000.0,Medium,1
"Section 10, Mirpur",650,2,2,3000000,23.8119234,90.3713045,mirpur,Medium,1,0.04122747442919648,4615.384615384615,0.6666666666666666,1000000.0,Small,1
"24 No. North Agrabad Ward, Double Mooring",1337,3,3,7754600,22.3327212,91.80502179999999,double mooring,Low,0,2.030358607163935,5800.0,0.75,1938650.0,Medium,1
"Section 10, Mirpur",1637,4,4,12000000,23.8119234,90.3713045,mirpur,Medium,1,0.04122747442919648,7330.482590103848,0.8,2400000.0,Large,1
"Dakshin Kattali, 11 No. South Kattali Ward",1190,3,3,8000000,22.3509714,91.7709217,11 no. south kattali ward,Low,0,1.9937275334932003,6722.689075630252,0.75,2000000.0,Medium,1
"24 No. North Agrabad Ward, Double Mooring",1360,3,3,7888000,22.3327212,91.80502179999999,double mooring,Low,0,2.030358607163935,5800.0,0.75,1972000.0,Medium,1
"Sector 11, Uttara",2000,4,4,20000000,23.8773155,90.39013969999999,uttara,High,2,0.07064743630408771,10000.0,0.8,4000000.0,Large,0
"Section 6, Mirpur",2400,4,4,18000000,23.8119402,90.3642437,mirpur,Medium,1,0.04828416661524933,7500.0,0.8,3600000.0,Large,0
"Shiddheswari Lane, Shiddheswari",1050,3,3,10000000,23.7437927,90.4112242,shiddheswari,Low,0,0.06651953561871995,9523.809523809523,0.75,2500000.0,Medium,1
"Section 2, Mirpur",1578,4,4,12000000,23.8060072,90.3571841,mirpur,Medium,1,0.055482221698933715,7604.5627376425855,0.8,2400000.0,Large,1
"Section 6, Mirpur",1460,4,4,11000000,23.8119402,90.3642437,mirpur,Medium,1,0.04828416661524933,7534.246575342466,0.8,2200000.0,Medium,1
"Sector 10, Uttara",1500,3,3,9000000,23.884012,90.3883735,uttara,High,2,0.07755995710577243,6000.0,0.75,2250000.0,Medium,1
"Rasdia Mouza, Uttara",1265,2,2,7500000,23.8899605,90.3883735,uttara,High,2,0.0832339069280038,5928.853754940711,0.6666666666666666,2500000.0,Medium,1
"Rasdia Mouza, Uttara",6509,5,5,65000000,23.8899605,90.3883735,uttara,High,2,0.0832339069280038,9986.172991242895,0.8333333333333334,10833333.333333334,Large,3
"24 No. North Agrabad Ward, Double Mooring",1459,3,3,8462200,22.3327212,91.80502179999999,double mooring,Low,0,2.030358607163935,5800.0,0.75,2115550.0,Medium,1
"Rasdia Mouza, Uttara",1100,3,3,9000000,23.8899605,90.3883735,uttara,High,2,0.0832339069280038,8181.818181818182,0.75,2250000.0,Medium,1
"Rasdia Mouza, Uttara",1175,3,3,9987500,23.8899605,90.3883735,uttara,High,2,0.0832339069280038,8500.0,0.75,2496875.0,Medium,1
"Section 1, Mirpur",1300,2,2,7000000,23.8015639,90.3489496,mirpur,Medium,1,0.06414805362105391,5384.615384615385,0.6666666666666666,2333333.3333333335,Medium,1
"Pirerbag, Mirpur",1400,3,3,8400000,23.7911115,90.3665972,mirpur,Medium,1,0.049752040964059545,6000.0,0.75,2100000.0,Medium,1
"Ahmed Nagar, Mirpur",1150,3,3,5500000,23.793741,90.35503039999999,mirpur,Medium,1,0.05980765339954874,4782.608695652174,0.75,1375000.0,Medium,1
"Doniya, Shyampur",980,2,2,6700000,23.7016579,90.4443409,shyampur,Low,0,0.11321196405513229,6836.734693877551,0.6666666666666666,2233333.3333333335,Medium,1
"West Monipur, Mirpur",1685,3,3,8088000,23.7957442,90.3635789,mirpur,Medium,1,0.0510406243971419,4800.0,0.75,2022000.0,Large,1
"South Badda, Badda",1000,2,2,7000000,23.7753515,90.42253360000001,badda,Low,0,0.036360291269604,7000.0,0.6666666666666666,2333333.3333333335,Medium,1
"Hill View R/A, Bayazid",1440,3,3,6000000,23.642191779381445,90.3844964658419,bayazid,Low,0,0.17042468062132454,4166.666666666667,0.75,1500000.0,Medium,1
"West Monipur, Mirpur",1685,3,3,8088000,23.7957442,90.3635789,mirpur,Medium,1,0.0510406243971419,4800.0,0.75,2022000.0,Large,1
"Hill View R/A, Bayazid",1440,3,3,6192000,23.642191779381445,90.3844964658419,bayazid,Low,0,0.17042468062132454,4300.0,0.75,1548000.0,Medium,1
"Block F, Bashundhara R-A",1500,3,3,12500000,23.820682,90.43490919999999,bashundhara r-a,Medium,1,0.024697331204806904,8333.333333333334,0.75,3125000.0,Medium,1
"Block K, Bashundhara R-A",1537,3,3,14500000,23.8228845,90.44493039999999,bashundhara r-a,Medium,1,0.03478649859370281,9433.962264150943,0.75,3625000.0,Large,0
"Hill View R/A, Bayazid",1440,3,3,6192000,23.642191779381445,90.3844964658419,bayazid,Low,0,0.17042468062132454,4300.0,0.75,1548000.0,Medium,1
"Hill View R/A, Bayazid",1440,3,3,6000000,23.642191779381445,90.3844964658419,bayazid,Low,0,0.17042468062132454,4166.666666666667,0.75,1500000.0,Medium,1
"Block C, Aftab Nagar",1240,3,3,9000000,23.7610623,90.43023939999999,aftab nagar,Low,0,0.05233581387205256,7258.064516129032,0.75,2250000.0,Medium,1
"Nobodoy Housing Society, Mohammadpur",800,2,2,3200000,23.7640006,90.35159619999999,mohammadpur,Medium,1,0.07650429592382957,4000.0,0.6666666666666666,1066666.6666666667,Medium,1
"Middle Badda, Badda",1095,2,2,7000000,23.7798106,90.42371209999999,badda,Low,0,0.0324856075635027,6392.6940639269405,0.6666666666666666,2333333.3333333335,Medium,1
"Block J, Bashundhara R-A",2036,4,4,17000000,23.8228913,90.4425723,bashundhara r-a,Medium,1,0.03260190275091242,8349.705304518664,0.8,3400000.0,Large,0
"Block K, Bashundhara R-A",2000,3,3,17000000,23.8228845,90.44493039999999,bashundhara r-a,Medium,1,0.03478649859370281,8500.0,0.75,4250000.0,Large,0
"Love Lane, 22 No. Enayet Bazaar Ward",1880,4,4,14000000,22.3421117,91.8289263,22 no. enayet bazaar ward,Low,0,2.0400589078721763,7446.808510638298,0.8,2800000.0,Large,0
"West Khulshi R/A, 9 No. North Pahartali Ward",1545,3,3,7725000,22.3662719,91.80197609999999,9 no. north pahartali ward,Low,0,2.0039613234942464,5000.0,0.75,1931250.0,Large,1
"West Khulshi R/A, 9 No. North Pahartali Ward",1739,3,3,8695000,22.3662719,91.80197609999999,9 no. north pahartali ward,Low,0,2.0039613234942464,5000.0,0.75,2173750.0,Large,1
"West Khulshi R/A, 9 No. North Pahartali Ward",1175,3,3,5875000,22.3662719,91.80197609999999,9 no. north pahartali ward,Low,0,2.0039613234942464,5000.0,0.75,1468750.0,Medium,1
"Sector 10, Uttara",1431,3,3,9000000,23.884012,90.3883735,uttara,High,2,0.07755995710577243,6289.308176100629,0.75,2250000.0,Medium,1
"Mirpur DOHS, Mirpur",2200,4,4,19800000,23.836468,90.36953919999999,mirpur,Medium,1,0.05030302735064935,9000.0,0.8,3960000.0,Large,0
"West Khulshi R/A, 9 No. North Pahartali Ward",1336,3,3,6680000,22.3662719,91.80197609999999,9 no. north pahartali ward,Low,0,2.0039613234942464,5000.0,0.75,1670000.0,Medium,1
"West Monipur, Mirpur",1685,3,3,8088000,23.7957442,90.3635789,mirpur,Medium,1,0.0510406243971419,4800.0,0.75,2022000.0,Large,1
"Rasdia Mouza, Uttara",1585,3,3,13000000,23.8899605,90.3883735,uttara,High,2,0.0832339069280038,8201.892744479495,0.75,3250000.0,Large,0
"Rasdia Mouza, Uttara",2120,3,3,33000000,23.8899605,90.3883735,uttara,High,2,0.0832339069280038,15566.037735849057,0.75,8250000.0,Large,0
"West Khulshi R/A, 9 No. North Pahartali Ward",1699,3,3,8495000,22.3662719,91.80197609999999,9 no. north pahartali ward,Low,0,2.0039613234942464,5000.0,0.75,2123750.0,Large,1
"Rupnagar R/A, Mirpur",860,2,2,4500000,23.8085164,90.3558058,mirpur,Medium,1,0.05672224909680062,5232.558139534884,0.6666666666666666,1500000.0,Medium,1
"25 No. Rampur Ward, Double Mooring",1588,3,3,9800000,22.3402906,91.7940582,double mooring,Low,0,2.0173325695272974,6171.284634760706,0.75,2450000.0,Large,1
"Middle Monipur, Mirpur",1100,2,2,4950000,23.7970198,90.3667921,mirpur,Medium,1,0.047598065448605065,4500.0,0.6666666666666666,1650000.0,Medium,1
"Pirerbag, Mirpur",955,2,2,5000000,23.7911115,90.3665972,mirpur,Medium,1,0.049752040964059545,5235.602094240838,0.6666666666666666,1666666.6666666667,Medium,1
"Section 11, Mirpur",1300,3,3,5460000,23.8178783,90.3689508,mirpur,Medium,1,0.04420365880252531,4200.0,0.75,1365000.0,Medium,1
"Kutum Goli, Agargaon",1220,3,3,6800000,23.7834257,90.3733666,agargaon,Low,0,0.04747263418065125,5573.770491803279,0.75,1700000.0,Medium,1
"South Khulshi, Khulshi",1740,3,3,11500000,22.3587138,91.8108977,khulshi,Low,0,2.015593863702642,6609.19540229885,0.75,2875000.0,Large,1
"Kallyanpur, Mirpur",1350,3,3,7425000,23.7822036,90.35953719999999,mirpur,Medium,1,0.059953864569354254,5500.0,0.75,1856250.0,Medium,1
"Jigatola, Hazaribag",1285,3,3,7788000,23.7412661,90.37306989999999,hazaribag,Low,0,0.07950101971182788,6060.700389105058,0.75,1947000.0,Medium,1
"Mohakhali Bazar Road, Mohakhali",900,3,3,4050000,23.7789958,90.3992905,mohakhali,Low,0,0.033977107409103306,4500.0,0.75,1012500.0,Medium,1
"Section 11, Mirpur",1300,3,3,5850000,23.8178783,90.3689508,mirpur,Medium,1,0.04420365880252531,4500.0,0.75,1462500.0,Medium,1
"Colonel Hat, 10 No. North Kattali Ward",1397,3,3,5838000,22.3687195,91.77720409999999,10 no. north kattali ward,Low,0,1.9850873075351256,4178.9549033643525,0.75,1459500.0,Medium,1
"Hill View R/A, Bayazid",1440,3,3,6192000,23.642191779381445,90.3844964658419,bayazid,Low,0,0.17042468062132454,4300.0,0.75,1548000.0,Medium,1
"West Shewrapara, Mirpur",1450,3,3,8675000,23.7881199,90.3736584,mirpur,Medium,1,0.044728366017213576,5982.758620689655,0.75,2168750.0,Medium,1
"Rasdia Mouza, Uttara",2140,4,4,16000000,23.8899605,90.3883735,uttara,High,2,0.0832339069280038,7476.6355140186915,0.8,3200000.0,Large,0
"West Shewrapara, Mirpur",1180,3,3,6500000,23.7881199,90.3736584,mirpur,Medium,1,0.044728366017213576,5508.474576271186,0.75,1625000.0,Medium,1
"Rasdia Mouza, Uttara",780,2,2,2730000,23.8899605,90.3883735,uttara,High,2,0.0832339069280038,3500.0,0.6666666666666666,910000.0,Small,1
"West Shewrapara, Mirpur",1400,3,3,8400000,23.7881199,90.3736584,mirpur,Medium,1,0.044728366017213576,6000.0,0.75,2100000.0,Medium,1
"Ashi Dag Road, Ibrahimpur",1125,2,2,6187500,23.7965675,90.3800384,ibrahimpur,Low,0,0.03524680171036065,5500.0,0.6666666666666666,2062500.0,Medium,1
"Kutum Goli, Agargaon",1205,3,3,6600000,23.7834257,90.3733666,agargaon,Low,0,0.04747263418065125,5477.178423236514,0.75,1650000.0,Medium,1
"Block J, Bashundhara R-A",2100,3,3,15750000,23.8228913,90.4425723,bashundhara r-a,Medium,1,0.03260190275091242,7500.0,0.75,3937500.0,Large,0
"Dakshin Kattali, 11 No. South Kattali Ward",825,3,3,3700000,22.3509714,91.7709217,11 no. south kattali ward,Low,0,1.9937275334932003,4484.848484848485,0.75,925000.0,Medium,1
"Gulshan 1, Gulshan",2350,3,3,50000000,23.7820624,90.4160527,gulshan,High,2,0.028460213123763452,21276.59574468085,0.75,12500000.0,Large,3
"Monipuripara, Tejgaon",1800,4,4,19000000,23.7620595,90.3860187,tejgaon,Low,0,0.055030946656769636,10555.555555555555,0.8,3800000.0,Large,0
"West Shewrapara, Mirpur",1412,3,3,7000000,23.7881199,90.3736584,mirpur,Medium,1,0.044728366017213576,4957.507082152974,0.75,1750000.0,Medium,1
"West Shewrapara, Mirpur",1400,3,3,8400000,23.7881199,90.3736584,mirpur,Medium,1,0.044728366017213576,6000.0,0.75,2100000.0,Medium,1
"Meradia, Khilgaon",1050,2,2,5500000,23.7573453,90.4321434,khilgaon,Low,0,0.056480646381307904,5238.0952380952385,0.6666666666666666,1833333.3333333333,Medium,1
"Block J, Bashundhara R-A",2100,3,3,15750000,23.8228913,90.4425723,bashundhara r-a,Medium,1,0.03260190275091242,7500.0,0.75,3937500.0,Large,0
"Kobi Kazi Nazrul Islam Road, 33 No. Firingee Bazaar Ward",1007,2,2,5034000,22.3282642,91.8348368,33 no. firingee bazaar ward,Low,0,2.0541353619262575,4999.006951340616,0.6666666666666666,1678000.0,Medium,1
"West Shewrapara, Mirpur",1350,3,3,8125000,23.7881199,90.3736584,mirpur,Medium,1,0.044728366017213576,6018.518518518518,0.75,2031250.0,Medium,1
"PC Culture Housing, Mohammadpur",930,2,2,4500000,23.7680904,90.3518903,mohammadpur,Medium,1,0.07385923142201206,4838.709677419355,0.6666666666666666,1500000.0,Medium,1
"Block E, Aftab Nagar",1300,3,3,8300000,23.7641281,90.44669909999999,aftab nagar,Low,0,0.057458008931912594,6384.615384615385,0.75,2075000.0,Medium,1
"Shiddheswari Lane, Shiddheswari",1250,3,3,8750000,23.7437927,90.4112242,shiddheswari,Low,0,0.06651953561871995,7000.0,0.75,2187500.0,Medium,1
"Uttar Badda, Badda",1050,2,2,7140000,23.7820433,90.4231228,badda,Low,0,0.030187496993459986,6800.0,0.6666666666666666,2380000.0,Medium,1
"Rasdia Mouza, Uttara",1450,3,3,13050000,23.8899605,90.3883735,uttara,High,2,0.0832339069280038,9000.0,0.75,3262500.0,Medium,0
"Ali And Nur Real Estate, Mohammadpur",1090,3,3,6540000,23.7661639,90.3588734,mohammadpur,Medium,1,0.06945363597948191,6000.0,0.75,1635000.0,Medium,1
"Bochila, Mohammadpur",1650,3,3,7500000,23.7465311,90.34777330000001,mohammadpur,Medium,1,0.09086263423485917,4545.454545454545,0.75,1875000.0,Large,1
"Block E, Aftab Nagar",1350,3,3,7900000,23.7641281,90.44669909999999,aftab nagar,Low,0,0.057458008931912594,5851.851851851852,0.75,1975000.0,Medium,1
"West Shewrapara, Mirpur",1400,3,3,8400000,23.7881199,90.3736584,mirpur,Medium,1,0.044728366017213576,6000.0,0.75,2100000.0,Medium,1
"Faydabad, Dakshin Khan",1150,2,2,4870000,23.8772544,90.41369619999999,dakshin khan,Low,0,0.06696508473674931,4234.782608695652,0.6666666666666666,1623333.3333333333,Medium,1
"West Shewrapara, Mirpur",1400,3,3,6300000,23.7881199,90.3736584,mirpur,Medium,1,0.044728366017213576,4500.0,0.75,1575000.0,Medium,1
"Block E, Aftab Nagar",1300,3,3,8300000,23.7641281,90.44669909999999,aftab nagar,Low,0,0.057458008931912594,6384.615384615385,0.75,2075000.0,Medium,1
"Lake Valley R/A, 9 No. North Pahartali Ward",1400,3,3,7000000,22.3730145,91.7844836,9 no. north pahartali ward,Low,0,1.986989835701037,5000.0,0.75,1750000.0,Medium,1
"Rasdia Mouza, Uttara",938,2,2,4000000,23.8899605,90.3883735,uttara,High,2,0.0832339069280038,4264.392324093817,0.6666666666666666,1333333.3333333333,Medium,1
"West Shewrapara, Mirpur",1400,3,3,6300000,23.7881199,90.3736584,mirpur,Medium,1,0.044728366017213576,4500.0,0.75,1575000.0,Medium,1
"South Monipur, Mirpur",1000,2,2,4500000,23.7948286,90.3671856,mirpur,Medium,1,0.04788276376024726,4500.0,0.6666666666666666,1500000.0,Medium,1
"Section 10, Mirpur",650,2,2,4225000,23.8119234,90.3713045,mirpur,Medium,1,0.04122747442919648,6500.0,0.6666666666666666,1408333.3333333333,Small,1
"Uttar Badda, Badda",1000,2,2,6800000,23.7820433,90.4231228,badda,Low,0,0.030187496993459986,6800.0,0.6666666666666666,2266666.6666666665,Medium,1
"Block I, Bashundhara R-A",1100,2,2,9000000,23.8206687,90.43962479999999,bashundhara r-a,Medium,1,0.02903902055389801,8181.818181818182,0.6666666666666666,3000000.0,Medium,1
"West Shewrapara, Mirpur",1350,3,3,8125000,23.7881199,90.3736584,mirpur,Medium,1,0.044728366017213576,6018.518518518518,0.75,2031250.0,Medium,1
"Section 10, Mirpur",1518,3,3,10000000,23.8119234,90.3713045,mirpur,Medium,1,0.04122747442919648,6587.615283267457,0.75,2500000.0,Large,1
"Faydabad, Dakshin Khan",1125,2,2,4775000,23.8772544,90.41369619999999,dakshin khan,Low,0,0.06696508473674931,4244.444444444444,0.6666666666666666,1591666.6666666667,Medium,1
"Pirerbag, Mirpur",1050,3,3,4500000,23.7911115,90.3665972,mirpur,Medium,1,0.049752040964059545,4285.714285714285,0.75,1125000.0,Medium,1
"2nd Colony, Mirpur",1463,3,3,5852000,23.7918946,90.3495377,mirpur,Medium,1,0.06559733203758741,4000.0,0.75,1463000.0,Medium,1
"Lichu Bagan Road, Joar Sahara",1200,2,2,6500000,23.8127792,90.41633,joar sahara,Low,0,0.00456238234259893,5416.666666666667,0.6666666666666666,2166666.6666666665,Medium,1
"South Monipur, Mirpur",1000,2,2,4500000,23.7948286,90.3671856,mirpur,Medium,1,0.04788276376024726,4500.0,0.6666666666666666,1500000.0,Medium,1
"Block I, Bashundhara R-A",2230,4,4,16000000,23.8206687,90.43962479999999,bashundhara r-a,Medium,1,0.02903902055389801,7174.8878923766815,0.8,3200000.0,Large,0
"Faydabad, Dakshin Khan",1125,2,2,4775000,23.8772544,90.41369619999999,dakshin khan,Low,0,0.06696508473674931,4244.444444444444,0.6666666666666666,1591666.6666666667,Medium,1
"Faydabad, Dakshin Khan",600,2,2,2600000,23.8772544,90.41369619999999,dakshin khan,Low,0,0.06696508473674931,4333.333333333333,0.6666666666666666,866666.6666666666,Small,1
"East Monipur, Mirpur",1337,3,3,8100000,23.8009532,90.3717459,mirpur,Medium,1,0.04181219124908583,6058.339566192969,0.75,2025000.0,Medium,1
"Rasdia Mouza, Uttara",1335,3,3,10000000,23.8899605,90.3883735,uttara,High,2,0.0832339069280038,7490.63670411985,0.75,2500000.0,Medium,1
"Uttar Badda, Badda",1200,2,2,6050000,23.7820433,90.4231228,badda,Low,0,0.030187496993459986,5041.666666666667,0.6666666666666666,2016666.6666666667,Medium,1
"Section 2, Mirpur",1180,3,3,6490000,23.8060072,90.3571841,mirpur,Medium,1,0.055482221698933715,5500.0,0.75,1622500.0,Medium,1
"Section 1, Mirpur",2000,3,3,11500000,23.8015639,90.3489496,mirpur,Medium,1,0.06414805362105391,5750.0,0.75,2875000.0,Large,1
"West Shewrapara, Mirpur",1451,4,4,7500000,23.7881199,90.3736584,mirpur,Medium,1,0.044728366017213576,5168.849069607168,0.8,1500000.0,Medium,1
"Rasdia Mouza, Uttara",3700,5,5,44000000,23.8899605,90.3883735,uttara,High,2,0.0832339069280038,11891.891891891892,0.8333333333333334,7333333.333333333,Large,3
"Section 1, Mirpur",1320,4,4,6000000,23.8015639,90.3489496,mirpur,Medium,1,0.06414805362105391,4545.454545454545,0.8,1200000.0,Medium,1
"Merul Badda, Badda",1396,3,3,9674000,23.7723767,90.42253360000001,badda,Low,0,0.03922817624935542,6929.799426934097,0.75,2418500.0,Medium,1
"Sector 15, Uttara",1600,3,3,12000000,23.8610002,90.37248149999999,uttara,High,2,0.0645909484547948,7500.0,0.75,3000000.0,Large,1
"Rasdia Mouza, Uttara",940,2,2,4800000,23.8899605,90.3883735,uttara,High,2,0.0832339069280038,5106.382978723404,0.6666666666666666,1600000.0,Medium,1
"South Monipur, Mirpur",1400,3,3,6300000,23.7948286,90.3671856,mirpur,Medium,1,0.04788276376024726,4500.0,0.75,1575000.0,Medium,1
"South Mollartek, Dakshin Khan",1329,3,3,6645000,23.8571886,90.40957279999999,dakshin khan,Low,0,0.04697988196877386,5000.0,0.75,1661250.0,Medium,1
"Ahmed Nagar, Mirpur",1400,3,3,7000000,23.793741,90.35503039999999,mirpur,Medium,1,0.05980765339954874,5000.0,0.75,1750000.0,Medium,1
"East Shewrapara, Mirpur",950,2,2,4000000,23.7933187,90.376601,mirpur,Medium,1,0.03971275299812494,4210.526315789473,0.6666666666666666,1333333.3333333333,Medium,1
"Rasdia Mouza, Uttara",1625,3,3,11000000,23.8899605,90.3883735,uttara,High,2,0.0832339069280038,6769.2307692307695,0.75,2750000.0,Large,1
"Ashulia, Savar",1470,3,3,7800000,23.9003712,90.3272255,savar,Low,0,0.12403451704944458,5306.122448979592,0.75,1950000.0,Medium,1
"Pallabi, Mirpur",1465,3,3,8600000,23.8223486,90.36542039999999,mirpur,Medium,1,0.048596887741092366,5870.3071672354945,0.75,2150000.0,Medium,1
"Rasdia Mouza, Uttara",1155,3,3,7430000,23.8899605,90.3883735,uttara,High,2,0.0832339069280038,6432.900432900433,0.75,1857500.0,Medium,1
"Section 12, Mirpur",650,2,2,2700000,23.8253064,90.37248149999999,mirpur,Medium,1,0.042739588009363054,4153.846153846154,0.6666666666666666,900000.0,Small,1
"Section 12, Mirpur",1100,3,3,6200000,23.8253064,90.37248149999999,mirpur,Medium,1,0.042739588009363054,5636.363636363636,0.75,1550000.0,Medium,1
"Kobi Kazi Nazrul Islam Road, 33 No. Firingee Bazaar Ward",1608,3,3,8040000,22.3282642,91.8348368,33 no. firingee bazaar ward,Low,0,2.0541353619262575,5000.0,0.75,2010000.0,Large,1
"Block C, Bashundhara R-A",2950,5,5,32000000,23.8184723,90.4272477,bashundhara r-a,Medium,1,0.01686063885444435,10847.457627118643,0.8333333333333334,5333333.333333333,Large,0
"Polytechnic, Bayazid",1555,3,3,6000000,22.3891916,91.8172069,bayazid,Low,0,1.998186817957269,3858.520900321543,0.75,1500000.0,Large,1
"Jagannathpur, Badda",1422,3,3,9811800,23.642191779381445,90.3844964658419,badda,Low,0,0.17042468062132454,6900.0,0.75,2452950.0,Medium,1
"Faydabad, Dakshin Khan",600,2,2,2880000,23.8772544,90.41369619999999,dakshin khan,Low,0,0.06696508473674931,4800.0,0.6666666666666666,960000.0,Small,1
"Block L, Bashundhara R-A",1550,3,3,12000000,23.8206417,90.4490575,bashundhara r-a,Medium,1,0.037992125041118804,7741.935483870968,0.75,3000000.0,Large,1
"South Monipur, Mirpur",1400,3,3,6300000,23.7948286,90.3671856,mirpur,Medium,1,0.04788276376024726,4500.0,0.75,1575000.0,Medium,1
"Nobodoy Housing Society, Mohammadpur",900,2,2,6500000,23.7640006,90.35159619999999,mohammadpur,Medium,1,0.07650429592382957,7222.222222222223,0.6666666666666666,2166666.6666666665,Medium,1
"Sector 6, Uttara",1554,3,3,13500000,23.8713307,90.4042719,uttara,High,2,0.06158285453029869,8687.258687258687,0.75,3375000.0,Large,0
"Shahjadpur, Badda",1375,3,3,14550000,23.7917066,90.4248906,badda,Low,0,0.02234371258139737,10581.818181818182,0.75,3637500.0,Medium,0
"Section 10, Mirpur",1365,3,3,7507500,23.8119234,90.3713045,mirpur,Medium,1,0.04122747442919648,5500.0,0.75,1876875.0,Medium,1
"Majhirghat Road, 30 No. East Madarbari Ward",1400,3,3,7280000,22.3280357,91.8238361,30 no. east madarbari ward,Low,0,2.046699060003131,5200.0,0.75,1820000.0,Medium,1
"Rasdia Mouza, Uttara",1530,3,3,15500000,23.8899605,90.3883735,uttara,High,2,0.0832339069280038,10130.718954248367,0.75,3875000.0,Large,0
"Ranavola, Turag",1215,3,3,7500000,23.8832758,90.38543,turag,Low,0,0.07783477555462896,6172.83950617284,0.75,1875000.0,Medium,1
"Middle Badda, Badda",1600,3,3,12000000,23.7798106,90.42371209999999,badda,Low,0,0.0324856075635027,7500.0,0.75,3000000.0,Large,1
"Block H, Aftab Nagar",1256,2,2,6500000,24.9380265,67.0479484,aftab nagar,Low,0,23.39175150620117,5175.15923566879,0.6666666666666666,2166666.6666666665,Medium,1
"C & B Colony, East Nasirabad",2071,3,3,14459000,22.3692903,91.82060159999999,east nasirabad,Low,0,2.014760301231053,6981.651376146789,0.75,3614750.0,Large,0
"Kobi Kazi Nazrul Islam Road, 33 No. Firingee Bazaar Ward",1050,3,3,5250000,22.3282642,91.8348368,33 no. firingee bazaar ward,Low,0,2.0541353619262575,5000.0,0.75,1312500.0,Medium,1
"Block H, Banasree",1609,3,3,12800000,23.7619353,90.43314099999999,banasree,Low,0,0.05258512229794613,7955.25170913611,0.75,3200000.0,Large,0
"East Monipur, Mirpur",1050,3,3,3750000,23.8009532,90.3717459,mirpur,Medium,1,0.04181219124908583,3571.4285714285716,0.75,937500.0,Medium,1
"Section 10, Mirpur",1365,3,3,7507500,23.8119234,90.3713045,mirpur,Medium,1,0.04122747442919648,5500.0,0.75,1876875.0,Medium,1
"Majhirghat Road, 30 No. East Madarbari Ward",1270,3,3,6604000,22.3280357,91.8238361,30 no. east madarbari ward,Low,0,2.046699060003131,5200.0,0.75,1651000.0,Medium,1
"Shahjadpur, Badda",1475,3,3,15550000,23.7917066,90.4248906,badda,Low,0,0.02234371258139737,10542.372881355932,0.75,3887500.0,Medium,0
"Section 12, Mirpur",650,2,2,4600000,23.8253064,90.37248149999999,mirpur,Medium,1,0.042739588009363054,7076.923076923077,0.6666666666666666,1533333.3333333333,Small,1
"Block H, Bashundhara R-A",1550,3,3,11500000,23.8258759,90.4390353,bashundhara r-a,Medium,1,0.03076899099581054,7419.354838709677,0.75,2875000.0,Large,1
"Paikpara, Mirpur",1050,2,2,4410000,23.7881532,90.35953719999999,mirpur,Medium,1,0.05740678473909157,4200.0,0.6666666666666666,1470000.0,Medium,1
"Pallabi, Mirpur",850,2,2,3300000,23.8223486,90.36542039999999,mirpur,Medium,1,0.048596887741092366,3882.3529411764707,0.6666666666666666,1100000.0,Medium,1
"Uttar Badda, Badda",1200,3,3,6050000,23.7820433,90.4231228,badda,Low,0,0.030187496993459986,5041.666666666667,0.75,1512500.0,Medium,1
"Section 12, Mirpur",850,2,2,3825000,23.8253064,90.37248149999999,mirpur,Medium,1,0.042739588009363054,4500.0,0.6666666666666666,1275000.0,Medium,1
"West Kazipara, Mirpur",810,2,2,3402000,23.797795,90.3707161,mirpur,Medium,1,0.0436150126012811,4200.0,0.6666666666666666,1134000.0,Medium,1
"Sector 4, Uttara",1637,4,4,13400000,23.8624077,90.4042719,uttara,High,2,0.0527533319222552,8185.7055589492975,0.8,2680000.0,Large,0
"Block I, Bashundhara R-A",4200,4,4,50400000,23.8206687,90.43962479999999,bashundhara r-a,Medium,1,0.02903902055389801,12000.0,0.8,10080000.0,Large,3
"Section 12, Mirpur",905,2,2,4072500,23.8253064,90.37248149999999,mirpur,Medium,1,0.042739588009363054,4500.0,0.6666666666666666,1357500.0,Medium,1
"1st Colony, Mirpur",1096,3,3,6600000,23.7848367,90.3463031,mirpur,Medium,1,0.07092537780300741,6021.8978102189785,0.75,1650000.0,Medium,1
"Block A, Bashundhara R-A",2415,4,4,25500000,23.8136688,90.42957170000001,bashundhara r-a,Medium,1,0.017400912456838256,10559.006211180124,0.8,5100000.0,Large,0
"Yakub Future Park Housing, Khulshi",1650,3,3,9675000,22.3664907,91.80592159999999,khulshi,Low,0,2.006541564511696,5863.636363636364,0.75,2418750.0,Large,1
"Shiddeswari Road, Shiddheswari",1955,4,4,25237500,23.7456097,90.4099495,shiddheswari,Low,0,0.06474055888189637,12909.20716112532,0.8,5047500.0,Large,0
"Section 10, Mirpur",1365,3,3,7507500,23.8119234,90.3713045,mirpur,Medium,1,0.04122747442919648,5500.0,0.75,1876875.0,Medium,1
"Kobi Kazi Nazrul Islam Road, 33 No. Firingee Bazaar Ward",1580,3,3,7900000,22.3282642,91.8348368,33 no. firingee bazaar ward,Low,0,2.0541353619262575,5000.0,0.75,1975000.0,Large,1
"Dakkhin Paikpara, Mirpur",1300,3,3,6500000,23.7881532,90.35953719999999,mirpur,Medium,1,0.05740678473909157,5000.0,0.75,1625000.0,Medium,1
"Majhirghat Road, 30 No. East Madarbari Ward",1400,3,3,7800000,22.3280357,91.8238361,30 no. east madarbari ward,Low,0,2.046699060003131,5571.428571428572,0.75,1950000.0,Medium,1
"West Agargaon, Agargaon",895,2,2,5500000,23.7807183,90.3693678,agargaon,Low,0,0.05230166012402525,6145.251396648045,0.6666666666666666,1833333.3333333333,Medium,1
"Kutum Goli, Agargaon",1150,2,2,6325000,23.7834257,90.3733666,agargaon,Low,0,0.04747263418065125,5500.0,0.6666666666666666,2108333.3333333335,Medium,1
"Road No 2, Banani DOHS",2700,3,3,67500000,23.7923436,90.398683,banani dohs,High,2,0.0226570472471545,25000.0,0.75,16875000.0,Large,3
"Rasdia Mouza, Uttara",2255,4,4,22000000,23.8899605,90.3883735,uttara,High,2,0.0832339069280038,9756.09756097561,0.8,4400000.0,Large,0
"Block C, Aftab Nagar",1600,3,3,14400000,23.7610623,90.43023939999999,aftab nagar,Low,0,0.05233581387205256,9000.0,0.75,3600000.0,Large,0
"Rasdia Mouza, Uttara",2150,3,3,23500000,23.8899605,90.3883735,uttara,High,2,0.0832339069280038,10930.232558139534,0.75,5875000.0,Large,0
"Block H, Bashundhara R-A",2440,4,4,25400000,23.8258759,90.4390353,bashundhara r-a,Medium,1,0.03076899099581054,10409.83606557377,0.8,5080000.0,Large,0
"26 No. North Halishahar Ward, Halishahar",1224,3,3,7500000,22.3287809,91.7745556,halishahar,Low,0,2.012484608924049,6127.450980392156,0.75,1875000.0,Medium,1
"Block C, Bashundhara R-A",1410,3,3,13395000,23.8184723,90.4272477,bashundhara r-a,Medium,1,0.01686063885444435,9500.0,0.75,3348750.0,Medium,0
"Pallabi, Mirpur",1420,3,3,8200000,23.8223486,90.36542039999999,mirpur,Medium,1,0.048596887741092366,5774.647887323944,0.75,2050000.0,Medium,1
"Nobodoy Housing Society, Mohammadpur",1250,3,3,7500000,23.7640006,90.35159619999999,mohammadpur,Medium,1,0.07650429592382957,6000.0,0.75,1875000.0,Medium,1
"Kallyanpur, Mirpur",1650,3,3,10000000,23.7822036,90.35953719999999,mirpur,Medium,1,0.059953864569354254,6060.606060606061,0.75,2500000.0,Large,1
"Puran Para, Uttar Khan",1186,3,3,5337000,23.8760244,90.4217936,uttar khan,Low,0,0.06637821748374785,4500.0,0.75,1334250.0,Medium,1
"Pallabi, Mirpur",1850,3,3,9800000,23.8223486,90.36542039999999,mirpur,Medium,1,0.048596887741092366,5297.2972972972975,0.75,2450000.0,Large,1
"North Azampur, Dakshin Khan",922,2,2,5000000,23.8661179,90.4072168,dakshin khan,Low,0,0.056067371640283324,5422.993492407809,0.6666666666666666,1666666.6666666667,Medium,1
"Kutum Goli, Agargaon",1150,2,2,6325000,23.7834257,90.3733666,agargaon,Low,0,0.04747263418065125,5500.0,0.6666666666666666,2108333.3333333335,Medium,1
"Iqbal Road, Mohammadpur",2187,4,4,39366000,23.7622253,90.3683605,mohammadpur,Medium,1,0.06526463238493017,18000.0,0.8,7873200.0,Large,3
"Block A, Aftab Nagar",1550,3,3,11500000,23.7641281,90.44669909999999,aftab nagar,Low,0,0.057458008931912594,7419.354838709677,0.75,2875000.0,Large,1
"Road No 2, Banani DOHS",2700,3,3,67500000,23.7923436,90.398683,banani dohs,High,2,0.0226570472471545,25000.0,0.75,16875000.0,Large,3
"West Agargaon, Agargaon",765,2,2,5207500,23.7807183,90.3693678,agargaon,Low,0,0.05230166012402525,6807.18954248366,0.6666666666666666,1735833.3333333333,Small,1
"Tajmahal Road, Mohammadpur",1600,3,3,19200000,23.764683,90.3621536,mohammadpur,Medium,1,0.06793872740903756,12000.0,0.75,4800000.0,Large,0
"West Shewrapara, Mirpur",1150,3,3,6000000,23.7881199,90.3736584,mirpur,Medium,1,0.044728366017213576,5217.391304347826,0.75,1500000.0,Medium,1
"Lichu Bagan Road, Joar Sahara",1200,2,2,5500000,23.8127792,90.41633,joar sahara,Low,0,0.00456238234259893,4583.333333333333,0.6666666666666666,1833333.3333333333,Medium,1
"Puran Para, Uttar Khan",1335,3,3,6007500,23.8760244,90.4217936,uttar khan,Low,0,0.06637821748374785,4500.0,0.75,1501875.0,Medium,1
"Paikpara, Mirpur",1050,2,2,4500000,23.7881532,90.35953719999999,mirpur,Medium,1,0.05740678473909157,4285.714285714285,0.6666666666666666,1500000.0,Medium,1
"Block I, Bashundhara R-A",2225,4,4,23500000,23.8206687,90.43962479999999,bashundhara r-a,Medium,1,0.02903902055389801,10561.797752808989,0.8,4700000.0,Large,0
"West Shewrapara, Mirpur",600,1,1,2000000,23.7881199,90.3736584,mirpur,Medium,1,0.044728366017213576,3333.3333333333335,0.5,1000000.0,Small,1
"Srjani road, Ibrahimpur",1050,3,3,3750000,26.1480418,82.9488114,ibrahimpur,Low,0,7.821232910560659,3571.4285714285716,0.75,937500.0,Medium,1
"Faydabad, Dakshin Khan",600,2,2,2600000,23.8772544,90.41369619999999,dakshin khan,Low,0,0.06696508473674931,4333.333333333333,0.6666666666666666,866666.6666666666,Small,1
"Middle Paikpara, Mirpur",1300,3,3,6500000,23.7903857,90.35894890000002,mirpur,Medium,1,0.057134049880064604,5000.0,0.75,1625000.0,Medium,1
"Darussalam, Mirpur",1250,2,2,6250000,23.7784999,90.35306659999999,mirpur,Medium,1,0.06740604865715305,5000.0,0.6666666666666666,2083333.3333333333,Medium,1
"Middle Monipur, Mirpur",1100,2,2,4950000,23.7970198,90.3667921,mirpur,Medium,1,0.047598065448605065,4500.0,0.6666666666666666,1650000.0,Medium,1
"Section 1, Mirpur",875,2,2,4000000,23.8015639,90.3489496,mirpur,Medium,1,0.06414805362105391,4571.428571428572,0.6666666666666666,1333333.3333333333,Medium,1
"Middle Monipur, Mirpur",1100,2,2,4950000,23.7970198,90.3667921,mirpur,Medium,1,0.047598065448605065,4500.0,0.6666666666666666,1650000.0,Medium,1
"North Ibrahimpur, Ibrahimpur",1600,3,3,9500000,26.1480418,82.9488114,ibrahimpur,Low,0,7.821232910560659,5937.5,0.75,2375000.0,Large,1
"Section 11, Mirpur",650,2,2,2400000,23.8178783,90.3689508,mirpur,Medium,1,0.04420365880252531,3692.3076923076924,0.6666666666666666,800000.0,Small,1
"2nd Colony, Mirpur",930,3,3,3900000,23.7918946,90.3495377,mirpur,Medium,1,0.06559733203758741,4193.548387096775,0.75,975000.0,Medium,1
"Section 11, Mirpur",750,2,2,4000000,23.8178783,90.3689508,mirpur,Medium,1,0.04420365880252531,5333.333333333333,0.6666666666666666,1333333.3333333333,Small,1
"Manikdi, Cantonment",1275,3,3,5737500,23.8260022,90.3919059,cantonment,Low,0,0.025897413763730507,4500.0,0.75,1434375.0,Medium,1
"Tongi, Gazipur Sadar Upazila",1200,3,3,5700000,23.889974,90.40734719999999,gazipur sadar upazila,Low,0,0.07984045104982557,4750.0,0.75,1425000.0,Medium,1
"Muslim Modern College Road, Kachukhet",1445,3,3,6936000,23.7954055,90.3905866,kachukhet,Low,0,0.026496098388432626,4800.0,0.75,1734000.0,Medium,1
"Middle Monipur, Mirpur",1200,3,3,5400000,23.7970198,90.3667921,mirpur,Medium,1,0.047598065448605065,4500.0,0.75,1350000.0,Medium,1
"Middle Monipur, Mirpur",1200,3,3,5400000,23.7970198,90.3667921,mirpur,Medium,1,0.047598065448605065,4500.0,0.75,1350000.0,Medium,1
"Section 1, Mirpur",1542,3,3,8500000,23.8015639,90.3489496,mirpur,Medium,1,0.06414805362105391,5512.321660181582,0.75,2125000.0,Large,1
"Kallyanpur, Mirpur",1310,3,3,9200000,23.7822036,90.35953719999999,mirpur,Medium,1,0.059953864569354254,7022.900763358779,0.75,2300000.0,Medium,1
"Chatteshwari Road, 15 No. Bagmoniram Ward",1430,3,3,8500000,22.3540816,91.8295316,15 no. bagmoniram ward,Low,0,2.0318835064779495,5944.055944055944,0.75,2125000.0,Medium,1
"Section 10, Mirpur",855,2,2,4275000,23.8119234,90.3713045,mirpur,Medium,1,0.04122747442919648,5000.0,0.6666666666666666,1425000.0,Medium,1
"Middle Paikpara, Mirpur",1300,3,3,6500000,23.7903857,90.35894890000002,mirpur,Medium,1,0.057134049880064604,5000.0,0.75,1625000.0,Medium,1
"Middle Monipur, Mirpur",1100,2,2,4950000,23.7970198,90.3667921,mirpur,Medium,1,0.047598065448605065,4500.0,0.6666666666666666,1650000.0,Medium,1
"Middle Monipur, Mirpur",1100,2,2,4950000,23.7970198,90.3667921,mirpur,Medium,1,0.047598065448605065,4500.0,0.6666666666666666,1650000.0,Medium,1
"Middle Monipur, Mirpur",1100,2,2,4950000,23.7970198,90.3667921,mirpur,Medium,1,0.047598065448605065,4500.0,0.6666666666666666,1650000.0,Medium,1
"Section 12, Mirpur",1350,2,2,6700000,23.8253064,90.37248149999999,mirpur,Medium,1,0.042739588009363054,4962.962962962963,0.6666666666666666,2233333.3333333335,Medium,1
"Section 13, Mirpur",690,2,2,3000000,23.8089317,90.37836659999999,mirpur,Medium,1,0.034160814399690875,4347.826086956522,0.6666666666666666,1000000.0,Small,1
"Chatteshwari Road, 15 No. Bagmoniram Ward",1700,3,3,10500000,22.3540816,91.8295316,15 no. bagmoniram ward,Low,0,2.0318835064779495,6176.470588235294,0.75,2625000.0,Large,1
"Section 11, Mirpur",750,2,2,4000000,23.8178783,90.3689508,mirpur,Medium,1,0.04420365880252531,5333.333333333333,0.6666666666666666,1333333.3333333333,Small,1
"Darussalam, Mirpur",1250,3,3,6250000,23.7784999,90.35306659999999,mirpur,Medium,1,0.06740604865715305,5000.0,0.75,1562500.0,Medium,1
"West Shewrapara, Mirpur",1200,3,3,5000000,23.7881199,90.3736584,mirpur,Medium,1,0.044728366017213576,4166.666666666667,0.75,1250000.0,Medium,1
"Block F, Aftab Nagar",1500,3,3,8250000,23.7641281,90.44669909999999,aftab nagar,Low,0,0.057458008931912594,5500.0,0.75,2062500.0,Medium,1
"South Keraniganj, Keraniganj",1470,3,3,6500000,23.69435,90.3960275,keraniganj,Low,0,0.11711424232880514,4421.768707482993,0.75,1625000.0,Medium,1
"Middle Badda, Badda",1150,3,3,5175000,23.7798106,90.42371209999999,badda,Low,0,0.0324856075635027,4500.0,0.75,1293750.0,Medium,1
"Kamarpara, Turag",1515,3,3,7800000,23.8892301,90.3830754,turag,Low,0,0.0842363803304101,5148.514851485149,0.75,1950000.0,Large,1
"Pallabi, Mirpur",1112,2,2,7500000,23.8223486,90.36542039999999,mirpur,Medium,1,0.048596887741092366,6744.604316546763,0.6666666666666666,2500000.0,Medium,1
"Section 10, Mirpur",930,2,2,4464000,23.8119234,90.3713045,mirpur,Medium,1,0.04122747442919648,4800.0,0.6666666666666666,1488000.0,Medium,1
"Rupnagar R/A, Mirpur",656,2,2,2500000,23.8085164,90.3558058,mirpur,Medium,1,0.05672224909680062,3810.9756097560976,0.6666666666666666,833333.3333333334,Small,1
"North Ibrahimpur, Ibrahimpur",1100,2,2,5800000,26.1480418,82.9488114,ibrahimpur,Low,0,7.821232910560659,5272.727272727273,0.6666666666666666,1933333.3333333333,Medium,1
"Sector 10, Uttara",1100,3,3,5500000,23.884012,90.3883735,uttara,High,2,0.07755995710577243,5000.0,0.75,1375000.0,Medium,1
"Kamal Khan Road, Ibrahimpur",800,2,2,4445000,23.7957523,90.381097,ibrahimpur,Low,0,0.034609015939345594,5556.25,0.6666666666666666,1481666.6666666667,Medium,1
"Uttar Badda, Badda",1100,2,2,6050000,23.7820433,90.4231228,badda,Low,0,0.030187496993459986,5500.0,0.6666666666666666,2016666.6666666667,Medium,1
"Block C, Bashundhara R-A",1500,3,3,13500000,23.8184723,90.4272477,bashundhara r-a,Medium,1,0.01686063885444435,9000.0,0.75,3375000.0,Medium,0
"West Agargaon, Agargaon",1300,2,2,6500000,23.7807183,90.3693678,agargaon,Low,0,0.05230166012402525,5000.0,0.6666666666666666,2166666.6666666665,Medium,1
"Sat Masjid Housing, Mohammadpur",1200,3,3,6000000,23.7572372,90.35230580000001,mohammadpur,Medium,1,0.08024339510189202,5000.0,0.75,1500000.0,Medium,1
"Adarsha Nagar, Badda",725,2,2,3500000,23.7827692,90.4296049,badda,Low,0,0.03241176565153901,4827.586206896552,0.6666666666666666,1166666.6666666667,Small,1
"Rasdia Mouza, Uttara",990,2,2,7425000,23.8899605,90.3883735,uttara,High,2,0.0832339069280038,7500.0,0.6666666666666666,2475000.0,Medium,1
"Rasdia Mouza, Uttara",2600,4,4,49500000,23.8899605,90.3883735,uttara,High,2,0.0832339069280038,19038.46153846154,0.8,9900000.0,Large,3
"Sector 11, Uttara",1700,4,4,11000000,23.8773155,90.39013969999999,uttara,High,2,0.07064743630408771,6470.588235294118,0.8,2200000.0,Large,1
"Ambagan Road, Railway Colony",900,2,2,4500000,23.642191779381445,90.3844964658419,railway colony,Low,0,0.17042468062132454,5000.0,0.6666666666666666,1500000.0,Medium,1
"Section 6, Mirpur",1611,4,4,15500000,23.8119402,90.3642437,mirpur,Medium,1,0.04828416661524933,9621.353196772192,0.8,3100000.0,Large,0
"18 No. East Bakalia Ward, Bakalia",1325,3,3,5300000,22.3516461,91.863153,bakalia,Low,0,2.0571984168752957,4000.0,0.75,1325000.0,Medium,1
"Pallabi, Mirpur",1250,3,3,5500000,23.8223486,90.36542039999999,mirpur,Medium,1,0.048596887741092366,4400.0,0.75,1375000.0,Medium,1
"Sector 12, Uttara",1700,3,3,12000000,23.8713904,90.380721,uttara,High,2,0.06886175871381538,7058.823529411765,0.75,3000000.0,Large,1
"Uttar Badda, Badda",1252,3,3,7000000,23.7820433,90.4231228,badda,Low,0,0.030187496993459986,5591.054313099042,0.75,1750000.0,Medium,1
"Pirerbag, Mirpur",800,2,2,5300000,23.7911115,90.3665972,mirpur,Medium,1,0.049752040964059545,6625.0,0.6666666666666666,1766666.6666666667,Medium,1
"Srjani road, Ibrahimpur",1050,3,3,3750000,26.1480418,82.9488114,ibrahimpur,Low,0,7.821232910560659,3571.4285714285716,0.75,937500.0,Medium,1
"Shahjadpur, Badda",2050,3,3,19500000,23.7917066,90.4248906,badda,Low,0,0.02234371258139737,9512.19512195122,0.75,4875000.0,Large,0
"Ahmed Nagar, Mirpur",1050,2,2,5500000,23.793741,90.35503039999999,mirpur,Medium,1,0.05980765339954874,5238.0952380952385,0.6666666666666666,1833333.3333333333,Medium,1
"Kutum Goli, Agargaon",980,2,2,5390000,23.7834257,90.3733666,agargaon,Low,0,0.04747263418065125,5500.0,0.6666666666666666,1796666.6666666667,Medium,1
"Block C, Bashundhara R-A",3880,4,4,59000000,23.8184723,90.4272477,bashundhara r-a,Medium,1,0.01686063885444435,15206.185567010309,0.8,11800000.0,Large,3
"Block D, Bashundhara R-A",1250,3,3,10500000,23.8154814,90.43314099999999,bashundhara r-a,Medium,1,0.02128139532455245,8400.0,0.75,2625000.0,Medium,1
"Moushair, Dakshin Khan",960,2,2,3700000,23.8519373,90.4266584,dakshin khan,Low,0,0.04397868849624563,3854.1666666666665,0.6666666666666666,1233333.3333333333,Medium,1
"West Monipur, Mirpur",1100,2,2,4620000,23.7957442,90.3635789,mirpur,Medium,1,0.0510406243971419,4200.0,0.6666666666666666,1540000.0,Medium,1
"Pallabi, Mirpur",1350,3,3,6500000,23.8223486,90.36542039999999,mirpur,Medium,1,0.048596887741092366,4814.814814814815,0.75,1625000.0,Medium,1
"Zakir Hossain Road, Khulshi",2000,4,4,13000000,22.3616445,91.8125827,khulshi,Low,0,2.014654889681987,6500.0,0.8,2600000.0,Large,0
"Rasdia Mouza, Uttara",550,1,1,2310000,23.8899605,90.3883735,uttara,High,2,0.0832339069280038,4200.0,0.5,1155000.0,Small,1
"Zakir Hossain Road, Khulshi",2200,4,4,13000000,22.3616445,91.8125827,khulshi,Low,0,2.014654889681987,5909.090909090909,0.8,2600000.0,Large,0
"West Monipur, Mirpur",900,2,2,4320000,23.7957442,90.3635789,mirpur,Medium,1,0.0510406243971419,4800.0,0.6666666666666666,1440000.0,Medium,1
"Uttar Badda, Badda",682,1,1,3600000,23.7820433,90.4231228,badda,Low,0,0.030187496993459986,5278.592375366569,0.5,1800000.0,Small,1
"Rasdia Mouza, Uttara",1280,3,3,7680000,23.8899605,90.3883735,uttara,High,2,0.0832339069280038,6000.0,0.75,1920000.0,Medium,1
"Sector 10, Uttara",1150,3,3,5500000,23.884012,90.3883735,uttara,High,2,0.07755995710577243,4782.608695652174,0.75,1375000.0,Medium,1
"Uttar Badda, Badda",682,1,1,3600000,23.7820433,90.4231228,badda,Low,0,0.030187496993459986,5278.592375366569,0.5,1800000.0,Small,1
"Block E, Banasree",1762,4,4,10500000,23.7619353,90.43314099999999,banasree,Low,0,0.05258512229794613,5959.137343927356,0.8,2100000.0,Large,1
"Pirerbag, Mirpur",1800,4,4,9000000,23.7911115,90.3665972,mirpur,Medium,1,0.049752040964059545,5000.0,0.8,1800000.0,Large,1
"Purana Paltan, Motijheel",1265,2,2,12650000,23.7322458,90.4107509,motijheel,Low,0,0.07807379514568288,10000.0,0.6666666666666666,4216666.666666667,Medium,0
"Rasdia Mouza, Uttara",1218,3,3,11000000,23.8899605,90.3883735,uttara,High,2,0.0832339069280038,9031.1986863711,0.75,2750000.0,Medium,1
"Block J, Bashundhara R-A",2060,3,3,18540000,23.8228913,90.4425723,bashundhara r-a,Medium,1,0.03260190275091242,9000.0,0.75,4635000.0,Large,0
"Block D, Bashundhara R-A",1425,3,3,19950000,23.8154814,90.43314099999999,bashundhara r-a,Medium,1,0.02128139532455245,14000.0,0.75,4987500.0,Medium,0
"Shekhertek, Mohammadpur",1250,2,2,7500000,23.7690369,90.35645149999999,mohammadpur,Medium,1,0.06959940929246794,6000.0,0.6666666666666666,2500000.0,Medium,1
"West Shewrapara, Mirpur",1225,2,2,5512500,23.7881199,90.3736584,mirpur,Medium,1,0.044728366017213576,4500.0,0.6666666666666666,1837500.0,Medium,1
"West Monipur, Mirpur",900,2,2,4320000,23.7957442,90.3635789,mirpur,Medium,1,0.0510406243971419,4800.0,0.6666666666666666,1440000.0,Medium,1
"East Rampura, Rampura",1120,3,3,6160000,23.7582378,90.42547979999999,rampura,Low,0,0.0536558279861572,5500.0,0.75,1540000.0,Medium,1
"Block L, Bashundhara R-A",1550,3,3,12000000,23.8206417,90.4490575,bashundhara r-a,Medium,1,0.037992125041118804,7741.935483870968,0.75,3000000.0,Large,1
"Madartek, Bashabo",1075,2,2,4062500,23.7457035,90.4393425,bashabo,Low,0,0.06995160912016314,3779.0697674418607,0.6666666666666666,1354166.6666666667,Medium,1
"Block K, Bashundhara R-A",2700,4,4,26500000,23.8228845,90.44493039999999,bashundhara r-a,Medium,1,0.03478649859370281,9814.814814814816,0.8,5300000.0,Large,0
"Block A, Bashundhara R-A",2650,4,4,21000000,23.8136688,90.42957170000001,bashundhara r-a,Medium,1,0.017400912456838256,7924.528301886792,0.8,4200000.0,Large,0
"West Monipur, Mirpur",925,2,2,4440000,23.7957442,90.3635789,mirpur,Medium,1,0.0510406243971419,4800.0,0.6666666666666666,1480000.0,Medium,1
"Bochila, Mohammadpur",975,2,2,4000000,23.7465311,90.34777330000001,mohammadpur,Medium,1,0.09086263423485917,4102.5641025641025,0.6666666666666666,1333333.3333333333,Medium,1
"Jubilee Road, 22 No. Enayet Bazaar Ward",1290,2,2,8000000,22.3413715,91.8275825,22 no. enayet bazaar ward,Low,0,2.0396591430723254,6201.550387596899,0.6666666666666666,2666666.6666666665,Medium,1
"Rasdia Mouza, Uttara",1350,4,4,12150000,23.8899605,90.3883735,uttara,High,2,0.0832339069280038,9000.0,0.8,2430000.0,Medium,1
"Ahmed Nagar, Mirpur",975,3,3,4500000,23.793741,90.35503039999999,mirpur,Medium,1,0.05980765339954874,4615.384615384615,0.75,1125000.0,Medium,1
"Section 6, Mirpur",650,2,2,2800000,23.8119402,90.3642437,mirpur,Medium,1,0.04828416661524933,4307.692307692308,0.6666666666666666,933333.3333333334,Small,1
"Section 11, Mirpur",650,2,2,2520000,23.8178783,90.3689508,mirpur,Medium,1,0.04420365880252531,3876.923076923077,0.6666666666666666,840000.0,Small,1
"Block J, Bashundhara R-A",1275,3,3,12500000,23.8228913,90.4425723,bashundhara r-a,Medium,1,0.03260190275091242,9803.921568627451,0.75,3125000.0,Medium,1
"Rayer Bazaar, Hazaribag",1020,2,2,5000000,23.7435238,90.3618904,hazaribag,Low,0,0.0837877825139236,4901.9607843137255,0.6666666666666666,1666666.6666666667,Medium,1
"Section 12, Mirpur",612,2,2,2900000,23.8253064,90.37248149999999,mirpur,Medium,1,0.042739588009363054,4738.562091503268,0.6666666666666666,966666.6666666666,Small,1
"Section 10, Mirpur",1200,3,3,7000000,23.8119234,90.3713045,mirpur,Medium,1,0.04122747442919648,5833.333333333333,0.75,1750000.0,Medium,1
"Sector 7, Uttara",2400,4,4,26000000,23.871349,90.3972052,uttara,High,2,0.06293577129136818,10833.333333333334,0.8,5200000.0,Large,0
"Block J, Bashundhara R-A",1310,3,3,9825000,23.8228913,90.4425723,bashundhara r-a,Medium,1,0.03260190275091242,7500.0,0.75,2456250.0,Medium,1
"Block J, Bashundhara R-A",1310,3,3,12000000,23.8228913,90.4425723,bashundhara r-a,Medium,1,0.03260190275091242,9160.30534351145,0.75,3000000.0,Medium,1
"Radio Colony, Savar",1100,2,2,3630000,23.8578761,90.2640617,savar,Low,0,0.1558762784970769,3300.0,0.6666666666666666,1210000.0,Medium,1
"Sector 18, Uttara",1654,4,4,11000000,23.8550847,90.3583606,uttara,High,2,0.0702619668558277,6650.5441354292625,0.8,2200000.0,Large,1
"Malibagh Chowdhury Para, Malibagh",1475,3,3,15000000,23.752314,90.4158252,malibagh,Low,0,0.05808126333888074,10169.49152542373,0.75,3750000.0,Medium,0
"Block F, Banasree",1220,3,3,9500000,23.7604313,90.4390353,banasree,Low,0,0.056489020046203986,7786.88524590164,0.75,2375000.0,Medium,1
"Vashantek, Cantonment",1950,5,5,8775000,23.8061595,90.3887548,cantonment,Low,0,0.0241034906868217,4500.0,0.8333333333333334,1462500.0,Large,1
"Section 6, Mirpur",650,2,2,2800000,23.8119402,90.3642437,mirpur,Medium,1,0.04828416661524933,4307.692307692308,0.6666666666666666,933333.3333333334,Small,1
"Block B, Banasree",1275,3,3,10600000,23.7619353,90.43314099999999,banasree,Low,0,0.05258512229794613,8313.725490196079,0.75,2650000.0,Medium,1
"Middle Monipur, Mirpur",930,2,2,5200000,23.7970198,90.3667921,mirpur,Medium,1,0.047598065448605065,5591.397849462365,0.6666666666666666,1733333.3333333333,Medium,1
"Middle Monipur, Mirpur",930,2,2,5200000,23.7970198,90.3667921,mirpur,Medium,1,0.047598065448605065,5591.397849462365,0.6666666666666666,1733333.3333333333,Medium,1
"Ali Nagar, Bayazid",1300,3,3,6200000,22.3786414,91.8281763,bayazid,Low,0,2.0134015330618134,4769.2307692307695,0.75,1550000.0,Medium,1
"Section 12, Mirpur",650,2,2,4000000,23.8253064,90.37248149999999,mirpur,Medium,1,0.042739588009363054,6153.846153846154,0.6666666666666666,1333333.3333333333,Small,1
"Rasdia Mouza, Uttara",1850,4,4,17500000,23.8899605,90.3883735,uttara,High,2,0.0832339069280038,9459.45945945946,0.8,3500000.0,Large,0
"Nayatola, Maghbazar",1500,3,3,7300000,23.7527734,90.4057324,maghbazar,Low,0,0.057923312382150344,4866.666666666667,0.75,1825000.0,Medium,1
"Shahid Nagar, Bayazid",1278,2,2,6500000,22.3935374,91.8281763,bayazid,Low,0,2.002836900783601,5086.071987480438,0.6666666666666666,2166666.6666666665,Medium,1
"Pallabi, Mirpur",800,2,2,2500000,23.8223486,90.36542039999999,mirpur,Medium,1,0.048596887741092366,3125.0,0.6666666666666666,833333.3333333334,Medium,1
"Section 1, Mirpur",1310,3,3,4585000,23.8015639,90.3489496,mirpur,Medium,1,0.06414805362105391,3500.0,0.75,1146250.0,Medium,1
"Middle Monipur, Mirpur",1550,3,3,8600000,23.7970198,90.3667921,mirpur,Medium,1,0.047598065448605065,5548.387096774193,0.75,2150000.0,Large,1
"Free School Street, Kathalbagan",1285,2,2,9800000,23.745521,90.3896983,kathalbagan,Low,0,0.06867485976607193,7626.459143968872,0.6666666666666666,3266666.6666666665,Medium,1
"Rasdia Mouza, Uttara",1250,3,3,4800000,23.8899605,90.3883735,uttara,High,2,0.0832339069280038,3840.0,0.75,1200000.0,Medium,1
"Dhaka Uddan, Mohammadpur",1050,2,2,5000000,23.7636465,90.34365679999999,mohammadpur,Medium,1,0.08316210223708037,4761.9047619047615,0.6666666666666666,1666666.6666666667,Medium,1
"Faydabad, Dakshin Khan",970,2,2,4000000,23.8772544,90.41369619999999,dakshin khan,Low,0,0.06696508473674931,4123.711340206186,0.6666666666666666,1333333.3333333333,Medium,1
"Vashantek, Cantonment",950,2,2,4400000,23.8061595,90.3887548,cantonment,Low,0,0.0241034906868217,4631.578947368421,0.6666666666666666,1466666.6666666667,Medium,1
"Polytechnic, Bayazid",1800,3,3,10000000,22.3891916,91.8172069,bayazid,Low,0,1.998186817957269,5555.555555555556,0.75,2500000.0,Large,1
"Sector 4, Uttara",1913,5,5,17300000,23.8624077,90.4042719,uttara,High,2,0.0527533319222552,9043.387349712493,0.8333333333333334,2883333.3333333335,Large,0
"South Banasree Project, Banasree",1038,3,3,7000000,23.7634571,90.4272592,banasree,Low,0,0.04911304577248438,6743.73795761079,0.75,1750000.0,Medium,1
"Patharghata, Kotwali",1775,3,3,12137500,22.3337879,91.8428065,kotwali,Low,0,2.0556908000447596,6838.028169014085,0.75,3034375.0,Large,1
"West Shewrapara, Mirpur",1450,3,3,8675000,23.7881199,90.3736584,mirpur,Medium,1,0.044728366017213576,5982.758620689655,0.75,2168750.0,Medium,1
"Tongi, Gazipur Sadar Upazila",1000,3,3,2600000,23.889974,90.40734719999999,gazipur sadar upazila,Low,0,0.07984045104982557,2600.0,0.75,650000.0,Medium,1
"Pirerbag, Mirpur",1185,2,2,7700000,23.7911115,90.3665972,mirpur,Medium,1,0.049752040964059545,6497.890295358649,0.6666666666666666,2566666.6666666665,Medium,1
"Section 10, Mirpur",900,2,2,2475000,23.8119234,90.3713045,mirpur,Medium,1,0.04122747442919648,2750.0,0.6666666666666666,825000.0,Medium,1
"Dewan Bazar, Bakalia",1500,3,3,8250000,22.3427257,91.8428065,bakalia,Low,0,2.0492806079116517,5500.0,0.75,2062500.0,Medium,1
"Dewan Bazar, Bakalia",1685,3,3,9267500,22.3427257,91.8428065,bakalia,Low,0,2.0492806079116517,5500.0,0.75,2316875.0,Large,1
"Pallabi, Mirpur",1850,3,3,9800000,23.8223486,90.36542039999999,mirpur,Medium,1,0.048596887741092366,5297.2972972972975,0.75,2450000.0,Large,1
"Block K, Bashundhara R-A",2350,4,4,29000000,23.8228845,90.44493039999999,bashundhara r-a,Medium,1,0.03478649859370281,12340.425531914894,0.8,5800000.0,Large,0
"Section 1, Mirpur",1250,3,3,7000000,23.8015639,90.3489496,mirpur,Medium,1,0.06414805362105391,5600.0,0.75,1750000.0,Medium,1
"Section 12, Mirpur",1300,3,3,8000000,23.8253064,90.37248149999999,mirpur,Medium,1,0.042739588009363054,6153.846153846154,0.75,2000000.0,Medium,1
"Rasdia Mouza, Uttara",956,2,2,5800000,23.8899605,90.3883735,uttara,High,2,0.0832339069280038,6066.94560669456,0.6666666666666666,1933333.3333333333,Medium,1
"Section 1, Mirpur",850,2,2,5200000,23.8015639,90.3489496,mirpur,Medium,1,0.06414805362105391,6117.64705882353,0.6666666666666666,1733333.3333333333,Medium,1
"Madartek, Bashabo",1227,3,3,5800000,23.7457035,90.4393425,bashabo,Low,0,0.06995160912016314,4726.976365118175,0.75,1450000.0,Medium,1
"Bagan Bari Road, Cantonment",1700,4,4,12000000,23.7423972,90.4396516,cantonment,Low,0,0.07313001866812897,7058.823529411765,0.8,2400000.0,Large,1
"Rasdia Mouza, Uttara",1500,3,3,12000000,23.8899605,90.3883735,uttara,High,2,0.0832339069280038,8000.0,0.75,3000000.0,Medium,1
"North Khulshi, Khulshi",3000,4,4,28000000,22.3589004,91.8125895,khulshi,Low,0,2.0166336818793926,9333.333333333334,0.8,5600000.0,Large,0
"Rasdia Mouza, Uttara",1950,3,3,10725000,23.8899605,90.3883735,uttara,High,2,0.0832339069280038,5500.0,0.75,2681250.0,Large,1
"Nayatola, Maghbazar",850,3,3,6500000,23.7527734,90.4057324,maghbazar,Low,0,0.057923312382150344,7647.058823529412,0.75,1625000.0,Medium,1
"Sector 12, Uttara",1331,3,3,9500000,23.8713904,90.380721,uttara,High,2,0.06886175871381538,7137.490608564989,0.75,2375000.0,Medium,1
"Joydebpur, Gazipur Sadar Upazila",1350,3,3,5535000,23.9905079,90.3877184,gazipur sadar upazila,Low,0,0.18190386175386594,4100.0,0.75,1383750.0,Medium,1
"Dewan Bazar, Bakalia",1400,3,3,7700000,22.3427257,91.8428065,bakalia,Low,0,2.0492806079116517,5500.0,0.75,1925000.0,Medium,1
"Sector 3, Uttara",2400,4,4,21000000,23.8654003,90.3972052,uttara,High,2,0.057183686197461114,8750.0,0.8,4200000.0,Large,0
"Section 12, Mirpur",1200,3,3,6600000,23.8253064,90.37248149999999,mirpur,Medium,1,0.042739588009363054,5500.0,0.75,1650000.0,Medium,1
"Block I, Bashundhara R-A",1180,3,3,7500000,23.8206687,90.43962479999999,bashundhara r-a,Medium,1,0.02903902055389801,6355.932203389831,0.75,1875000.0,Medium,1
"West Kazipara, Mirpur",879,2,2,5274000,23.797795,90.3707161,mirpur,Medium,1,0.0436150126012811,6000.0,0.6666666666666666,1758000.0,Medium,1
"West Shewrapara, Mirpur",1315,3,3,7375000,23.7881199,90.3736584,mirpur,Medium,1,0.044728366017213576,5608.365019011407,0.75,1843750.0,Medium,1
"Pallabi, Mirpur",1150,2,2,4500000,23.8223486,90.36542039999999,mirpur,Medium,1,0.048596887741092366,3913.0434782608695,0.6666666666666666,1500000.0,Medium,1
"Sector 11, Uttara",1500,3,3,15000000,23.8773155,90.39013969999999,uttara,High,2,0.07064743630408771,10000.0,0.75,3750000.0,Medium,0
"Kutum Goli, Agargaon",1230,3,3,6400000,23.7834257,90.3733666,agargaon,Low,0,0.04747263418065125,5203.252032520325,0.75,1600000.0,Medium,1
"Section 10, Mirpur",1275,3,3,7200000,23.8119234,90.3713045,mirpur,Medium,1,0.04122747442919648,5647.058823529412,0.75,1800000.0,Medium,1
"West Dhanmondi and Shangkar, Dhanmondi",1425,3,3,9975000,23.7494629,90.3665972,dhanmondi,High,2,0.07621167747956638,7000.0,0.75,2493750.0,Medium,1
"Ashkona, Dakshin Khan",1450,2,2,9425000,23.853447,90.4184093,dakshin khan,Low,0,0.04354978111873562,6500.0,0.6666666666666666,3141666.6666666665,Medium,1
"Rasdia Mouza, Uttara",700,2,2,3500000,23.8899605,90.3883735,uttara,High,2,0.0832339069280038,5000.0,0.6666666666666666,1166666.6666666667,Small,1
"South Khulshi, Khulshi",1500,3,3,9000000,22.3587138,91.8108977,khulshi,Low,0,2.015593863702642,6000.0,0.75,2250000.0,Medium,1
"Darussalam, Mirpur",1260,3,3,5796000,23.7784999,90.35306659999999,mirpur,Medium,1,0.06740604865715305,4600.0,0.75,1449000.0,Medium,1
"Shimultoly, Gazipur Sadar Upazila",1174,3,3,4696000,24.0245286,90.4323699,gazipur sadar upazila,Low,0,0.21514810244101495,4000.0,0.75,1174000.0,Medium,1
"Rasdia Mouza, Uttara",1350,2,2,7425000,23.8899605,90.3883735,uttara,High,2,0.0832339069280038,5500.0,0.6666666666666666,2475000.0,Medium,1
"Section 12, Mirpur",1330,3,3,6916000,23.8253064,90.37248149999999,mirpur,Medium,1,0.042739588009363054,5200.0,0.75,1729000.0,Medium,1
"Kutum Goli, Agargaon",1350,2,2,7425000,23.7834257,90.3733666,agargaon,Low,0,0.04747263418065125,5500.0,0.6666666666666666,2475000.0,Medium,1
"Chandgaon Residential Area, 4 No Chandgaon Ward",1080,3,3,5700000,22.3784211,91.8476843,4 no chandgaon ward,Low,0,2.027321178114536,5277.777777777777,0.75,1425000.0,Medium,1
"Ahmed Nagar, Mirpur",1200,3,3,7500000,23.793741,90.35503039999999,mirpur,Medium,1,0.05980765339954874,6250.0,0.75,1875000.0,Medium,1
"Bibirhat, 7 No. West Sholoshohor Ward",1644,3,3,9000000,22.3750141,91.83206539999999,7 no. west sholoshohor ward,Low,0,2.0187153191116276,5474.4525547445255,0.75,2250000.0,Large,1
"Ahmed Nagar, Mirpur",800,2,2,4000000,23.793741,90.35503039999999,mirpur,Medium,1,0.05980765339954874,5000.0,0.6666666666666666,1333333.3333333333,Medium,1
"Mirpur DOHS, Mirpur",2200,4,4,22000000,23.836468,90.36953919999999,mirpur,Medium,1,0.05030302735064935,10000.0,0.8,4400000.0,Large,0
"South Khulshi, Khulshi",1300,3,3,9700000,22.3587138,91.8108977,khulshi,Low,0,2.015593863702642,7461.538461538462,0.75,2425000.0,Medium,1
"Ashkona, Dakshin Khan",1240,2,2,8060000,23.853447,90.4184093,dakshin khan,Low,0,0.04354978111873562,6500.0,0.6666666666666666,2686666.6666666665,Medium,1
"Pallabi, Mirpur",1050,2,2,6000000,23.8223486,90.36542039999999,mirpur,Medium,1,0.048596887741092366,5714.285714285715,0.6666666666666666,2000000.0,Medium,1
"Sangbadik Co-operative Housing Society, Bayazid",1200,3,3,4500000,23.642191779381445,90.3844964658419,bayazid,Low,0,0.17042468062132454,3750.0,0.75,1125000.0,Medium,1
"Rasdia Mouza, Uttara",1254,3,3,8300000,23.8899605,90.3883735,uttara,High,2,0.0832339069280038,6618.819776714514,0.75,2075000.0,Medium,1
"Nasirabad, 15 No. Bagmoniram Ward",1650,4,4,12000000,22.3608208,91.82330069999999,15 no. bagmoniram ward,Low,0,2.0227082257095623,7272.727272727273,0.8,2400000.0,Large,1
"Sector 5, Uttara",1260,3,3,7000000,23.8646732,90.39072840000001,uttara,High,2,0.05857002172441795,5555.555555555556,0.75,1750000.0,Medium,1
"Katashur, Mohammadpur",900,2,2,6000000,23.7546518,90.3617512,mohammadpur,Medium,1,0.07531376278396533,6666.666666666667,0.6666666666666666,2000000.0,Medium,1
"Sector 4, Uttara",785,2,2,8250000,23.8624077,90.4042719,uttara,High,2,0.0527533319222552,10509.554140127388,0.6666666666666666,2750000.0,Small,1
"Paikpara, Mirpur",1465,3,3,8000000,23.7881532,90.35953719999999,mirpur,Medium,1,0.05740678473909157,5460.750853242321,0.75,2000000.0,Medium,1
"Mirpur DOHS, Mirpur",2200,4,4,22000000,23.836468,90.36953919999999,mirpur,Medium,1,0.05030302735064935,10000.0,0.8,4400000.0,Large,0
"Section 1, Mirpur",1050,2,2,5500000,23.8015639,90.3489496,mirpur,Medium,1,0.06414805362105391,5238.0952380952385,0.6666666666666666,1833333.3333333333,Medium,1
"Kawlar, Dakshin Khan",1125,3,3,4725000,23.8475414,90.4218923,dakshin khan,Low,0,0.03840751454142762,4200.0,0.75,1181250.0,Medium,1
"Rasdia Mouza, Uttara",1250,3,3,9500000,23.8899605,90.3883735,uttara,High,2,0.0832339069280038,7600.0,0.75,2375000.0,Medium,1
"Shantinagar Bazar Rd, Shantinagar",1000,2,2,7500000,23.7388789,90.411454,shantinagar,Low,0,0.07142875920251074,7500.0,0.6666666666666666,2500000.0,Medium,1
"Rupnagar R/A, Mirpur",860,2,2,4500000,23.8085164,90.3558058,mirpur,Medium,1,0.05672224909680062,5232.558139534884,0.6666666666666666,1500000.0,Medium,1
"Block A, Bashundhara R-A",1852,3,3,21500000,23.8136688,90.42957170000001,bashundhara r-a,Medium,1,0.017400912456838256,11609.071274298056,0.75,5375000.0,Large,0
"Rasdia Mouza, Uttara",1700,3,3,18500000,23.8899605,90.3883735,uttara,High,2,0.0832339069280038,10882.35294117647,0.75,4625000.0,Large,0
"Block F, Bashundhara R-A",1695,4,4,13500000,23.820682,90.43490919999999,bashundhara r-a,Medium,1,0.024697331204806904,7964.601769911505,0.8,2700000.0,Large,0
"Block D, Bashundhara R-A",1350,3,3,9500000,23.8154814,90.43314099999999,bashundhara r-a,Medium,1,0.02128139532455245,7037.037037037037,0.75,2375000.0,Medium,1
"Section 1, Mirpur",900,2,2,5000000,23.8015639,90.3489496,mirpur,Medium,1,0.06414805362105391,5555.555555555556,0.6666666666666666,1666666.6666666667,Medium,1
"Pallabi, Mirpur",1108,2,2,5500000,23.8223486,90.36542039999999,mirpur,Medium,1,0.048596887741092366,4963.898916967509,0.6666666666666666,1833333.3333333333,Medium,1
"Rasdia Mouza, Uttara",600,1,1,1620000,23.8899605,90.3883735,uttara,High,2,0.0832339069280038,2700.0,0.5,810000.0,Small,1
"Boro Maghbazar, Maghbazar",1210,3,3,6000000,23.7485384,90.4109534,maghbazar,Low,0,0.061780961518254615,4958.677685950413,0.75,1500000.0,Medium,1
"Block J, Bashundhara R-A",1800,3,3,16000000,23.8228913,90.4425723,bashundhara r-a,Medium,1,0.03260190275091242,8888.888888888889,0.75,4000000.0,Large,0
"Section 12, Mirpur",1060,2,2,4500000,23.8253064,90.37248149999999,mirpur,Medium,1,0.042739588009363054,4245.2830188679245,0.6666666666666666,1500000.0,Medium,1
"Sector 4, Uttara",1590,3,3,15060000,23.8624077,90.4042719,uttara,High,2,0.0527533319222552,9471.698113207547,0.75,3765000.0,Large,0
"Block E, Banasree",1065,2,2,6000000,23.7619353,90.43314099999999,banasree,Low,0,0.05258512229794613,5633.802816901409,0.6666666666666666,2000000.0,Medium,1
"West Kazipara, Mirpur",800,2,2,4200000,23.797795,90.3707161,mirpur,Medium,1,0.0436150126012811,5250.0,0.6666666666666666,1400000.0,Medium,1
"West Shewrapara, Mirpur",1090,2,2,5500000,23.7881199,90.3736584,mirpur,Medium,1,0.044728366017213576,5045.871559633028,0.6666666666666666,1833333.3333333333,Medium,1
"Section 11, Mirpur",1325,3,3,6500000,23.8178783,90.3689508,mirpur,Medium,1,0.04420365880252531,4905.66037735849,0.75,1625000.0,Medium,1
"Rasdia Mouza, Uttara",950,2,2,6000000,23.8899605,90.3883735,uttara,High,2,0.0832339069280038,6315.789473684211,0.6666666666666666,2000000.0,Medium,1
"Rasdia Mouza, Uttara",1472,4,4,13500000,23.8899605,90.3883735,uttara,High,2,0.0832339069280038,9171.195652173914,0.8,2700000.0,Medium,0
"Shantinagar Bazar Rd, Shantinagar",1150,2,2,9000000,23.7388789,90.411454,shantinagar,Low,0,0.07142875920251074,7826.086956521739,0.6666666666666666,3000000.0,Medium,1
"Section 6, Mirpur",600,1,1,2275000,23.8119402,90.3642437,mirpur,Medium,1,0.04828416661524933,3791.6666666666665,0.5,1137500.0,Small,1
"Rasdia Mouza, Uttara",850,2,2,5500000,23.8899605,90.3883735,uttara,High,2,0.0832339069280038,6470.588235294118,0.6666666666666666,1833333.3333333333,Medium,1
"Block C, Bashundhara R-A",1316,4,4,13500000,23.8184723,90.4272477,bashundhara r-a,Medium,1,0.01686063885444435,10258.358662613982,0.8,2700000.0,Medium,0
"Pirerbag, Mirpur",1400,3,3,8200000,23.7911115,90.3665972,mirpur,Medium,1,0.049752040964059545,5857.142857142857,0.75,2050000.0,Medium,1
"South Banasree Project, Banasree",1400,3,3,7000000,23.7634571,90.4272592,banasree,Low,0,0.04911304577248438,5000.0,0.75,1750000.0,Medium,1
"Uttar Badda, Badda",1100,3,3,6050000,23.7820433,90.4231228,badda,Low,0,0.030187496993459986,5500.0,0.75,1512500.0,Medium,1
"PC Culture Housing, Mohammadpur",830,2,2,4700000,23.7680904,90.3518903,mohammadpur,Medium,1,0.07385923142201206,5662.650602409639,0.6666666666666666,1566666.6666666667,Medium,1
"Section 1, Mirpur",1150,2,2,5700000,23.8015639,90.3489496,mirpur,Medium,1,0.06414805362105391,4956.521739130435,0.6666666666666666,1900000.0,Medium,1
"Block B, Bashundhara R-A",1860,4,4,17670000,23.8140104,90.4272477,bashundhara r-a,Medium,1,0.01520729178552254,9500.0,0.8,3534000.0,Large,0
"Block C, Bashundhara R-A",2150,3,3,18500000,23.8184723,90.4272477,bashundhara r-a,Medium,1,0.01686063885444435,8604.651162790698,0.75,4625000.0,Large,0
"Pirerbag, Mirpur",1500,3,3,8500000,23.7911115,90.3665972,mirpur,Medium,1,0.049752040964059545,5666.666666666667,0.75,2125000.0,Medium,1
"School Road, Khilkhet",1125,3,3,5925000,23.8302872,90.4215646,khilkhet,Medium,1,0.021946642955131112,5266.666666666667,0.75,1481250.0,Medium,1
"Uttar Badda, Badda",1100,3,3,6050000,23.7820433,90.4231228,badda,Low,0,0.030187496993459986,5500.0,0.75,1512500.0,Medium,1
"Section 11, Mirpur",1673,3,3,11500000,23.8178783,90.3689508,mirpur,Medium,1,0.04420365880252531,6873.879258816497,0.75,2875000.0,Large,1
"Rasdia Mouza, Uttara",1017,2,2,4500000,23.8899605,90.3883735,uttara,High,2,0.0832339069280038,4424.778761061947,0.6666666666666666,1500000.0,Medium,1
"West Rampura, Rampura",950,2,2,4200000,23.7642132,90.4160527,rampura,Low,0,0.0462235309288474,4421.0526315789475,0.6666666666666666,1400000.0,Medium,1
"Sector 3, Uttara",2009,4,4,19900000,23.8654003,90.3972052,uttara,High,2,0.057183686197461114,9905.425584868093,0.8,3980000.0,Large,0
"Road No 1, Jalalabad Housing Society",1025,2,2,5000000,22.3707543,91.8007579,jalalabad housing society,Low,0,1.9998879516865185,4878.048780487805,0.6666666666666666,1666666.6666666667,Medium,1
"Pallabi, Mirpur",1300,3,3,5000000,23.8223486,90.36542039999999,mirpur,Medium,1,0.048596887741092366,3846.153846153846,0.75,1250000.0,Medium,1
"Doctor Goli, Maghbazar",1575,4,4,16000000,23.7490066,90.4102639,maghbazar,Low,0,0.06133417503129875,10158.730158730159,0.8,3200000.0,Large,0
"Rupnagar R/A, Mirpur",860,2,2,4500000,23.8085164,90.3558058,mirpur,Medium,1,0.05672224909680062,5232.558139534884,0.6666666666666666,1500000.0,Medium,1
"Section 12, Mirpur",1425,3,3,8637500,23.8253064,90.37248149999999,mirpur,Medium,1,0.042739588009363054,6061.403508771929,0.75,2159375.0,Medium,1
"Pallabi, Mirpur",1300,3,3,5000000,23.8223486,90.36542039999999,mirpur,Medium,1,0.048596887741092366,3846.153846153846,0.75,1250000.0,Medium,1
"Kha Para, Khilkhet",1255,3,3,6902500,23.8357383,90.42021890000001,khilkhet,Medium,1,0.026583613826944276,5500.0,0.75,1725625.0,Medium,1
"Section 12, Mirpur",1400,3,3,8140000,23.8253064,90.37248149999999,mirpur,Medium,1,0.042739588009363054,5814.285714285715,0.75,2035000.0,Medium,1
"26 No. North Halishahar Ward, Halishahar",1250,3,3,7500000,22.3287809,91.7745556,halishahar,Low,0,2.012484608924049,6000.0,0.75,1875000.0,Medium,1
"Rasdia Mouza, Uttara",1525,4,4,14000000,23.8899605,90.3883735,uttara,High,2,0.0832339069280038,9180.327868852459,0.8,2800000.0,Large,0
"West Kazipara, Mirpur",850,2,2,4600000,23.797795,90.3707161,mirpur,Medium,1,0.0436150126012811,5411.764705882353,0.6666666666666666,1533333.3333333333,Medium,1
"Section 11, Mirpur",650,2,2,2600000,23.8178783,90.3689508,mirpur,Medium,1,0.04420365880252531,4000.0,0.6666666666666666,866666.6666666666,Small,1
"Dewan Bazar, Bakalia",1500,3,3,8250000,22.3427257,91.8428065,bakalia,Low,0,2.0492806079116517,5500.0,0.75,2062500.0,Medium,1
"Uttar Badda, Badda",1100,3,3,6050000,23.7820433,90.4231228,badda,Low,0,0.030187496993459986,5500.0,0.75,1512500.0,Medium,1
"Sector 5, Uttara",1825,4,4,18600000,23.8646732,90.39072840000001,uttara,High,2,0.05857002172441795,10191.780821917808,0.8,3720000.0,Large,0
"Kamal Khan Road, Ibrahimpur",800,2,2,4445000,23.7957523,90.381097,ibrahimpur,Low,0,0.034609015939345594,5556.25,0.6666666666666666,1481666.6666666667,Medium,1
"Rasdia Mouza, Uttara",1240,4,4,9500000,23.8899605,90.3883735,uttara,High,2,0.0832339069280038,7661.290322580645,0.8,1900000.0,Medium,1
"Block G, Banasree",1625,3,3,13000000,23.7619353,90.43314099999999,banasree,Low,0,0.05258512229794613,8000.0,0.75,3250000.0,Large,0
"Abdul Hamid Road, Sholokbahar",1665,3,3,7000000,22.3663627,91.8358483,sholokbahar,Low,0,2.027529360932706,4204.204204204204,0.75,1750000.0,Large,1
"Pallabi, Mirpur",850,2,2,4000000,23.8223486,90.36542039999999,mirpur,Medium,1,0.048596887741092366,4705.882352941177,0.6666666666666666,1333333.3333333333,Medium,1
"Section 11, Mirpur",650,2,2,4000000,23.8178783,90.3689508,mirpur,Medium,1,0.04420365880252531,6153.846153846154,0.6666666666666666,1333333.3333333333,Small,1
"Block B, Bashundhara R-A",2050,4,4,17425000,23.8140104,90.4272477,bashundhara r-a,Medium,1,0.01520729178552254,8500.0,0.8,3485000.0,Large,0
"Joydebpur, Gazipur Sadar Upazila",1240,3,3,4960000,23.9905079,90.3877184,gazipur sadar upazila,Low,0,0.18190386175386594,4000.0,0.75,1240000.0,Medium,1
"Kamal Khan Road, Ibrahimpur",1230,3,3,6765000,23.7957523,90.381097,ibrahimpur,Low,0,0.034609015939345594,5500.0,0.75,1691250.0,Medium,1
"West Shewrapara, Mirpur",1250,3,3,6250000,23.7881199,90.3736584,mirpur,Medium,1,0.044728366017213576,5000.0,0.75,1562500.0,Medium,1
"Khulshi Green Housing Society, Khulshi",1162,3,3,6972000,22.3650356,91.8085473,khulshi,Low,0,2.0094121652226247,6000.0,0.75,1743000.0,Medium,1
"Block F, Bashundhara R-A",2200,4,4,15010000,23.820682,90.43490919999999,bashundhara r-a,Medium,1,0.024697331204806904,6822.727272727273,0.8,3002000.0,Large,0
"Middle Monipur, Mirpur",1350,3,3,7500000,23.7970198,90.3667921,mirpur,Medium,1,0.047598065448605065,5555.555555555556,0.75,1875000.0,Medium,1
"Joydebpur, Gazipur Sadar Upazila",1240,3,3,4960000,23.9905079,90.3877184,gazipur sadar upazila,Low,0,0.18190386175386594,4000.0,0.75,1240000.0,Medium,1
"Sector 3, Uttara",1200,3,3,12800000,23.8654003,90.3972052,uttara,High,2,0.057183686197461114,10666.666666666666,0.75,3200000.0,Medium,0
"Rasdia Mouza, Uttara",1466,3,3,10995000,23.8899605,90.3883735,uttara,High,2,0.0832339069280038,7500.0,0.75,2748750.0,Medium,1
"Block D, Bashundhara R-A",1400,3,3,12500000,23.8154814,90.43314099999999,bashundhara r-a,Medium,1,0.02128139532455245,8928.57142857143,0.75,3125000.0,Medium,1
"Joydebpur, Gazipur Sadar Upazila",1240,3,3,4960000,23.9905079,90.3877184,gazipur sadar upazila,Low,0,0.18190386175386594,4000.0,0.75,1240000.0,Medium,1
"Middle Monipur, Mirpur",1260,3,3,7560000,23.7970198,90.3667921,mirpur,Medium,1,0.047598065448605065,6000.0,0.75,1890000.0,Medium,1
"Khulshi Green Housing Society, Khulshi",1162,3,3,6972000,22.3650356,91.8085473,khulshi,Low,0,2.0094121652226247,6000.0,0.75,1743000.0,Medium,1
"Rasdia Mouza, Uttara",840,2,2,2800000,23.8899605,90.3883735,uttara,High,2,0.0832339069280038,3333.3333333333335,0.6666666666666666,933333.3333333334,Medium,1
"Middle Monipur, Mirpur",1200,3,3,5000000,23.7970198,90.3667921,mirpur,Medium,1,0.047598065448605065,4166.666666666667,0.75,1250000.0,Medium,1
"Nasirabad Housing Society, Muradpur",1950,3,3,13000000,22.3650739,91.8276288,muradpur,Low,0,2.0226883103213584,6666.666666666667,0.75,3250000.0,Large,0
"Khulshi Green Housing Society, Khulshi",1162,3,3,6972000,22.3650356,91.8085473,khulshi,Low,0,2.0094121652226247,6000.0,0.75,1743000.0,Medium,1
"Joydebpur, Gazipur Sadar Upazila",1240,3,3,4960000,23.9905079,90.3877184,gazipur sadar upazila,Low,0,0.18190386175386594,4000.0,0.75,1240000.0,Medium,1
"Joydebpur, Gazipur Sadar Upazila",1240,3,3,4960000,23.9905079,90.3877184,gazipur sadar upazila,Low,0,0.18190386175386594,4000.0,0.75,1240000.0,Medium,1
"Foys Lake, 9 No. North Pahartali Ward",1240,3,3,5000000,22.3721435,91.7929924,9 no. north pahartali ward,Low,0,1.993502792812199,4032.2580645161293,0.75,1250000.0,Medium,1
"Rasdia Mouza, Uttara",1125,2,2,8700000,23.8899605,90.3883735,uttara,High,2,0.0832339069280038,7733.333333333333,0.6666666666666666,2900000.0,Medium,1
"Rasdia Mouza, Uttara",1600,3,3,7000000,23.8899605,90.3883735,uttara,High,2,0.0832339069280038,4375.0,0.75,1750000.0,Large,1
"Joydebpur, Gazipur Sadar Upazila",1240,3,3,4960000,23.9905079,90.3877184,gazipur sadar upazila,Low,0,0.18190386175386594,4000.0,0.75,1240000.0,Medium,1
"Middle Monipur, Mirpur",1350,3,3,7500000,23.7970198,90.3667921,mirpur,Medium,1,0.047598065448605065,5555.555555555556,0.75,1875000.0,Medium,1
"Joydebpur, Gazipur Sadar Upazila",1350,3,3,4500000,23.9905079,90.3877184,gazipur sadar upazila,Low,0,0.18190386175386594,3333.3333333333335,0.75,1125000.0,Medium,1
"Joydebpur, Gazipur Sadar Upazila",1350,3,3,4500000,23.9905079,90.3877184,gazipur sadar upazila,Low,0,0.18190386175386594,3333.3333333333335,0.75,1125000.0,Medium,1
"Kha Para, Khilkhet",1255,3,3,6902500,23.8357383,90.42021890000001,khilkhet,Medium,1,0.026583613826944276,5500.0,0.75,1725625.0,Medium,1
"Mirpur DOHS, Mirpur",2200,3,3,22000000,23.836468,90.36953919999999,mirpur,Medium,1,0.05030302735064935,10000.0,0.75,5500000.0,Large,0
"Pallabi, Mirpur",1300,3,3,7800000,23.8223486,90.36542039999999,mirpur,Medium,1,0.048596887741092366,6000.0,0.75,1950000.0,Medium,1
"Pirerbag, Mirpur",1100,2,2,5500000,23.7911115,90.3665972,mirpur,Medium,1,0.049752040964059545,5000.0,0.6666666666666666,1833333.3333333333,Medium,1
"Joydebpur, Gazipur Sadar Upazila",1350,3,3,4500000,23.9905079,90.3877184,gazipur sadar upazila,Low,0,0.18190386175386594,3333.3333333333335,0.75,1125000.0,Medium,1
"Joydebpur, Gazipur Sadar Upazila",1240,3,3,4960000,23.9905079,90.3877184,gazipur sadar upazila,Low,0,0.18190386175386594,4000.0,0.75,1240000.0,Medium,1
"Section 1, Mirpur",1050,3,3,6000000,23.8015639,90.3489496,mirpur,Medium,1,0.06414805362105391,5714.285714285715,0.75,1500000.0,Medium,1
"Joydebpur, Gazipur Sadar Upazila",1300,3,3,5200000,23.9905079,90.3877184,gazipur sadar upazila,Low,0,0.18190386175386594,4000.0,0.75,1300000.0,Medium,1
"Pallabi, Mirpur",1300,3,3,7800000,23.8223486,90.36542039999999,mirpur,Medium,1,0.048596887741092366,6000.0,0.75,1950000.0,Medium,1
"Abdul Hamid Road, Sholokbahar",1565,3,3,7260000,22.3663627,91.8358483,sholokbahar,Low,0,2.027529360932706,4638.977635782748,0.75,1815000.0,Large,1
"Joydebpur, Gazipur Sadar Upazila",1300,3,3,5200000,23.9905079,90.3877184,gazipur sadar upazila,Low,0,0.18190386175386594,4000.0,0.75,1300000.0,Medium,1
"Ashkona, Dakshin Khan",900,2,2,4600000,23.853447,90.4184093,dakshin khan,Low,0,0.04354978111873562,5111.111111111111,0.6666666666666666,1533333.3333333333,Medium,1
"Kha Para, Khilkhet",1260,3,3,6930000,23.8357383,90.42021890000001,khilkhet,Medium,1,0.026583613826944276,5500.0,0.75,1732500.0,Medium,1
"Rasdia Mouza, Uttara",1396,3,3,11500000,23.8899605,90.3883735,uttara,High,2,0.0832339069280038,8237.8223495702,0.75,2875000.0,Medium,1
"Abdul Hamid Road, Sholokbahar",1565,3,3,7260000,22.3663627,91.8358483,sholokbahar,Low,0,2.027529360932706,4638.977635782748,0.75,1815000.0,Large,1
"South Agrabad, Double Mooring",1549,3,3,7200000,22.3208039,91.80502179999999,double mooring,Low,0,2.039047717781622,4648.160103292446,0.75,1800000.0,Large,1
"Joydebpur, Gazipur Sadar Upazila",1240,3,3,4960000,23.9905079,90.3877184,gazipur sadar upazila,Low,0,0.18190386175386594,4000.0,0.75,1240000.0,Medium,1
"Proshanti R/A, 10 No. North Kattali Ward",1900,4,4,8930000,22.3642228,91.77001969999999,10 no. north kattali ward,Low,0,1.9834311191084824,4700.0,0.8,1786000.0,Large,1
"Section 6, Mirpur",1100,2,2,7000000,23.8119402,90.3642437,mirpur,Medium,1,0.04828416661524933,6363.636363636364,0.6666666666666666,2333333.3333333335,Medium,1
"Pallabi, Mirpur",1100,3,3,6600000,23.8223486,90.36542039999999,mirpur,Medium,1,0.048596887741092366,6000.0,0.75,1650000.0,Medium,1
"Kha Para, Khilkhet",1270,3,3,6985000,23.8357383,90.42021890000001,khilkhet,Medium,1,0.026583613826944276,5500.0,0.75,1746250.0,Medium,1
"Section 1, Mirpur",1155,3,3,7000000,23.8015639,90.3489496,mirpur,Medium,1,0.06414805362105391,6060.606060606061,0.75,1750000.0,Medium,1
"Rasdia Mouza, Uttara",1600,3,3,8000000,23.8899605,90.3883735,uttara,High,2,0.0832339069280038,5000.0,0.75,2000000.0,Large,1
"Section 1, Mirpur",1300,3,3,8400000,23.8015639,90.3489496,mirpur,Medium,1,0.06414805362105391,6461.538461538462,0.75,2100000.0,Medium,1
"Section 2, Mirpur",1250,3,3,7000000,23.8060072,90.3571841,mirpur,Medium,1,0.055482221698933715,5600.0,0.75,1750000.0,Medium,1
"Section 1, Mirpur",1260,3,3,5500000,23.8015639,90.3489496,mirpur,Medium,1,0.06414805362105391,4365.079365079365,0.75,1375000.0,Medium,1
"Kha Para, Khilkhet",1255,3,3,6902500,23.8357383,90.42021890000001,khilkhet,Medium,1,0.026583613826944276,5500.0,0.75,1725625.0,Medium,1
"Joydebpur, Gazipur Sadar Upazila",1240,3,3,4960000,23.9905079,90.3877184,gazipur sadar upazila,Low,0,0.18190386175386594,4000.0,0.75,1240000.0,Medium,1
"Middle Monipur, Mirpur",1100,2,2,5000000,23.7970198,90.3667921,mirpur,Medium,1,0.047598065448605065,4545.454545454545,0.6666666666666666,1666666.6666666667,Medium,1
"Block D, Bashundhara R-A",1350,3,3,12000000,23.8154814,90.43314099999999,bashundhara r-a,Medium,1,0.02128139532455245,8888.888888888889,0.75,3000000.0,Medium,1
"Middle Paikpara, Mirpur",1200,2,2,6000000,23.7903857,90.35894890000002,mirpur,Medium,1,0.057134049880064604,5000.0,0.6666666666666666,2000000.0,Medium,1
"Paikpara, Mirpur",1300,3,3,6500000,23.7881532,90.35953719999999,mirpur,Medium,1,0.05740678473909157,5000.0,0.75,1625000.0,Medium,1
"Khulshi Green Housing Society, Khulshi",1162,3,3,6500000,22.3650356,91.8085473,khulshi,Low,0,2.0094121652226247,5593.803786574871,0.75,1625000.0,Medium,1
"Section 2, Mirpur",900,2,2,6500000,23.8060072,90.3571841,mirpur,Medium,1,0.055482221698933715,7222.222222222223,0.6666666666666666,2166666.6666666665,Medium,1
"Section 2, Mirpur",650,2,2,3000000,23.8060072,90.3571841,mirpur,Medium,1,0.055482221698933715,4615.384615384615,0.6666666666666666,1000000.0,Small,1
"Block B, Banasree",1445,3,3,13000000,23.7619353,90.43314099999999,banasree,Low,0,0.05258512229794613,8996.539792387543,0.75,3250000.0,Medium,0
"Kamal Khan Road, Ibrahimpur",1115,2,2,5800000,23.7957523,90.381097,ibrahimpur,Low,0,0.034609015939345594,5201.793721973094,0.6666666666666666,1933333.3333333333,Medium,1
"Kallyanpur, Mirpur",1150,3,3,6000000,23.7822036,90.35953719999999,mirpur,Medium,1,0.059953864569354254,5217.391304347826,0.75,1500000.0,Medium,1
"East Azampur, Dakshin Khan",1000,2,2,6000000,23.869825,90.4117174,dakshin khan,Low,0,0.059530144361992374,6000.0,0.6666666666666666,2000000.0,Medium,1
"East Azampur, Dakshin Khan",1235,3,3,6175000,23.869825,90.4117174,dakshin khan,Low,0,0.059530144361992374,5000.0,0.75,1543750.0,Medium,1
"Section 10, Mirpur",1200,3,3,7500000,23.8119234,90.3713045,mirpur,Medium,1,0.04122747442919648,6250.0,0.75,1875000.0,Medium,1
"Rasdia Mouza, Uttara",2400,3,3,15000000,23.8899605,90.3883735,uttara,High,2,0.0832339069280038,6250.0,0.75,3750000.0,Large,0
"Section 2, Mirpur",1750,3,3,13000000,23.8060072,90.3571841,mirpur,Medium,1,0.055482221698933715,7428.571428571428,0.75,3250000.0,Large,0
"Section 6, Mirpur",750,2,2,5000000,23.8119402,90.3642437,mirpur,Medium,1,0.04828416661524933,6666.666666666667,0.6666666666666666,1666666.6666666667,Small,1
"Section 11, Mirpur",650,2,2,2300000,23.8178783,90.3689508,mirpur,Medium,1,0.04420365880252531,3538.4615384615386,0.6666666666666666,766666.6666666666,Small,1
"Pirerbag, Mirpur",1200,3,3,6000000,23.7911115,90.3665972,mirpur,Medium,1,0.049752040964059545,5000.0,0.75,1500000.0,Medium,1
"West Agargaon, Agargaon",1050,3,3,5500000,23.7807183,90.3693678,agargaon,Low,0,0.05230166012402525,5238.0952380952385,0.75,1375000.0,Medium,1
"Ahmed Nagar, Mirpur",1635,4,4,9000000,23.793741,90.35503039999999,mirpur,Medium,1,0.05980765339954874,5504.587155963302,0.8,1800000.0,Large,1
"Sobur khan Road, Dakshin Khan",1350,3,3,6500000,23.8734779,90.4076398,dakshin khan,Low,0,0.06336456890447446,4814.814814814815,0.75,1625000.0,Medium,1
"Kallyanpur, Mirpur",1120,3,3,6000000,23.7822036,90.35953719999999,mirpur,Medium,1,0.059953864569354254,5357.142857142857,0.75,1500000.0,Medium,1
"Pirerbag, Mirpur",1250,3,3,6500000,23.7911115,90.3665972,mirpur,Medium,1,0.049752040964059545,5200.0,0.75,1625000.0,Medium,1
"Kallyanpur, Mirpur",1070,2,2,4600000,23.7822036,90.35953719999999,mirpur,Medium,1,0.059953864569354254,4299.065420560748,0.6666666666666666,1533333.3333333333,Medium,1
"Chandrima Model Town, Mohammadpur",1461,3,3,7500000,23.75969,90.3398058,mohammadpur,Medium,1,0.0885766267908209,5133.47022587269,0.75,1875000.0,Medium,1
"West Shewrapara, Mirpur",850,3,3,7000000,23.7881199,90.3736584,mirpur,Medium,1,0.044728366017213576,8235.29411764706,0.75,1750000.0,Medium,1
"Middle Paikpara, Mirpur",1100,3,3,4200000,23.7903857,90.35894890000002,mirpur,Medium,1,0.057134049880064604,3818.181818181818,0.75,1050000.0,Medium,1
"Pirerbag, Mirpur",1050,2,2,5800000,23.7911115,90.3665972,mirpur,Medium,1,0.049752040964059545,5523.809523809524,0.6666666666666666,1933333.3333333333,Medium,1
"Akbarshah Railway Colony, 9 No. North Pahartali Ward",1200,3,3,5800000,22.3637693,91.7925357,9 no. north pahartali ward,Low,0,1.9992372543840318,4833.333333333333,0.75,1450000.0,Medium,1
"Section 2, Mirpur",975,2,2,5000000,23.8060072,90.3571841,mirpur,Medium,1,0.055482221698933715,5128.205128205128,0.6666666666666666,1666666.6666666667,Medium,1
"Ahmed Nagar, Mirpur",1050,2,2,5500000,23.793741,90.35503039999999,mirpur,Medium,1,0.05980765339954874,5238.0952380952385,0.6666666666666666,1833333.3333333333,Medium,1
"Section 10, Mirpur",1200,3,3,6600000,23.8119234,90.3713045,mirpur,Medium,1,0.04122747442919648,5500.0,0.75,1650000.0,Medium,1
"Joydebpur, Gazipur Sadar Upazila",1300,3,3,5200000,23.9905079,90.3877184,gazipur sadar upazila,Low,0,0.18190386175386594,4000.0,0.75,1300000.0,Medium,1
"Section 11, Mirpur",925,2,2,5600000,23.8178783,90.3689508,mirpur,Medium,1,0.04420365880252531,6054.054054054054,0.6666666666666666,1866666.6666666667,Medium,1
"Sector 10, Uttara",1575,4,4,10000000,23.884012,90.3883735,uttara,High,2,0.07755995710577243,6349.206349206349,0.8,2000000.0,Large,1
"Shekhertek, Mohammadpur",1350,3,3,8800000,23.7690369,90.35645149999999,mohammadpur,Medium,1,0.06959940929246794,6518.518518518518,0.75,2200000.0,Medium,1
"Ranavola Road, Turag",1070,2,2,4600000,23.8859412,90.3865195,turag,Low,0,0.07997860662508051,4299.065420560748,0.6666666666666666,1533333.3333333333,Medium,1
"Section 11, Mirpur",1250,3,3,5000000,23.8178783,90.3689508,mirpur,Medium,1,0.04420365880252531,4000.0,0.75,1250000.0,Medium,1
"Section 10, Mirpur",885,2,2,4425000,23.8119234,90.3713045,mirpur,Medium,1,0.04122747442919648,5000.0,0.6666666666666666,1475000.0,Medium,1
"Manikdi, Cantonment",1250,3,3,5000000,23.8260022,90.3919059,cantonment,Low,0,0.025897413763730507,4000.0,0.75,1250000.0,Medium,1
"Section 11, Mirpur",1150,3,3,7975000,23.8178783,90.3689508,mirpur,Medium,1,0.04420365880252531,6934.782608695652,0.75,1993750.0,Medium,1
"Section 11, Mirpur",650,2,2,3600000,23.8178783,90.3689508,mirpur,Medium,1,0.04420365880252531,5538.461538461538,0.6666666666666666,1200000.0,Small,1
"Mirpur DOHS, Mirpur",2100,4,4,16830000,23.836468,90.36953919999999,mirpur,Medium,1,0.05030302735064935,8014.285714285715,0.8,3366000.0,Large,0
"Section 11, Mirpur",1250,3,3,8625000,23.8178783,90.3689508,mirpur,Medium,1,0.04420365880252531,6900.0,0.75,2156250.0,Medium,1
"Pirerbag, Mirpur",720,2,2,4800000,23.7911115,90.3665972,mirpur,Medium,1,0.049752040964059545,6666.666666666667,0.6666666666666666,1600000.0,Small,1
"Sector 10, Uttara",1300,3,3,7500000,23.884012,90.3883735,uttara,High,2,0.07755995710577243,5769.2307692307695,0.75,1875000.0,Medium,1
"West Shewrapara, Mirpur",985,3,3,6500000,23.7881199,90.3736584,mirpur,Medium,1,0.044728366017213576,6598.984771573604,0.75,1625000.0,Medium,1
"Muslim Modern College Road, Kachukhet",1235,3,3,5928000,23.7954055,90.3905866,kachukhet,Low,0,0.026496098388432626,4800.0,0.75,1482000.0,Medium,1
"Section 10, Mirpur",950,2,2,5200000,23.8119234,90.3713045,mirpur,Medium,1,0.04122747442919648,5473.684210526316,0.6666666666666666,1733333.3333333333,Medium,1
"East Shewrapara, Mirpur",1000,2,2,3500000,23.7933187,90.376601,mirpur,Medium,1,0.03971275299812494,3500.0,0.6666666666666666,1166666.6666666667,Medium,1
"Ranavola Road, Turag",1070,2,2,4600000,23.8859412,90.3865195,turag,Low,0,0.07997860662508051,4299.065420560748,0.6666666666666666,1533333.3333333333,Medium,1
"Section 6, Mirpur",700,1,1,2500000,23.8119402,90.3642437,mirpur,Medium,1,0.04828416661524933,3571.4285714285716,0.5,1250000.0,Small,1
"Shekhertek, Mohammadpur",1400,3,3,8200000,23.7690369,90.35645149999999,mohammadpur,Medium,1,0.06959940929246794,5857.142857142857,0.75,2050000.0,Medium,1
"West Kazipara, Mirpur",1000,2,2,5000000,23.797795,90.3707161,mirpur,Medium,1,0.0436150126012811,5000.0,0.6666666666666666,1666666.6666666667,Medium,1
"Section 11, Mirpur",1050,3,3,7325000,23.8178783,90.3689508,mirpur,Medium,1,0.04420365880252531,6976.190476190476,0.75,1831250.0,Medium,1
"Section 11, Mirpur",750,2,2,2500000,23.8178783,90.3689508,mirpur,Medium,1,0.04420365880252531,3333.3333333333335,0.6666666666666666,833333.3333333334,Small,1
"Rasdia Mouza, Uttara",965,3,3,9000000,23.8899605,90.3883735,uttara,High,2,0.0832339069280038,9326.42487046632,0.75,2250000.0,Medium,1
"South Khulshi, Khulshi",1400,3,3,8500000,22.3587138,91.8108977,khulshi,Low,0,2.015593863702642,6071.428571428572,0.75,2125000.0,Medium,1
"Section 11, Mirpur",650,2,2,3300000,23.8178783,90.3689508,mirpur,Medium,1,0.04420365880252531,5076.923076923077,0.6666666666666666,1100000.0,Small,1
"Section 12, Mirpur",1400,3,3,8140000,23.8253064,90.37248149999999,mirpur,Medium,1,0.042739588009363054,5814.285714285715,0.75,2035000.0,Medium,1
"Section 11, Mirpur",1610,3,3,13000000,23.8178783,90.3689508,mirpur,Medium,1,0.04420365880252531,8074.534161490683,0.75,3250000.0,Large,0
"Chandana, Gazipur Sadar Upazila",1000,2,2,4300000,23.9999322,90.4202176,gazipur sadar upazila,Low,0,0.18978917942443263,4300.0,0.6666666666666666,1433333.3333333333,Medium,1
"Sector 9, Uttara",1618,3,3,12500000,23.8772975,90.3972052,uttara,High,2,0.06872114604173656,7725.587144622991,0.75,3125000.0,Large,1
"Shahjadpur, Badda",1500,3,3,12800000,23.7917066,90.4248906,badda,Low,0,0.02234371258139737,8533.333333333334,0.75,3200000.0,Medium,0
"Paikpara, Mirpur",1350,3,3,9600000,23.7881532,90.35953719999999,mirpur,Medium,1,0.05740678473909157,7111.111111111111,0.75,2400000.0,Medium,1
"Block J, Baridhara",2200,4,4,22000000,23.7976561,90.4248906,baridhara,High,2,0.0177029708119879,10000.0,0.8,4400000.0,Large,0
"Paikpara, Mirpur",1650,4,4,9900000,23.7881532,90.35953719999999,mirpur,Medium,1,0.05740678473909157,6000.0,0.8,1980000.0,Large,1
"Chandana, Gazipur Sadar Upazila",1000,2,2,4300000,23.9999322,90.4202176,gazipur sadar upazila,Low,0,0.18978917942443263,4300.0,0.6666666666666666,1433333.3333333333,Medium,1
"West Agargaon, Agargaon",1400,3,3,6500000,23.7807183,90.3693678,agargaon,Low,0,0.05230166012402525,4642.857142857143,0.75,1625000.0,Medium,1
"Middle Badda, Badda",1650,3,3,16000000,23.7798106,90.42371209999999,badda,Low,0,0.0324856075635027,9696.969696969696,0.75,4000000.0,Large,0
"Shahjadpur, Badda",1495,3,3,15750000,23.7917066,90.4248906,badda,Low,0,0.02234371258139737,10535.117056856187,0.75,3937500.0,Medium,0
"Section 11, Mirpur",1250,3,3,8625000,23.8178783,90.3689508,mirpur,Medium,1,0.04420365880252531,6900.0,0.75,2156250.0,Medium,1
"Rasdia Mouza, Uttara",1150,3,3,5000000,23.8899605,90.3883735,uttara,High,2,0.0832339069280038,4347.826086956522,0.75,1250000.0,Medium,1
"Shahjadpur, Badda",1207,3,3,12870000,23.7917066,90.4248906,badda,Low,0,0.02234371258139737,10662.800331400165,0.75,3217500.0,Medium,0
"Rasdia Mouza, Uttara",1260,4,4,14000000,23.8899605,90.3883735,uttara,High,2,0.0832339069280038,11111.111111111111,0.8,2800000.0,Medium,0
"North Kafrul Road, Ibrahimpur",1120,3,3,5040000,23.7915385,90.384053,ibrahimpur,Low,0,0.03407676174829406,4500.0,0.75,1260000.0,Medium,1
"Chandana, Gazipur Sadar Upazila",1000,2,2,4300000,23.9999322,90.4202176,gazipur sadar upazila,Low,0,0.18978917942443263,4300.0,0.6666666666666666,1433333.3333333333,Medium,1
"Sector 18, Uttara",1654,4,4,9500000,23.8550847,90.3583606,uttara,High,2,0.0702619668558277,5743.651753325272,0.8,1900000.0,Large,1
"Pallabi, Mirpur",1150,3,3,6000000,23.8223486,90.36542039999999,mirpur,Medium,1,0.048596887741092366,5217.391304347826,0.75,1500000.0,Medium,1
"Section 6, Mirpur",650,2,2,3200000,23.8119402,90.3642437,mirpur,Medium,1,0.04828416661524933,4923.076923076923,0.6666666666666666,1066666.6666666667,Small,1
"Section 10, Mirpur",1130,3,3,7200000,23.8119234,90.3713045,mirpur,Medium,1,0.04122747442919648,6371.6814159292035,0.75,1800000.0,Medium,1
"Shahjadpur, Badda",1475,3,3,15550000,23.7917066,90.4248906,badda,Low,0,0.02234371258139737,10542.372881355932,0.75,3887500.0,Medium,0
"Block A, Bashundhara R-A",2100,4,4,23110000,23.8136688,90.42957170000001,bashundhara r-a,Medium,1,0.017400912456838256,11004.761904761905,0.8,4622000.0,Large,0
"Rasdia Mouza, Uttara",1310,3,3,7205000,23.8899605,90.3883735,uttara,High,2,0.0832339069280038,5500.0,0.75,1801250.0,Medium,1
"Kallyanpur, Mirpur",1430,3,3,8580000,23.7822036,90.35953719999999,mirpur,Medium,1,0.059953864569354254,6000.0,0.75,2145000.0,Medium,1
"Science Museum To Water Tank Road, Agargaon",1356,3,3,7800000,23.7791954,90.3736584,agargaon,Low,0,0.049761089535097516,5752.212389380531,0.75,1950000.0,Medium,1
"Ahmed Nagar, Mirpur",1200,3,3,7000000,23.793741,90.35503039999999,mirpur,Medium,1,0.05980765339954874,5833.333333333333,0.75,1750000.0,Medium,1
"Block G, Bashundhara R-A",1856,4,4,17500000,23.8244052,90.43314099999999,bashundhara r-a,Medium,1,0.02500015096034202,9428.879310344828,0.8,3500000.0,Large,0
"Section 12, Mirpur",650,2,2,3200000,23.8253064,90.37248149999999,mirpur,Medium,1,0.042739588009363054,4923.076923076923,0.6666666666666666,1066666.6666666667,Small,1
"Ahmed Nagar, Mirpur",1050,2,2,5500000,23.793741,90.35503039999999,mirpur,Medium,1,0.05980765339954874,5238.0952380952385,0.6666666666666666,1833333.3333333333,Medium,1
"Nasirabad Housing Society, Muradpur",1900,4,4,14100000,22.3650739,91.8276288,muradpur,Low,0,2.0226883103213584,7421.0526315789475,0.8,2820000.0,Large,0
"Section 11, Mirpur",1476,3,3,8000000,23.8178783,90.3689508,mirpur,Medium,1,0.04420365880252531,5420.054200542006,0.75,2000000.0,Medium,1
"Nayatola, Maghbazar",1350,3,3,8000000,23.7527734,90.4057324,maghbazar,Low,0,0.057923312382150344,5925.925925925926,0.75,2000000.0,Medium,1
"Manikdi, Cantonment",1230,3,3,5000000,23.8260022,90.3919059,cantonment,Low,0,0.025897413763730507,4065.040650406504,0.75,1250000.0,Medium,1
"West Agargaon, Agargaon",1050,2,2,5000000,23.7807183,90.3693678,agargaon,Low,0,0.05230166012402525,4761.9047619047615,0.6666666666666666,1666666.6666666667,Medium,1
"Faydabad, Dakshin Khan",1000,2,2,3700000,23.8772544,90.41369619999999,dakshin khan,Low,0,0.06696508473674931,3700.0,0.6666666666666666,1233333.3333333333,Medium,1
"Nasirabad Housing Society, Muradpur",1860,4,4,13820000,22.3650739,91.8276288,muradpur,Low,0,2.0226883103213584,7430.10752688172,0.8,2764000.0,Large,0
"Block F, Bashundhara R-A",1600,4,4,14500000,23.820682,90.43490919999999,bashundhara r-a,Medium,1,0.024697331204806904,9062.5,0.8,2900000.0,Large,0
"Section 10, Mirpur",1150,2,2,5750000,23.8119234,90.3713045,mirpur,Medium,1,0.04122747442919648,5000.0,0.6666666666666666,1916666.6666666667,Medium,1
"Section 10, Mirpur",1150,2,2,5750000,23.8119234,90.3713045,mirpur,Medium,1,0.04122747442919648,5000.0,0.6666666666666666,1916666.6666666667,Medium,1
"Pallabi, Mirpur",1200,2,2,7000000,23.8223486,90.36542039999999,mirpur,Medium,1,0.048596887741092366,5833.333333333333,0.6666666666666666,2333333.3333333335,Medium,1
"West Agargaon, Agargaon",1497,4,4,9500000,23.7807183,90.3693678,agargaon,Low,0,0.05230166012402525,6346.0253841015365,0.8,1900000.0,Medium,1
"East Kazipara, Mirpur",850,2,2,5000000,23.8000133,90.3760125,mirpur,Medium,1,0.03790981209580841,5882.35294117647,0.6666666666666666,1666666.6666666667,Medium,1
"Block J, Bashundhara R-A",2150,4,4,18575000,23.8228913,90.4425723,bashundhara r-a,Medium,1,0.03260190275091242,8639.53488372093,0.8,3715000.0,Large,0
"Sector 4, Uttara",1750,3,3,18000000,23.8624077,90.4042719,uttara,High,2,0.0527533319222552,10285.714285714286,0.75,4500000.0,Large,0
"Manikdi, Cantonment",1230,3,3,5000000,23.8260022,90.3919059,cantonment,Low,0,0.025897413763730507,4065.040650406504,0.75,1250000.0,Medium,1
"Block F, Bashundhara R-A",1796,4,4,14000000,23.820682,90.43490919999999,bashundhara r-a,Medium,1,0.024697331204806904,7795.100222717149,0.8,2800000.0,Large,0
"Section 10, Mirpur",1100,2,2,5500000,23.8119234,90.3713045,mirpur,Medium,1,0.04122747442919648,5000.0,0.6666666666666666,1833333.3333333333,Medium,1
"Block H, Bashundhara R-A",2200,4,4,20000000,23.8258759,90.4390353,bashundhara r-a,Medium,1,0.03076899099581054,9090.90909090909,0.8,4000000.0,Large,0
"Nasirabad Housing Society, Muradpur",1860,4,4,13820000,22.3650739,91.8276288,muradpur,Low,0,2.0226883103213584,7430.10752688172,0.8,2764000.0,Large,0
"Block H, Aftab Nagar",2000,5,5,20000000,23.7641281,90.44669909999999,aftab nagar,Low,0,0.057458008931912594,10000.0,0.8333333333333334,3333333.3333333335,Large,0
"Section 12, Mirpur",1400,3,3,6000000,23.8253064,90.37248149999999,mirpur,Medium,1,0.042739588009363054,4285.714285714285,0.75,1500000.0,Medium,1
"Block I, Bashundhara R-A",2250,4,4,18000000,23.8206687,90.43962479999999,bashundhara r-a,Medium,1,0.02903902055389801,8000.0,0.8,3600000.0,Large,0
"Block E, Banasree",1055,3,3,5800000,23.7619353,90.43314099999999,banasree,Low,0,0.05258512229794613,5497.630331753555,0.75,1450000.0,Medium,1
"Section 10, Mirpur",1150,2,2,5500000,23.8119234,90.3713045,mirpur,Medium,1,0.04122747442919648,4782.608695652174,0.6666666666666666,1833333.3333333333,Medium,1
"Monipuri School Road, Ibrahimpur",1450,3,3,9500000,23.7940465,90.3830754,ibrahimpur,Low,0,0.03361522493469237,6551.724137931034,0.75,2375000.0,Medium,1
"Rasdia Mouza, Uttara",1206,3,3,14000000,23.8899605,90.3883735,uttara,High,2,0.0832339069280038,11608.623548922056,0.75,3500000.0,Medium,0
"East Monipur, Mirpur",850,2,2,5100000,23.8009532,90.3717459,mirpur,Medium,1,0.04181219124908583,6000.0,0.6666666666666666,1700000.0,Medium,1
"Cosmopolitan R/A, 7 No. West Sholoshohor Ward",1120,2,2,6720000,22.369592,91.8212063,7 no. west sholoshohor ward,Low,0,2.014967240657701,6000.0,0.6666666666666666,2240000.0,Medium,1
"East Shewrapara, Mirpur",1150,3,3,6500000,23.7933187,90.376601,mirpur,Medium,1,0.03971275299812494,5652.173913043478,0.75,1625000.0,Medium,1
"24 No. North Agrabad Ward, Double Mooring",1200,3,3,6000000,22.3327212,91.80502179999999,double mooring,Low,0,2.030358607163935,5000.0,0.75,1500000.0,Medium,1
"Middle Paikpara, Mirpur",980,3,3,5500000,23.7903857,90.35894890000002,mirpur,Medium,1,0.057134049880064604,5612.244897959184,0.75,1375000.0,Medium,1
"Section 11, Mirpur",650,2,2,3000000,23.8178783,90.3689508,mirpur,Medium,1,0.04420365880252531,4615.384615384615,0.6666666666666666,1000000.0,Small,1
"East Rampura, Rampura",1350,3,3,11000000,23.7582378,90.42547979999999,rampura,Low,0,0.0536558279861572,8148.148148148148,0.75,2750000.0,Medium,1
"Section 11, Mirpur",600,2,2,2300000,23.8178783,90.3689508,mirpur,Medium,1,0.04420365880252531,3833.3333333333335,0.6666666666666666,766666.6666666666,Small,1
"Rupnagar R/A, Mirpur",850,2,2,5300000,23.8085164,90.3558058,mirpur,Medium,1,0.05672224909680062,6235.294117647059,0.6666666666666666,1766666.6666666667,Medium,1
"Section 1, Mirpur",1570,4,4,12500000,23.8015639,90.3489496,mirpur,Medium,1,0.06414805362105391,7961.783439490446,0.8,2500000.0,Large,1
"Cosmopolitan R/A, 7 No. West Sholoshohor Ward",1100,2,2,6600000,22.369592,91.8212063,7 no. west sholoshohor ward,Low,0,2.014967240657701,6000.0,0.6666666666666666,2200000.0,Medium,1
"Kallyanpur, Mirpur",1180,3,3,5500000,23.7822036,90.35953719999999,mirpur,Medium,1,0.059953864569354254,4661.016949152542,0.75,1375000.0,Medium,1
"Chandana, Gazipur Sadar Upazila",920,2,2,3220000,23.9999322,90.4202176,gazipur sadar upazila,Low,0,0.18978917942443263,3500.0,0.6666666666666666,1073333.3333333333,Medium,1
"Section 12, Mirpur",1770,3,3,9000000,23.8253064,90.37248149999999,mirpur,Medium,1,0.042739588009363054,5084.745762711865,0.75,2250000.0,Large,1
"West Nakhalpara, Tejgaon",1245,3,3,9000000,23.7694761,90.394261,tejgaon,Low,0,0.044712995115626424,7228.915662650603,0.75,2250000.0,Medium,1
"East Kazipara, Mirpur",1000,2,2,6500000,23.8000133,90.3760125,mirpur,Medium,1,0.03790981209580841,6500.0,0.6666666666666666,2166666.6666666665,Medium,1
"Middle Paikpara, Mirpur",1000,2,2,5500000,23.7903857,90.35894890000002,mirpur,Medium,1,0.057134049880064604,5500.0,0.6666666666666666,1833333.3333333333,Medium,1
"Rupnagar R/A, Mirpur",1250,4,4,6800000,23.8085164,90.3558058,mirpur,Medium,1,0.05672224909680062,5440.0,0.8,1360000.0,Medium,1
"Block D, Banasree",1285,3,3,11000000,23.7619353,90.43314099999999,banasree,Low,0,0.05258512229794613,8560.311284046693,0.75,2750000.0,Medium,1
"24 No. North Agrabad Ward, Double Mooring",1200,3,3,6000000,22.3327212,91.80502179999999,double mooring,Low,0,2.030358607163935,5000.0,0.75,1500000.0,Medium,1
"Block J, Bashundhara R-A",2150,4,4,18875000,23.8228913,90.4425723,bashundhara r-a,Medium,1,0.03260190275091242,8779.06976744186,0.8,3775000.0,Large,0
"Section 2, Mirpur",1133,3,3,5200000,23.8060072,90.3571841,mirpur,Medium,1,0.055482221698933715,4589.585172109444,0.75,1300000.0,Medium,1
"Rasdia Mouza, Uttara",1350,3,3,9000000,23.8899605,90.3883735,uttara,High,2,0.0832339069280038,6666.666666666667,0.75,2250000.0,Medium,1
"Rasdia Mouza, Uttara",1905,3,3,21000000,23.8899605,90.3883735,uttara,High,2,0.0832339069280038,11023.622047244095,0.75,5250000.0,Large,0
"Baitul Aman Housing Society, Adabor",800,2,2,5600000,23.7734642,90.3580005,adabor,Low,0,0.0657804808578444,7000.0,0.6666666666666666,1866666.6666666667,Medium,1
"Rasdia Mouza, Uttara",2000,4,4,19000000,23.8899605,90.3883735,uttara,High,2,0.0832339069280038,9500.0,0.8,3800000.0,Large,0
"Kallyanpur, Mirpur",1220,3,3,7000000,23.7822036,90.35953719999999,mirpur,Medium,1,0.059953864569354254,5737.704918032787,0.75,1750000.0,Medium,1
"Block C, Bashundhara R-A",250,1,1,3400000,23.8184723,90.4272477,bashundhara r-a,Medium,1,0.01686063885444435,13600.0,0.5,1700000.0,Small,1
"Middle Paikpara, Mirpur",915,2,2,4000000,23.7903857,90.35894890000002,mirpur,Medium,1,0.057134049880064604,4371.584699453552,0.6666666666666666,1333333.3333333333,Medium,1
"Section 10, Mirpur",980,2,2,5500000,23.8119234,90.3713045,mirpur,Medium,1,0.04122747442919648,5612.244897959184,0.6666666666666666,1833333.3333333333,Medium,1
"Section 12, Mirpur",650,2,2,2200000,23.8253064,90.37248149999999,mirpur,Medium,1,0.042739588009363054,3384.6153846153848,0.6666666666666666,733333.3333333334,Small,1
"South Agrabad, Double Mooring",1300,3,3,7150000,22.3208039,91.80502179999999,double mooring,Low,0,2.039047717781622,5500.0,0.75,1787500.0,Medium,1
"Dewan Bazar, Bakalia",1206,3,3,5427000,22.3427257,91.8428065,bakalia,Low,0,2.0492806079116517,4500.0,0.75,1356750.0,Medium,1
"Dewan Bazar, Bakalia",1186,3,3,5337000,22.3427257,91.8428065,bakalia,Low,0,2.0492806079116517,4500.0,0.75,1334250.0,Medium,1
"Bahaddarhat, 4 No Chandgaon Ward",1355,3,3,5013500,22.3702767,91.8434162,4 no chandgaon ward,Low,0,2.0300710026906263,3700.0,0.75,1253375.0,Medium,1
"24 No. North Agrabad Ward, Double Mooring",1200,2,2,5000000,22.3327212,91.80502179999999,double mooring,Low,0,2.030358607163935,4166.666666666667,0.6666666666666666,1666666.6666666667,Medium,1
"North Forida Para, 4 No Chandgaon Ward",1550,3,3,6500000,27.6648274,-81.5157535,4 no chandgaon ward,Low,0,171.9714561578101,4193.548387096775,0.75,1625000.0,Large,1
"Dewan Bazar, Bakalia",1186,3,3,5337000,22.3427257,91.8428065,bakalia,Low,0,2.0492806079116517,4500.0,0.75,1334250.0,Medium,1
"Dewan Bazar, Bakalia",2000,3,3,10000000,22.3427257,91.8428065,bakalia,Low,0,2.0492806079116517,5000.0,0.75,2500000.0,Large,1
"Bahaddarhat, 4 No Chandgaon Ward",1535,3,3,6000000,22.3702767,91.8434162,4 no chandgaon ward,Low,0,2.0300710026906263,3908.7947882736157,0.75,1500000.0,Large,1
"Rasdia Mouza, Uttara",1050,2,2,4000000,23.8899605,90.3883735,uttara,High,2,0.0832339069280038,3809.5238095238096,0.6666666666666666,1333333.3333333333,Medium,1
"Cosmopolitan R/A, 7 No. West Sholoshohor Ward",1335,3,3,6007500,22.369592,91.8212063,7 no. west sholoshohor ward,Low,0,2.014967240657701,4500.0,0.75,1501875.0,Medium,1
"Chandgaon Residential Area, 4 No Chandgaon Ward",1298,3,3,6490000,22.3784211,91.8476843,4 no chandgaon ward,Low,0,2.027321178114536,5000.0,0.75,1622500.0,Medium,1
"23 No. North Pathantooly Ward, Double Mooring",1222,3,3,4888000,22.3370683,91.81598819999999,double mooring,Low,0,2.0347458734259996,4000.0,0.75,1222000.0,Medium,1
"24 No. North Agrabad Ward, Double Mooring",1200,2,2,4800000,22.3327212,91.80502179999999,double mooring,Low,0,2.030358607163935,4000.0,0.6666666666666666,1600000.0,Medium,1
"23 No. North Pathantooly Ward, Double Mooring",1226,3,3,4904000,22.3370683,91.81598819999999,double mooring,Low,0,2.0347458734259996,4000.0,0.75,1226000.0,Medium,1
"Dewan Bazar, Bakalia",1250,3,3,5625000,22.3427257,91.8428065,bakalia,Low,0,2.0492806079116517,4500.0,0.75,1406250.0,Medium,1
"Cosmopolitan R/A, 7 No. West Sholoshohor Ward",1330,3,3,5985000,22.369592,91.8212063,7 no. west sholoshohor ward,Low,0,2.014967240657701,4500.0,0.75,1496250.0,Medium,1
"Nasirabad Housing Society, Muradpur",1850,4,4,10000000,22.3650739,91.8276288,muradpur,Low,0,2.0226883103213584,5405.405405405405,0.8,2000000.0,Large,1
"South Agrabad, Double Mooring",1075,3,3,5052500,22.3208039,91.80502179999999,double mooring,Low,0,2.039047717781622,4700.0,0.75,1263125.0,Medium,1
"Dewan Bazar, Bakalia",1206,3,3,5427000,22.3427257,91.8428065,bakalia,Low,0,2.0492806079116517,4500.0,0.75,1356750.0,Medium,1
"Dewan Bazar, Bakalia",1206,3,3,5427000,22.3427257,91.8428065,bakalia,Low,0,2.0492806079116517,4500.0,0.75,1356750.0,Medium,1
"Chand Mia Road, 4 No Chandgaon Ward",1500,3,3,6800000,22.3878302,91.8447961,4 no chandgaon ward,Low,0,2.018636284719776,4533.333333333333,0.75,1700000.0,Medium,1
"Dewan Bazar, Bakalia",1206,3,3,5427000,22.3427257,91.8428065,bakalia,Low,0,2.0492806079116517,4500.0,0.75,1356750.0,Medium,1
"24 No. North Agrabad Ward, Double Mooring",1250,2,2,4800000,22.3327212,91.80502179999999,double mooring,Low,0,2.030358607163935,3840.0,0.6666666666666666,1600000.0,Medium,1
"Dewan Bazar, Bakalia",1500,3,3,8500000,22.3427257,91.8428065,bakalia,Low,0,2.0492806079116517,5666.666666666667,0.75,2125000.0,Medium,1
"Chandgaon Residential Area, 4 No Chandgaon Ward",1550,3,3,7500000,22.3784211,91.8476843,4 no chandgaon ward,Low,0,2.027321178114536,4838.709677419355,0.75,1875000.0,Large,1
"Cosmopolitan R/A, 7 No. West Sholoshohor Ward",1120,2,2,6720000,22.369592,91.8212063,7 no. west sholoshohor ward,Low,0,2.014967240657701,6000.0,0.6666666666666666,2240000.0,Medium,1
"Dewan Bazar, Bakalia",1206,3,3,5427000,22.3427257,91.8428065,bakalia,Low,0,2.0492806079116517,4500.0,0.75,1356750.0,Medium,1
"Chandgaon Residential Area, 4 No Chandgaon Ward",1700,3,3,8160000,22.3784211,91.8476843,4 no chandgaon ward,Low,0,2.027321178114536,4800.0,0.75,2040000.0,Large,1
"Vatara, Badda",1310,3,3,7900000,23.8002468,90.42931019999999,badda,Low,0,0.01958697664980115,6030.534351145038,0.75,1975000.0,Medium,1
"South Mollartek, Dakshin Khan",1475,3,3,8850000,23.8571886,90.40957279999999,dakshin khan,Low,0,0.04697988196877386,6000.0,0.75,2212500.0,Medium,1
"Pallabi, Mirpur",1580,3,3,10500000,23.8223486,90.36542039999999,mirpur,Medium,1,0.048596887741092366,6645.569620253164,0.75,2625000.0,Large,1
"East Monipur, Mirpur",1150,3,3,7000000,23.8009532,90.3717459,mirpur,Medium,1,0.04181219124908583,6086.95652173913,0.75,1750000.0,Medium,1
"Kaibalyadham Housing Society, 9 No. North Pahartali Ward",1350,3,3,6300000,22.3761758,91.7818796,9 no. north pahartali ward,Low,0,1.9829051187391227,4666.666666666667,0.75,1575000.0,Medium,1
"Section 6, Mirpur",770,2,2,4000000,23.8119402,90.3642437,mirpur,Medium,1,0.04828416661524933,5194.805194805195,0.6666666666666666,1333333.3333333333,Small,1
"Dewan Bazar, Bakalia",1500,3,3,8250000,22.3427257,91.8428065,bakalia,Low,0,2.0492806079116517,5500.0,0.75,2062500.0,Medium,1
"Block A, Bashundhara R-A",1852,3,3,21500000,23.8136688,90.42957170000001,bashundhara r-a,Medium,1,0.017400912456838256,11609.071274298056,0.75,5375000.0,Large,0
"Dewan Bazar, Bakalia",1253,3,3,5638500,22.3427257,91.8428065,bakalia,Low,0,2.0492806079116517,4500.0,0.75,1409625.0,Medium,1
"Ashkona, Dakshin Khan",1450,2,2,9425000,23.853447,90.4184093,dakshin khan,Low,0,0.04354978111873562,6500.0,0.6666666666666666,3141666.6666666665,Medium,1
"Block H, Bashundhara R-A",1560,3,3,15600000,23.8258759,90.4390353,bashundhara r-a,Medium,1,0.03076899099581054,10000.0,0.75,3900000.0,Large,0
"Sector 18, Uttara",1654,4,4,8500000,23.8550847,90.3583606,uttara,High,2,0.0702619668558277,5139.056831922612,0.8,1700000.0,Large,1
"Section 2, Mirpur",1740,4,4,11300000,23.8060072,90.3571841,mirpur,Medium,1,0.055482221698933715,6494.252873563219,0.8,2260000.0,Large,1
"Dewan Bazar, Bakalia",1253,3,3,5638500,22.3427257,91.8428065,bakalia,Low,0,2.0492806079116517,4500.0,0.75,1409625.0,Medium,1
"Dewan Bazar, Bakalia",1302,3,3,5859000,22.3427257,91.8428065,bakalia,Low,0,2.0492806079116517,4500.0,0.75,1464750.0,Medium,1
"Baitul Aman Housing Society, Adabor",900,2,2,4000000,23.7734642,90.3580005,adabor,Low,0,0.0657804808578444,4444.444444444444,0.6666666666666666,1333333.3333333333,Medium,1
"Dewan Bazar, Bakalia",1685,3,3,9267500,22.3427257,91.8428065,bakalia,Low,0,2.0492806079116517,5500.0,0.75,2316875.0,Large,1
"Dewan Bazar, Bakalia",1262,3,3,5679000,22.3427257,91.8428065,bakalia,Low,0,2.0492806079116517,4500.0,0.75,1419750.0,Medium,1
"East Monipur, Mirpur",1520,3,3,11400000,23.8009532,90.3717459,mirpur,Medium,1,0.04181219124908583,7500.0,0.75,2850000.0,Large,1
"Lalkuthi, Mirpur",1200,3,3,6000000,23.7889277,90.34600909999999,mirpur,Medium,1,0.06984135587244,5000.0,0.75,1500000.0,Medium,1
"Dewan Bazar, Bakalia",1262,3,3,5679000,22.3427257,91.8428065,bakalia,Low,0,2.0492806079116517,4500.0,0.75,1419750.0,Medium,1
"24 No. North Agrabad Ward, Double Mooring",900,2,2,5300000,22.3327212,91.80502179999999,double mooring,Low,0,2.030358607163935,5888.888888888889,0.6666666666666666,1766666.6666666667,Medium,1
"Block F, Banasree",1700,3,3,14900000,23.7604313,90.4390353,banasree,Low,0,0.056489020046203986,8764.70588235294,0.75,3725000.0,Large,0
Agargaon,1700,3,3,11000000,23.7791954,90.3736584,agargaon,Low,0,0.049761089535097516,6470.588235294118,0.75,2750000.0,Large,1
"Lalkuthi, Mirpur",1300,3,3,6000000,23.7889277,90.34600909999999,mirpur,Medium,1,0.06984135587244,4615.384615384615,0.75,1500000.0,Medium,1
"Dewan Bazar, Bakalia",1500,3,3,8250000,22.3427257,91.8428065,bakalia,Low,0,2.0492806079116517,5500.0,0.75,2062500.0,Medium,1
"1st Colony, Mirpur",1400,3,3,8000000,23.7848367,90.3463031,mirpur,Medium,1,0.07092537780300741,5714.285714285715,0.75,2000000.0,Medium,1
"Section 2, Mirpur",1400,3,3,7000000,23.8060072,90.3571841,mirpur,Medium,1,0.055482221698933715,5000.0,0.75,1750000.0,Medium,1
"Middle Monipur, Mirpur",1260,3,3,8000000,23.7970198,90.3667921,mirpur,Medium,1,0.047598065448605065,6349.206349206349,0.75,2000000.0,Medium,1
"Jubilee Road, 22 No. Enayet Bazaar Ward",1340,3,3,7370000,22.3413715,91.8275825,22 no. enayet bazaar ward,Low,0,2.0396591430723254,5500.0,0.75,1842500.0,Medium,1
"West Shewrapara, Mirpur",1200,3,3,7200000,23.7881199,90.3736584,mirpur,Medium,1,0.044728366017213576,6000.0,0.75,1800000.0,Medium,1
Mymensingh Sadar,1328,3,3,7300000,24.7851062,90.3560076,mymensingh sadar,Low,0,0.976441764170398,5496.987951807229,0.75,1825000.0,Medium,1
"Manoharpur, Kandirpar",1057,3,3,5250000,23.46051,91.1815032,kandirpar,Low,0,0.8448188952137861,4966.887417218543,0.75,1312500.0,Medium,1
"Manoharpur, Kandirpar",1028,3,3,5100000,23.46051,91.1815032,kandirpar,Low,0,0.8448188952137861,4961.089494163424,0.75,1275000.0,Medium,1
"Section 10, Mirpur",900,2,2,6000000,23.8119234,90.3713045,mirpur,Medium,1,0.04122747442919648,6666.666666666667,0.6666666666666666,2000000.0,Medium,1
"Sector 7, Uttara",1830,3,3,23000000,23.871349,90.3972052,uttara,High,2,0.06293577129136818,12568.306010928962,0.75,5750000.0,Large,0
"Section 2, Mirpur",900,2,2,5500000,23.8060072,90.3571841,mirpur,Medium,1,0.055482221698933715,6111.111111111111,0.6666666666666666,1833333.3333333333,Medium,1
Mymensingh Sadar,1130,3,3,4500000,24.7851062,90.3560076,mymensingh sadar,Low,0,0.976441764170398,3982.3008849557523,0.75,1125000.0,Medium,1
"Rasdia Mouza, Uttara",1950,4,4,11000000,23.8899605,90.3883735,uttara,High,2,0.0832339069280038,5641.025641025641,0.8,2200000.0,Large,1
"Section 6, Mirpur",650,2,2,3500000,23.8119402,90.3642437,mirpur,Medium,1,0.04828416661524933,5384.615384615385,0.6666666666666666,1166666.6666666667,Small,1
"Section 6, Mirpur",650,2,2,3500000,23.8119402,90.3642437,mirpur,Medium,1,0.04828416661524933,5384.615384615385,0.6666666666666666,1166666.6666666667,Small,1
"Rasdia Mouza, Uttara",1100,2,2,6000000,23.8899605,90.3883735,uttara,High,2,0.0832339069280038,5454.545454545455,0.6666666666666666,2000000.0,Medium,1
"Manoharpur, Kandirpar",1028,3,3,5100000,23.46051,91.1815032,kandirpar,Low,0,0.8448188952137861,4961.089494163424,0.75,1275000.0,Medium,1
"Terminal Road, Rangpur Sadar",1400,3,3,8400000,25.7438934,89.2755983,rangpur sadar,Low,0,2.2430623959191234,6000.0,0.75,2100000.0,Medium,1
"Manoharpur, Kandirpar",1057,3,3,5250000,23.46051,91.1815032,kandirpar,Low,0,0.8448188952137861,4966.887417218543,0.75,1312500.0,Medium,1
"Section 1, Mirpur",1634,3,3,9800000,23.8015639,90.3489496,mirpur,Medium,1,0.06414805362105391,5997.5520195838435,0.75,2450000.0,Large,1
"Section 2, Mirpur",900,2,2,5500000,23.8060072,90.3571841,mirpur,Medium,1,0.055482221698933715,6111.111111111111,0.6666666666666666,1833333.3333333333,Medium,1
"South Banasree Project, Banasree",1200,3,3,8600000,23.7634571,90.4272592,banasree,Low,0,0.04911304577248438,7166.666666666667,0.75,2150000.0,Medium,1
"Manikdi, Cantonment",1300,3,3,7400000,23.8260022,90.3919059,cantonment,Low,0,0.025897413763730507,5692.307692307692,0.75,1850000.0,Medium,1
Mymensingh Sadar,1485,3,3,8000000,24.7851062,90.3560076,mymensingh sadar,Low,0,0.976441764170398,5387.2053872053875,0.75,2000000.0,Medium,1
"Tilpapara, Khilgaon",1294,3,3,10000000,23.7470735,90.4284263,khilgaon,Low,0,0.0652015132795278,7727.975270479134,0.75,2500000.0,Medium,1
"Dhap Jail Road, Rangpur Sadar",1500,3,3,9000000,25.7672646,89.2299787,rangpur sadar,Low,0,2.2864966806463607,6000.0,0.75,2250000.0,Medium,1
"Rasdia Mouza, Uttara",1550,3,3,9300000,23.8899605,90.3883735,uttara,High,2,0.0832339069280038,6000.0,0.75,2325000.0,Large,1
"West Khulshi, 9 No. North Pahartali Ward",1440,3,3,8200000,22.3662719,91.80197609999999,9 no. north pahartali ward,Low,0,2.0039613234942464,5694.444444444444,0.75,2050000.0,Medium,1
"Major M A Jalil Road, Barishal Sadar",1600,3,3,8500000,22.7012144,90.35917,barishal sadar,Low,0,1.1103670370770915,5312.5,0.75,2125000.0,Large,1
"Manoharpur, Kandirpar",1175,3,3,5000000,23.46051,91.1815032,kandirpar,Low,0,0.8448188952137861,4255.31914893617,0.75,1250000.0,Medium,1
"Rasdia Mouza, Uttara",1650,3,3,8250000,23.8899605,90.3883735,uttara,High,2,0.0832339069280038,5000.0,0.75,2062500.0,Large,1
Mymensingh Sadar,1328,3,3,7300000,24.7851062,90.3560076,mymensingh sadar,Low,0,0.976441764170398,5496.987951807229,0.75,1825000.0,Medium,1
"Manoharpur, Kandirpar",915,2,2,4700000,23.46051,91.1815032,kandirpar,Low,0,0.8448188952137861,5136.6120218579235,0.6666666666666666,1566666.6666666667,Medium,1
"Monumiya Road, Barishal Sadar",1300,3,3,6800000,22.7010325,90.3534708,barishal sadar,Low,0,1.1108369965971123,5230.7692307692305,0.75,1700000.0,Medium,1
"Baitul Aman Housing Society, Adabor",1250,3,3,15000000,23.7734642,90.3580005,adabor,Low,0,0.0657804808578444,12000.0,0.75,3750000.0,Medium,0
"17 No West Bakalia Ward, Bakalia",854,2,2,4800000,22.35016,91.84402589999999,bakalia,Low,0,2.044816671971062,5620.608899297424,0.6666666666666666,1600000.0,Medium,1
"Section 1, Mirpur",1000,2,2,6500000,23.8015639,90.3489496,mirpur,Medium,1,0.06414805362105391,6500.0,0.6666666666666666,2166666.6666666665,Medium,1
"Khulshi Garden View Housing Society, 9 No. North Pahartali Ward",1250,4,4,8600000,22.3714803,91.8034428,9 no. north pahartali ward,Low,0,2.0012306218874283,6880.0,0.8,1720000.0,Medium,1
"Madina Masjid Road, Thakur Para",1050,2,2,5500000,23.642191779381445,90.3844964658419,thakur para,Low,0,0.17042468062132454,5238.0952380952385,0.6666666666666666,1833333.3333333333,Medium,1
"Rasdia Mouza, Uttara",1575,3,3,9000000,23.8899605,90.3883735,uttara,High,2,0.0832339069280038,5714.285714285715,0.75,2250000.0,Large,1
"17 No West Bakalia Ward, Bakalia",864,2,2,4800000,22.35016,91.84402589999999,bakalia,Low,0,2.044816671971062,5555.555555555556,0.6666666666666666,1600000.0,Medium,1
"East Shewrapara, Mirpur",1250,3,3,9000000,23.7933187,90.376601,mirpur,Medium,1,0.03971275299812494,7200.0,0.75,2250000.0,Medium,1
"Rasdia Mouza, Uttara",840,2,2,4000000,23.8899605,90.3883735,uttara,High,2,0.0832339069280038,4761.9047619047615,0.6666666666666666,1333333.3333333333,Medium,1
"Paikpara, Mirpur",1100,2,2,6500000,23.7881532,90.35953719999999,mirpur,Medium,1,0.05740678473909157,5909.090909090909,0.6666666666666666,2166666.6666666665,Medium,1
"Uttar Badda, Badda",1156,3,3,6800000,23.7820433,90.4231228,badda,Low,0,0.030187496993459986,5882.35294117647,0.75,1700000.0,Medium,1
"Sector 12, Uttara",1660,3,3,10500000,23.8713904,90.380721,uttara,High,2,0.06886175871381538,6325.301204819277,0.75,2625000.0,Large,1
"East Shewrapara, Mirpur",1200,2,2,7800000,23.7933187,90.376601,mirpur,Medium,1,0.03971275299812494,6500.0,0.6666666666666666,2600000.0,Medium,1
"Block H, Bashundhara R-A",2700,4,4,27000000,23.8258759,90.4390353,bashundhara r-a,Medium,1,0.03076899099581054,10000.0,0.8,5400000.0,Large,0
"Block M, Bashundhara R-A",2350,4,4,19500000,23.820621,90.4561336,bashundhara r-a,Medium,1,0.0448376414406528,8297.872340425532,0.8,3900000.0,Large,0
"Middle Monipur, Mirpur",1350,3,3,8500000,23.7970198,90.3667921,mirpur,Medium,1,0.047598065448605065,6296.2962962962965,0.75,2125000.0,Medium,1
"Section 6, Mirpur",850,2,2,5600000,23.8119402,90.3642437,mirpur,Medium,1,0.04828416661524933,6588.235294117647,0.6666666666666666,1866666.6666666667,Medium,1
"Section 13, Mirpur",700,2,2,3800000,23.8089317,90.37836659999999,mirpur,Medium,1,0.034160814399690875,5428.571428571428,0.6666666666666666,1266666.6666666667,Small,1
"Sector 10, Uttara",1517,4,4,11500000,23.884012,90.3883735,uttara,High,2,0.07755995710577243,7580.751483190507,0.8,2300000.0,Large,1
"Block I, Bashundhara R-A",1150,3,3,9000000,23.8206687,90.43962479999999,bashundhara r-a,Medium,1,0.02903902055389801,7826.086956521739,0.75,2250000.0,Medium,1
"Sector 12, Uttara",1239,3,3,11000000,23.8713904,90.380721,uttara,High,2,0.06886175871381538,8878.127522195318,0.75,2750000.0,Medium,1
"Kallyanpur, Mirpur",1250,3,3,7500000,23.7822036,90.35953719999999,mirpur,Medium,1,0.059953864569354254,6000.0,0.75,1875000.0,Medium,1
"Section 13, Mirpur",700,2,2,3800000,23.8089317,90.37836659999999,mirpur,Medium,1,0.034160814399690875,5428.571428571428,0.6666666666666666,1266666.6666666667,Small,1
"Khulshi Garden View Housing Society, 9 No. North Pahartali Ward",1150,3,3,7500000,22.3714803,91.8034428,9 no. north pahartali ward,Low,0,2.0012306218874283,6521.739130434783,0.75,1875000.0,Medium,1
"Rasdia Mouza, Uttara",2200,5,5,23000000,23.8899605,90.3883735,uttara,High,2,0.0832339069280038,10454.545454545454,0.8333333333333334,3833333.3333333335,Large,0
"Block G, Bashundhara R-A",1722,3,3,18200000,23.8244052,90.43314099999999,bashundhara r-a,Medium,1,0.02500015096034202,10569.105691056911,0.75,4550000.0,Large,0
"Block G, Aftab Nagar",1607,3,3,13200000,23.7641281,90.44669909999999,aftab nagar,Low,0,0.057458008931912594,8214.06347230865,0.75,3300000.0,Large,0
"Ahmed Nagar, Mirpur",1270,3,3,6000000,23.793741,90.35503039999999,mirpur,Medium,1,0.05980765339954874,4724.4094488188975,0.75,1500000.0,Medium,1
"Rasdia Mouza, Uttara",2200,4,4,19000000,23.8899605,90.3883735,uttara,High,2,0.0832339069280038,8636.363636363636,0.8,3800000.0,Large,0
"Ranavola, Turag",1495,3,3,7000000,23.8832758,90.38543,turag,Low,0,0.07783477555462896,4682.274247491639,0.75,1750000.0,Medium,1
"Ahmed Nagar, Mirpur",1200,3,3,5500000,23.793741,90.35503039999999,mirpur,Medium,1,0.05980765339954874,4583.333333333333,0.75,1375000.0,Medium,1
"Section 12, Mirpur",650,2,2,3500000,23.8253064,90.37248149999999,mirpur,Medium,1,0.042739588009363054,5384.615384615385,0.6666666666666666,1166666.6666666667,Small,1
"Section 1, Mirpur",1250,3,3,6700000,23.8015639,90.3489496,mirpur,Medium,1,0.06414805362105391,5360.0,0.75,1675000.0,Medium,1
"Dewan Bazar, Bakalia",1160,3,3,5220000,22.3427257,91.8428065,bakalia,Low,0,2.0492806079116517,4500.0,0.75,1305000.0,Medium,1
"Ahmed Nagar, Mirpur",1200,3,3,5500000,23.793741,90.35503039999999,mirpur,Medium,1,0.05980765339954874,4583.333333333333,0.75,1375000.0,Medium,1
"Block A, Bashundhara R-A",2374,3,3,26500000,23.8136688,90.42957170000001,bashundhara r-a,Medium,1,0.017400912456838256,11162.594776748105,0.75,6625000.0,Large,0
"Ahmed Nagar, Mirpur",800,2,2,4000000,23.793741,90.35503039999999,mirpur,Medium,1,0.05980765339954874,5000.0,0.6666666666666666,1333333.3333333333,Medium,1
"Section 1, Mirpur",1290,3,3,6500000,23.8015639,90.3489496,mirpur,Medium,1,0.06414805362105391,5038.759689922481,0.75,1625000.0,Medium,1
"Section 10, Mirpur",772,2,2,4300000,23.8119234,90.3713045,mirpur,Medium,1,0.04122747442919648,5569.948186528497,0.6666666666666666,1433333.3333333333,Small,1
"Rasdia Mouza, Uttara",1300,3,3,6000000,23.8899605,90.3883735,uttara,High,2,0.0832339069280038,4615.384615384615,0.75,1500000.0,Medium,1
"Sugandha Residential Area, Panchlaish",1800,3,3,15824000,22.3644422,91.83244289999999,panchlaish,Low,0,2.0265099597784473,8791.111111111111,0.75,3956000.0,Large,0
"Sabujbag, Halishahar",1428,3,3,4998000,22.318119,91.77822669999999,halishahar,Low,0,2.022823164751157,3500.0,0.75,1249500.0,Medium,1
"East Kazipara, Mirpur",1105,3,3,7500000,23.8000133,90.3760125,mirpur,Medium,1,0.03790981209580841,6787.330316742082,0.75,1875000.0,Medium,1
"Sabujbag, Halishahar",1408,3,3,4928000,22.318119,91.77822669999999,halishahar,Low,0,2.022823164751157,3500.0,0.75,1232000.0,Medium,1
"26 No. North Halishahar Ward, Halishahar",2200,3,3,12100000,22.3287809,91.7745556,halishahar,Low,0,2.012484608924049,5500.0,0.75,3025000.0,Large,1
"Rasdia Mouza, Uttara",970,2,2,5000000,23.8899605,90.3883735,uttara,High,2,0.0832339069280038,5154.639175257732,0.6666666666666666,1666666.6666666667,Medium,1
"26 No. North Halishahar Ward, Halishahar",2000,3,3,11000000,22.3287809,91.7745556,halishahar,Low,0,2.012484608924049,5500.0,0.75,2750000.0,Large,1
"26 No. North Halishahar Ward, Halishahar",2200,3,3,12100000,22.3287809,91.7745556,halishahar,Low,0,2.012484608924049,5500.0,0.75,3025000.0,Large,1
"24 No. North Agrabad Ward, Double Mooring",1500,2,2,6000000,22.3327212,91.80502179999999,double mooring,Low,0,2.030358607163935,4000.0,0.6666666666666666,2000000.0,Medium,1
"Section 12, Mirpur",650,2,2,3200000,23.8253064,90.37248149999999,mirpur,Medium,1,0.042739588009363054,4923.076923076923,0.6666666666666666,1066666.6666666667,Small,1
"Section 12, Mirpur",650,2,2,3500000,23.8253064,90.37248149999999,mirpur,Medium,1,0.042739588009363054,5384.615384615385,0.6666666666666666,1166666.6666666667,Small,1
"East Kazipara, Mirpur",1120,2,2,5500000,23.8000133,90.3760125,mirpur,Medium,1,0.03790981209580841,4910.714285714285,0.6666666666666666,1833333.3333333333,Medium,1
"Block E, Bashundhara R-A",1450,3,3,12000000,23.8110194,90.43314099999999,bashundhara r-a,Medium,1,0.020653532805791394,8275.862068965518,0.75,3000000.0,Medium,1
"12 No. Sarai Para Ward, Double Mooring",1500,4,4,4950000,22.3537774,91.791756,double mooring,Low,0,2.005942471220649,3300.0,0.8,990000.0,Medium,1
"12 No. Sarai Para Ward, Double Mooring",1500,4,4,4950000,22.3537774,91.791756,double mooring,Low,0,2.005942471220649,3300.0,0.8,990000.0,Medium,1
"24 No. North Agrabad Ward, Double Mooring",1600,2,2,6400000,22.3327212,91.80502179999999,double mooring,Low,0,2.030358607163935,4000.0,0.6666666666666666,2133333.3333333335,Large,1
"14 No. Lalkhan Bazaar Ward, Lal Khan Bazaar",1622,5,5,9300000,22.3489855,91.81598819999999,lal khan bazaar,Low,0,2.0261340516978352,5733.662145499384,0.8333333333333334,1550000.0,Large,1
"West Shewrapara, Mirpur",1000,2,2,6000000,23.7881199,90.3736584,mirpur,Medium,1,0.044728366017213576,6000.0,0.6666666666666666,2000000.0,Medium,1
"Ahmed Nagar, Mirpur",1200,3,3,5500000,23.793741,90.35503039999999,mirpur,Medium,1,0.05980765339954874,4583.333333333333,0.75,1375000.0,Medium,1
"Block K, Bashundhara R-A",2500,4,4,22500000,23.8228845,90.44493039999999,bashundhara r-a,Medium,1,0.03478649859370281,9000.0,0.8,4500000.0,Large,0
"Rasdia Mouza, Uttara",3000,6,6,15000000,23.8899605,90.3883735,uttara,High,2,0.0832339069280038,5000.0,0.8571428571428571,2142857.1428571427,Large,0
"Uttar Badda, Badda",1370,3,3,7800000,23.7820433,90.4231228,badda,Low,0,0.030187496993459986,5693.430656934306,0.75,1950000.0,Medium,1
"Sector 18, Uttara",1657,3,3,10500000,23.8550847,90.3583606,uttara,High,2,0.0702619668558277,6336.753168376584,0.75,2625000.0,Large,1
"Boro Maghbazar, Maghbazar",1250,3,3,11675000,23.7485384,90.4109534,maghbazar,Low,0,0.061780961518254615,9340.0,0.75,2918750.0,Medium,1
"Section 1, Mirpur",700,2,2,4000000,23.8015639,90.3489496,mirpur,Medium,1,0.06414805362105391,5714.285714285715,0.6666666666666666,1333333.3333333333,Small,1
"Ahmed Nagar, Mirpur",1100,3,3,6100000,23.793741,90.35503039999999,mirpur,Medium,1,0.05980765339954874,5545.454545454545,0.75,1525000.0,Medium,1
"Shahjadpur, Badda",1200,2,2,7000000,23.7917066,90.4248906,badda,Low,0,0.02234371258139737,5833.333333333333,0.6666666666666666,2333333.3333333335,Medium,1
"Nasirabad Housing Society, Muradpur",2636,4,4,20560800,22.3650739,91.8276288,muradpur,Low,0,2.0226883103213584,7800.0,0.8,4112160.0,Large,0
"Pirerbag, Mirpur",1250,3,3,7000000,23.7911115,90.3665972,mirpur,Medium,1,0.049752040964059545,5600.0,0.75,1750000.0,Medium,1
"Block K, Bashundhara R-A",2500,4,4,22500000,23.8228845,90.44493039999999,bashundhara r-a,Medium,1,0.03478649859370281,9000.0,0.8,4500000.0,Large,0
"Rasdia Mouza, Uttara",1070,2,2,7500000,23.8899605,90.3883735,uttara,High,2,0.0832339069280038,7009.345794392523,0.6666666666666666,2500000.0,Medium,1
"Ahmed Nagar, Mirpur",1100,3,3,6100000,23.793741,90.35503039999999,mirpur,Medium,1,0.05980765339954874,5545.454545454545,0.75,1525000.0,Medium,1
"Block D, Bashundhara R-A",2280,4,4,25000000,23.8154814,90.43314099999999,bashundhara r-a,Medium,1,0.02128139532455245,10964.912280701754,0.8,5000000.0,Large,0
"Section 2, Mirpur",1104,3,3,6600000,23.8060072,90.3571841,mirpur,Medium,1,0.055482221698933715,5978.260869565217,0.75,1650000.0,Medium,1
"Block K, Bashundhara R-A",2500,5,5,22500000,23.8228845,90.44493039999999,bashundhara r-a,Medium,1,0.03478649859370281,9000.0,0.8333333333333334,3750000.0,Large,0
"Block B, Bashundhara R-A",2760,5,5,31740000,23.8140104,90.4272477,bashundhara r-a,Medium,1,0.01520729178552254,11500.0,0.8333333333333334,5290000.0,Large,0
"Khilbari Tek, Badda",1550,3,3,10850000,23.7916903,90.4307836,badda,Low,0,0.026088521672379784,7000.0,0.75,2712500.0,Large,1
"Khilbari Tek, Badda",1450,3,3,10150000,23.7916903,90.4307836,badda,Low,0,0.026088521672379784,7000.0,0.75,2537500.0,Medium,1
"West Mollartek, Dakshin Khan",1350,3,3,8000000,23.8588903,90.4081934,dakshin khan,Low,0,0.04878077549249974,5925.925925925926,0.75,2000000.0,Medium,1
"Kallyanpur, Mirpur",1250,3,3,7500000,23.7822036,90.35953719999999,mirpur,Medium,1,0.059953864569354254,6000.0,0.75,1875000.0,Medium,1
"Uttar Badda, Badda",980,2,2,4500000,23.7820433,90.4231228,badda,Low,0,0.030187496993459986,4591.836734693878,0.6666666666666666,1500000.0,Medium,1
"Ahmed Nagar, Mirpur",1200,3,3,6000000,23.793741,90.35503039999999,mirpur,Medium,1,0.05980765339954874,5000.0,0.75,1500000.0,Medium,1
"Block K, Bashundhara R-A",2456,4,4,22104000,23.8228845,90.44493039999999,bashundhara r-a,Medium,1,0.03478649859370281,9000.0,0.8,4420800.0,Large,0
"Yakub Future Park Housing, Khulshi",1635,3,3,12000000,22.3664907,91.80592159999999,khulshi,Low,0,2.006541564511696,7339.4495412844035,0.75,3000000.0,Large,1
"Block L, Bashundhara R-A",1575,3,3,12200000,23.8206417,90.4490575,bashundhara r-a,Medium,1,0.037992125041118804,7746.0317460317465,0.75,3050000.0,Large,1
"Block B, Bashundhara R-A",2760,5,5,31740000,23.8140104,90.4272477,bashundhara r-a,Medium,1,0.01520729178552254,11500.0,0.8333333333333334,5290000.0,Large,0
"Block D, Bashundhara R-A",2380,5,5,29000000,23.8154814,90.43314099999999,bashundhara r-a,Medium,1,0.02128139532455245,12184.873949579833,0.8333333333333334,4833333.333333333,Large,0
"Rasdia Mouza, Uttara",1420,3,3,10500000,23.8899605,90.3883735,uttara,High,2,0.0832339069280038,7394.366197183099,0.75,2625000.0,Medium,1
"Shahidbag, Malibagh",1599,3,3,15990000,23.7465586,90.41281409999999,malibagh,Low,0,0.06374217389429213,10000.0,0.75,3997500.0,Large,0
"Rupnagar R/A, Mirpur",780,2,2,4000000,23.8085164,90.3558058,mirpur,Medium,1,0.05672224909680062,5128.205128205128,0.6666666666666666,1333333.3333333333,Small,1
"Block D, Aftab Nagar",1600,3,3,12800000,23.7641281,90.44669909999999,aftab nagar,Low,0,0.057458008931912594,8000.0,0.75,3200000.0,Large,0
"Block C, Lalmatia",2060,4,4,32960000,23.7550319,90.3704219,lalmatia,Low,0,0.06946315121861457,16000.0,0.8,6592000.0,Large,0
"Dorji Bari Road, Khilkhet",1680,3,3,8400000,23.8345857,90.4261845,khilkhet,Medium,1,0.027875809669681312,5000.0,0.75,2100000.0,Large,1
"Babar Road, Mohammadpur",1960,4,4,23520000,23.7699684,90.366231,mohammadpur,Medium,1,0.061379624628696644,12000.0,0.8,4704000.0,Large,0
"Block G, Banasree",1515,4,4,12877500,23.7619353,90.43314099999999,banasree,Low,0,0.05258512229794613,8500.0,0.8,2575500.0,Large,0
"Section 1, Mirpur",1200,3,3,8700000,23.8015639,90.3489496,mirpur,Medium,1,0.06414805362105391,7250.0,0.75,2175000.0,Medium,1
"Block G, Banasree",1274,3,3,10500000,23.7619353,90.43314099999999,banasree,Low,0,0.05258512229794613,8241.758241758242,0.75,2625000.0,Medium,1
"Section 1, Mirpur",860,2,2,5590000,23.8015639,90.3489496,mirpur,Medium,1,0.06414805362105391,6500.0,0.6666666666666666,1863333.3333333333,Medium,1
"Block M, Aftab Nagar",1350,3,3,10800000,23.7641281,90.44669909999999,aftab nagar,Low,0,0.057458008931912594,8000.0,0.75,2700000.0,Medium,1
"Section 2, Mirpur",1308,3,3,6600000,23.8060072,90.3571841,mirpur,Medium,1,0.055482221698933715,5045.871559633028,0.75,1650000.0,Medium,1
"Rasdia Mouza, Uttara",2450,4,4,31000000,23.8899605,90.3883735,uttara,High,2,0.0832339069280038,12653.061224489797,0.8,6200000.0,Large,0
"South Khulshi, Khulshi",1878,3,3,15000000,22.3587138,91.8108977,khulshi,Low,0,2.015593863702642,7987.220447284345,0.75,3750000.0,Large,0
"Boro Maghbazar, Maghbazar",1300,3,3,11050000,23.7485384,90.4109534,maghbazar,Low,0,0.061780961518254615,8500.0,0.75,2762500.0,Medium,1
"Block K, Bashundhara R-A",1500,3,3,12750000,23.8228845,90.44493039999999,bashundhara r-a,Medium,1,0.03478649859370281,8500.0,0.75,3187500.0,Medium,0
"Sector 15, Uttara",1550,3,3,13000000,23.8610002,90.37248149999999,uttara,High,2,0.0645909484547948,8387.09677419355,0.75,3250000.0,Large,0
"Rasdia Mouza, Uttara",3300,4,4,43000000,23.8899605,90.3883735,uttara,High,2,0.0832339069280038,13030.30303030303,0.8,8600000.0,Large,3
"Section 2, Mirpur",1370,3,3,8500000,23.8060072,90.3571841,mirpur,Medium,1,0.055482221698933715,6204.379562043796,0.75,2125000.0,Medium,1
"Sector 12, Uttara",1750,3,3,19200000,23.8713904,90.380721,uttara,High,2,0.06886175871381538,10971.42857142857,0.75,4800000.0,Large,0
"Block H, Banasree",1450,3,3,11500000,23.7619353,90.43314099999999,banasree,Low,0,0.05258512229794613,7931.0344827586205,0.75,2875000.0,Medium,1
"Block G, Aftab Nagar",1550,3,3,13500000,23.7641281,90.44669909999999,aftab nagar,Low,0,0.057458008931912594,8709.677419354839,0.75,3375000.0,Large,0
"Block G, Banasree",1450,4,4,14285000,23.7619353,90.43314099999999,banasree,Low,0,0.05258512229794613,9851.724137931034,0.8,2857000.0,Medium,0
"Sector 12, Uttara",1750,3,3,19200000,23.8713904,90.380721,uttara,High,2,0.06886175871381538,10971.42857142857,0.75,4800000.0,Large,0
"Block E, Aftab Nagar",1600,3,3,13600000,23.7641281,90.44669909999999,aftab nagar,Low,0,0.057458008931912594,8500.0,0.75,3400000.0,Large,0
"Sector 10, Uttara",1450,3,3,9500000,23.884012,90.3883735,uttara,High,2,0.07755995710577243,6551.724137931034,0.75,2375000.0,Medium,1
"Block C, Lalmatia",2060,4,4,32960000,23.7550319,90.3704219,lalmatia,Low,0,0.06946315121861457,16000.0,0.8,6592000.0,Large,0
"Shyamoli Housing (2nd Project), Adabor",1500,3,3,10500000,23.7734206,90.35909339999999,adabor,Low,0,0.06490265840410751,7000.0,0.75,2625000.0,Medium,1
"Riazbag, Khilgaon",1596,3,3,10374000,23.7533942,90.42484309999999,khilgaon,Low,0,0.05822904937615065,6500.0,0.75,2593500.0,Large,1
"Dorji Bari Road, Khilkhet",1680,3,3,8400000,23.8345857,90.4261845,khilkhet,Medium,1,0.027875809669681312,5000.0,0.75,2100000.0,Large,1
"Block K, Bashundhara R-A",1260,3,3,10710000,23.8228845,90.44493039999999,bashundhara r-a,Medium,1,0.03478649859370281,8500.0,0.75,2677500.0,Medium,1
"Block B, Bashundhara R-A",1450,3,3,13100000,23.8140104,90.4272477,bashundhara r-a,Medium,1,0.01520729178552254,9034.48275862069,0.75,3275000.0,Medium,0
"Block J, Banasree",1910,4,4,13752000,23.7619353,90.43314099999999,banasree,Low,0,0.05258512229794613,7200.0,0.8,2750400.0,Large,0
"Middle Monipur, Mirpur",930,2,2,5500000,23.7970198,90.3667921,mirpur,Medium,1,0.047598065448605065,5913.978494623656,0.6666666666666666,1833333.3333333333,Medium,1
"Sector 4, Uttara",1815,5,5,22780000,23.8624077,90.4042719,uttara,High,2,0.0527533319222552,12550.964187327823,0.8333333333333334,3796666.6666666665,Large,0
"Yakub Nagar Road, 33 No. Firingee Bazaar Ward",1200,3,3,6000000,22.3299136,91.8378872,33 no. firingee bazaar ward,Low,0,2.055060233479498,5000.0,0.75,1500000.0,Medium,1
"East Kazipara, Mirpur",1360,3,3,8000000,23.8000133,90.3760125,mirpur,Medium,1,0.03790981209580841,5882.35294117647,0.75,2000000.0,Medium,1
"Rasdia Mouza, Uttara",1238,3,3,11000000,23.8899605,90.3883735,uttara,High,2,0.0832339069280038,8885.29886914378,0.75,2750000.0,Medium,1
"Rasdia Mouza, Uttara",2220,5,5,24000000,23.8899605,90.3883735,uttara,High,2,0.0832339069280038,10810.81081081081,0.8333333333333334,4000000.0,Large,0
"Pallabi, Mirpur",1360,3,3,13900000,23.8223486,90.36542039999999,mirpur,Medium,1,0.048596887741092366,10220.588235294117,0.75,3475000.0,Medium,0
"Rasdia Mouza, Uttara",1225,3,3,11000000,23.8899605,90.3883735,uttara,High,2,0.0832339069280038,8979.591836734693,0.75,2750000.0,Medium,1
"Section 12, Mirpur",1100,3,3,6500000,23.8253064,90.37248149999999,mirpur,Medium,1,0.042739588009363054,5909.090909090909,0.75,1625000.0,Medium,1
"Circular Road, Dhanmondi",1255,3,3,13805000,23.7427562,90.3877226,dhanmondi,High,2,0.07194501003683244,11000.0,0.75,3451250.0,Medium,0
"Block E, Bashundhara R-A",1700,3,3,16150000,23.8110194,90.43314099999999,bashundhara r-a,Medium,1,0.020653532805791394,9500.0,0.75,4037500.0,Large,0
"Nazrul Avenue, Ashoktala",1350,3,3,5671500,23.4595074,91.1787721,ashoktala,Low,0,0.8427504846947198,4201.111111111111,0.75,1417875.0,Medium,1
"South Agrabad, Double Mooring",1550,3,3,9300000,22.3208039,91.80502179999999,double mooring,Low,0,2.039047717781622,6000.0,0.75,2325000.0,Large,1
"Block B, Bashundhara R-A",2250,4,4,21500000,23.8140104,90.4272477,bashundhara r-a,Medium,1,0.01520729178552254,9555.555555555555,0.8,4300000.0,Large,0
"Section 6, Mirpur",1500,3,3,11500000,23.8119402,90.3642437,mirpur,Medium,1,0.04828416661524933,7666.666666666667,0.75,2875000.0,Medium,1
"Rasdia Mouza, Uttara",2643,4,4,23000000,23.8899605,90.3883735,uttara,High,2,0.0832339069280038,8702.232311766931,0.8,4600000.0,Large,0
"Yakub Nagar Road, 33 No. Firingee Bazaar Ward",1200,3,3,6000000,22.3299136,91.8378872,33 no. firingee bazaar ward,Low,0,2.055060233479498,5000.0,0.75,1500000.0,Medium,1
"Block F, Banasree",1700,3,3,15000000,23.7604313,90.4390353,banasree,Low,0,0.056489020046203986,8823.529411764706,0.75,3750000.0,Large,0
"Chandgaon Residential Area, 4 No Chandgaon Ward",1300,3,3,7800000,22.3784211,91.8476843,4 no chandgaon ward,Low,0,2.027321178114536,6000.0,0.75,1950000.0,Medium,1
"Shaheed Shamsul Haque Sarak, Jhautola",1200,3,3,5040000,23.4655444,91.175766,jhautola,Low,0,0.8375150210517804,4200.0,0.75,1260000.0,Medium,1
"South Thakur Para, Thakur Para",1271,3,3,4448000,24.9420309,89.5238107,thakur para,Low,0,1.4389522236506973,3499.6066089693154,0.75,1112000.0,Medium,1
"Chawk Bazar, 16 No. Chawk Bazaar Ward",1328,3,3,9600000,22.3517735,91.8330525,16 no. chawk bazaar ward,Low,0,2.0359933586479357,7228.915662650603,0.75,2400000.0,Medium,1
"Block E, Bashundhara R-A",1700,3,3,16150000,23.8110194,90.43314099999999,bashundhara r-a,Medium,1,0.020653532805791394,9500.0,0.75,4037500.0,Large,0
"Pallabi, Mirpur",1400,3,3,7800000,23.8223486,90.36542039999999,mirpur,Medium,1,0.048596887741092366,5571.428571428572,0.75,1950000.0,Medium,1
"Rasdia Mouza, Uttara",2020,3,3,18000000,23.8899605,90.3883735,uttara,High,2,0.0832339069280038,8910.89108910891,0.75,4500000.0,Large,0
"South Mollartek, Dakshin Khan",1085,2,2,6000000,23.8571886,90.40957279999999,dakshin khan,Low,0,0.04697988196877386,5529.953917050691,0.6666666666666666,2000000.0,Medium,1
"Chawk Bazar, 16 No. Chawk Bazaar Ward",1328,3,3,9200000,22.3517735,91.8330525,16 no. chawk bazaar ward,Low,0,2.0359933586479357,6927.710843373494,0.75,2300000.0,Medium,1
"Sector 6, Uttara",2110,4,4,28485000,23.8713307,90.4042719,uttara,High,2,0.06158285453029869,13500.0,0.8,5697000.0,Large,0
"Uttar Badda, Badda",1550,3,3,14500000,23.7820433,90.4231228,badda,Low,0,0.030187496993459986,9354.838709677419,0.75,3625000.0,Large,0
"Chandrima Model Town, Mohammadpur",1360,3,3,7500000,23.75969,90.3398058,mohammadpur,Medium,1,0.0885766267908209,5514.705882352941,0.75,1875000.0,Medium,1
"Block F, Aftab Nagar",1325,3,3,9275000,23.7641281,90.44669909999999,aftab nagar,Low,0,0.057458008931912594,7000.0,0.75,2318750.0,Medium,1
"Ali Nagar, Bayazid",1300,3,3,7200000,22.3786414,91.8281763,bayazid,Low,0,2.0134015330618134,5538.461538461538,0.75,1800000.0,Medium,1
"Merul Badda, Badda",970,2,2,8500000,23.7723767,90.42253360000001,badda,Low,0,0.03922817624935542,8762.886597938144,0.6666666666666666,2833333.3333333335,Medium,1
"Dhaka Housing Main Road, Adabor",1900,4,4,12350000,23.775297,90.3593393,adabor,Low,0,0.06364958785011421,6500.0,0.8,2470000.0,Large,1
"Middle Badda, Badda",1580,3,3,11000000,23.7798106,90.42371209999999,badda,Low,0,0.0324856075635027,6962.025316455696,0.75,2750000.0,Large,1
"Khilbari Tek, Badda",1450,3,3,10150000,23.7916903,90.4307836,badda,Low,0,0.026088521672379784,7000.0,0.75,2537500.0,Medium,1
"Rasdia Mouza, Uttara",2400,3,3,23000000,23.8899605,90.3883735,uttara,High,2,0.0832339069280038,9583.333333333334,0.75,5750000.0,Large,0
"Block J, Banasree",1940,4,4,13968000,23.7619353,90.43314099999999,banasree,Low,0,0.05258512229794613,7200.0,0.8,2793600.0,Large,0
"Taltola, Khilgaon",1220,3,3,9500000,23.7519151,90.4257745,khilgaon,Low,0,0.059874943826781456,7786.88524590164,0.75,2375000.0,Medium,1
"Rasdia Mouza, Uttara",1470,3,3,7000000,23.8899605,90.3883735,uttara,High,2,0.0832339069280038,4761.9047619047615,0.75,1750000.0,Medium,1
"Block I, Bashundhara R-A",2025,4,4,19000000,23.8206687,90.43962479999999,bashundhara r-a,Medium,1,0.02903902055389801,9382.716049382716,0.8,3800000.0,Large,0
"Kallyanpur, Mirpur",1275,3,3,8600000,23.7822036,90.35953719999999,mirpur,Medium,1,0.059953864569354254,6745.098039215686,0.75,2150000.0,Medium,1
"Sector 3, Uttara",1459,3,3,13500000,23.8654003,90.3972052,uttara,High,2,0.057183686197461114,9252.912954078136,0.75,3375000.0,Medium,0
"Rasdia Mouza, Uttara",1760,4,4,14500000,23.8899605,90.3883735,uttara,High,2,0.0832339069280038,8238.636363636364,0.8,2900000.0,Large,0
"Uttar Badda, Badda",1350,3,3,8000000,23.7820433,90.4231228,badda,Low,0,0.030187496993459986,5925.925925925926,0.75,2000000.0,Medium,1
"Block B, Lalmatia",1610,4,4,23000000,23.7572646,90.36983339999999,lalmatia,Low,0,0.06806755768147257,14285.714285714286,0.8,4600000.0,Large,0
"Sector 18, Uttara",1654,4,4,12500000,23.8550847,90.3583606,uttara,High,2,0.0702619668558277,7557.436517533252,0.8,2500000.0,Large,1
"Block I, Bashundhara R-A",2025,4,4,19000000,23.8206687,90.43962479999999,bashundhara r-a,Medium,1,0.02903902055389801,9382.716049382716,0.8,3800000.0,Large,0
"East Monipur, Mirpur",820,2,2,3700000,23.8009532,90.3717459,mirpur,Medium,1,0.04181219124908583,4512.195121951219,0.6666666666666666,1233333.3333333333,Medium,1
"Ahmed Nagar, Mirpur",1100,3,3,7000000,23.793741,90.35503039999999,mirpur,Medium,1,0.05980765339954874,6363.636363636364,0.75,1750000.0,Medium,1
"Block E, Aftab Nagar",1850,3,3,14800000,23.7641281,90.44669909999999,aftab nagar,Low,0,0.057458008931912594,8000.0,0.75,3700000.0,Large,0
"Rasdia Mouza, Uttara",1635,3,3,10627500,23.8899605,90.3883735,uttara,High,2,0.0832339069280038,6500.0,0.75,2656875.0,Large,1
"West Shewrapara, Mirpur",1090,2,2,5500000,23.7881199,90.3736584,mirpur,Medium,1,0.044728366017213576,5045.871559633028,0.6666666666666666,1833333.3333333333,Medium,1
"Block G, Banasree",1220,2,2,8000000,23.7619353,90.43314099999999,banasree,Low,0,0.05258512229794613,6557.377049180328,0.6666666666666666,2666666.6666666665,Medium,1
"Baitul Aman Housing Society, Adabor",1000,2,2,6800000,23.7734642,90.3580005,adabor,Low,0,0.0657804808578444,6800.0,0.6666666666666666,2266666.6666666665,Medium,1
"Section 10, Mirpur",1400,3,3,9200000,23.8119234,90.3713045,mirpur,Medium,1,0.04122747442919648,6571.428571428572,0.75,2300000.0,Medium,1
"Ahmed Nagar, Mirpur",1100,3,3,7000000,23.793741,90.35503039999999,mirpur,Medium,1,0.05980765339954874,6363.636363636364,0.75,1750000.0,Medium,1
"Shahjadpur, Badda",1322,3,3,9000000,23.7917066,90.4248906,badda,Low,0,0.02234371258139737,6807.86686838124,0.75,2250000.0,Medium,1
"Merul Badda, Badda",1400,3,3,8500000,23.7723767,90.42253360000001,badda,Low,0,0.03922817624935542,6071.428571428572,0.75,2125000.0,Medium,1
"Nobodoy Housing Society, Mohammadpur",700,2,2,3000000,23.7640006,90.35159619999999,mohammadpur,Medium,1,0.07650429592382957,4285.714285714285,0.6666666666666666,1000000.0,Small,1
"Shah Ali Bag, Mirpur",1280,3,3,7680000,23.797083,90.3571841,mirpur,Medium,1,0.05687299782682148,6000.0,0.75,1920000.0,Medium,1
"Rupnagar R/A, Mirpur",1250,3,3,7500000,23.8085164,90.3558058,mirpur,Medium,1,0.05672224909680062,6000.0,0.75,1875000.0,Medium,1
"Moghbazar Kazi Office Lane, Maghbazar",1400,3,3,22000000,23.746338,90.4074947,maghbazar,Low,0,0.06415754415569493,15714.285714285714,0.75,5500000.0,Medium,0
"Gulbag, Malibagh",1200,3,3,7500000,23.7466247,90.4199119,malibagh,Low,0,0.06410522671124488,6250.0,0.75,1875000.0,Medium,1
"Rasdia Mouza, Uttara",1352,3,3,9300000,23.8899605,90.3883735,uttara,High,2,0.0832339069280038,6878.698224852071,0.75,2325000.0,Medium,1
"Block F, Bashundhara R-A",2000,4,4,19100000,23.820682,90.43490919999999,bashundhara r-a,Medium,1,0.024697331204806904,9550.0,0.8,3820000.0,Large,0
"Rupnagar R/A, Mirpur",630,2,2,3500000,23.8085164,90.3558058,mirpur,Medium,1,0.05672224909680062,5555.555555555556,0.6666666666666666,1166666.6666666667,Small,1
"Block L, Bashundhara R-A",1550,3,3,13175000,23.8206417,90.4490575,bashundhara r-a,Medium,1,0.037992125041118804,8500.0,0.75,3293750.0,Large,0
"Block F, Bashundhara R-A",1850,3,3,15725000,23.820682,90.43490919999999,bashundhara r-a,Medium,1,0.024697331204806904,8500.0,0.75,3931250.0,Large,0
"Rasdia Mouza, Uttara",1324,3,3,9400000,23.8899605,90.3883735,uttara,High,2,0.0832339069280038,7099.697885196375,0.75,2350000.0,Medium,1
"New Circular Road, Shiddheswari",2300,4,4,31500000,23.7492786,90.4055386,shiddheswari,Low,0,0.06141719912141945,13695.652173913044,0.8,6300000.0,Large,0
"Gawair, Dakshin Khan",1120,2,2,7000000,23.8586601,90.4154636,dakshin khan,Low,0,0.04845082245916996,6250.0,0.6666666666666666,2333333.3333333335,Medium,1
"Sher-E-Bangla Road, Hazaribag",1200,3,3,9000000,23.7430483,90.3663923,hazaribag,Low,0,0.08153962933555292,7500.0,0.75,2250000.0,Medium,1
"Block D, Aftab Nagar",1550,3,3,13000000,23.7641281,90.44669909999999,aftab nagar,Low,0,0.057458008931912594,8387.09677419355,0.75,3250000.0,Large,0
"Kallyanpur, Mirpur",1500,3,3,10000000,23.7822036,90.35953719999999,mirpur,Medium,1,0.059953864569354254,6666.666666666667,0.75,2500000.0,Medium,1
"Rupnagar R/A, Mirpur",1650,3,3,12400000,23.8085164,90.3558058,mirpur,Medium,1,0.05672224909680062,7515.151515151515,0.75,3100000.0,Large,1
"Block D, Bashundhara R-A",2200,4,4,26000000,23.8154814,90.43314099999999,bashundhara r-a,Medium,1,0.02128139532455245,11818.181818181818,0.8,5200000.0,Large,0
"West Monipur, Mirpur",1850,4,4,14000000,23.7957442,90.3635789,mirpur,Medium,1,0.0510406243971419,7567.5675675675675,0.8,2800000.0,Large,0
"Rasdia Mouza, Uttara",1675,4,4,11500000,23.8899605,90.3883735,uttara,High,2,0.0832339069280038,6865.671641791045,0.8,2300000.0,Large,1
"West Monipur, Mirpur",1750,3,3,14000000,23.7957442,90.3635789,mirpur,Medium,1,0.0510406243971419,8000.0,0.75,3500000.0,Large,0
"West Monipur, Mirpur",1750,3,3,14000000,23.7957442,90.3635789,mirpur,Medium,1,0.0510406243971419,8000.0,0.75,3500000.0,Large,0
"Road No 8A, Dhanmondi",1175,3,3,11500000,23.7480022,90.3729931,dhanmondi,High,2,0.073768631764794,9787.234042553191,0.75,2875000.0,Medium,1
"Middle Monipur, Mirpur",852,2,2,4800000,23.7970198,90.3667921,mirpur,Medium,1,0.047598065448605065,5633.802816901409,0.6666666666666666,1600000.0,Medium,1
"East Monipur, Mirpur",850,2,2,3500000,23.8009532,90.3717459,mirpur,Medium,1,0.04181219124908583,4117.64705882353,0.6666666666666666,1166666.6666666667,Medium,1
"Shahid Nagar, Bayazid",1400,3,3,8000000,22.3935374,91.8281763,bayazid,Low,0,2.002836900783601,5714.285714285715,0.75,2000000.0,Medium,1
"Merul Badda, Badda",1250,3,3,7500000,23.7723767,90.42253360000001,badda,Low,0,0.03922817624935542,6000.0,0.75,1875000.0,Medium,1
"Block F, Bashundhara R-A",1850,3,3,15725000,23.820682,90.43490919999999,bashundhara r-a,Medium,1,0.024697331204806904,8500.0,0.75,3931250.0,Large,0
"Rasdia Mouza, Uttara",1350,3,3,13500000,23.8899605,90.3883735,uttara,High,2,0.0832339069280038,10000.0,0.75,3375000.0,Medium,0
"Rasdia Mouza, Uttara",1100,3,3,5500000,23.8899605,90.3883735,uttara,High,2,0.0832339069280038,5000.0,0.75,1375000.0,Medium,1
"25 No. Rampur Ward, Double Mooring",1550,3,3,7750000,22.3402906,91.7940582,double mooring,Low,0,2.0173325695272974,5000.0,0.75,1937500.0,Large,1
"Block J, Bashundhara R-A",1250,3,3,11500000,23.8228913,90.4425723,bashundhara r-a,Medium,1,0.03260190275091242,9200.0,0.75,2875000.0,Medium,1
"North Kafrul Road, Ibrahimpur",1120,3,3,5040000,23.7915385,90.384053,ibrahimpur,Low,0,0.03407676174829406,4500.0,0.75,1260000.0,Medium,1
"North Bagichagaon, Bagichagaon",1450,3,3,5510000,23.4621154,91.1704016,bagichagaon,Low,0,0.834054764964351,3800.0,0.75,1377500.0,Medium,1
"South Thakur Para, Thakur Para",1271,3,3,4448500,24.9420309,89.5238107,thakur para,Low,0,1.4389522236506973,3500.0,0.75,1112125.0,Medium,1
"North Bagichagaon, Bagichagaon",1470,3,3,5586000,23.4621154,91.1704016,bagichagaon,Low,0,0.834054764964351,3800.0,0.75,1396500.0,Medium,1
"Rasdia Mouza, Uttara",770,2,2,6000000,23.8899605,90.3883735,uttara,High,2,0.0832339069280038,7792.207792207792,0.6666666666666666,2000000.0,Small,1
"Dhaka Uddan, Mohammadpur",1260,3,3,6000000,23.7636465,90.34365679999999,mohammadpur,Medium,1,0.08316210223708037,4761.9047619047615,0.75,1500000.0,Medium,1
"South Thakur Para, Thakur Para",1438,3,3,5464000,24.9420309,89.5238107,thakur para,Low,0,1.4389522236506973,3799.721835883171,0.75,1366000.0,Medium,1
"North Bagichagaon, Bagichagaon",1500,3,3,5700000,23.4621154,91.1704016,bagichagaon,Low,0,0.834054764964351,3800.0,0.75,1425000.0,Medium,1
"Mohammadi Housing LTD., Mohammadpur",1070,3,3,7490000,23.7627707,90.35188,mohammadpur,Medium,1,0.07703128428430937,7000.0,0.75,1872500.0,Medium,1
"Shamsher Para, 4 No Chandgaon Ward",1636,3,3,8600000,22.3836415,91.84707449999999,4 no chandgaon ward,Low,0,2.0232049999128847,5256.723716381418,0.75,2150000.0,Large,1
"Bahaddarhat, 4 No Chandgaon Ward",1492,3,3,7500000,22.3702767,91.8434162,4 no chandgaon ward,Low,0,2.0300710026906263,5026.809651474531,0.75,1875000.0,Medium,1
"Abhoy Mitra Lane, 33 No. Firingee Bazaar Ward",1000,3,3,5000000,22.3278844,91.83792919999999,33 no. firingee bazaar ward,Low,0,2.0565515834367,5000.0,0.75,1250000.0,Medium,1
"North Bagichagaon, Bagichagaon",1390,3,3,5282000,23.4621154,91.1704016,bagichagaon,Low,0,0.834054764964351,3800.0,0.75,1320500.0,Medium,1
"North Bagichagaon, Bagichagaon",1470,3,3,5686000,23.4621154,91.1704016,bagichagaon,Low,0,0.834054764964351,3868.0272108843537,0.75,1421500.0,Medium,1
"Yakub Nagar Road, 33 No. Firingee Bazaar Ward",1200,3,3,6000000,22.3299136,91.8378872,33 no. firingee bazaar ward,Low,0,2.055060233479498,5000.0,0.75,1500000.0,Medium,1
"North Bagichagaon, Bagichagaon",1390,3,3,5282000,23.4621154,91.1704016,bagichagaon,Low,0,0.834054764964351,3800.0,0.75,1320500.0,Medium,1
"Paikpara, Mirpur",1750,3,3,8500000,23.7881532,90.35953719999999,mirpur,Medium,1,0.05740678473909157,4857.142857142857,0.75,2125000.0,Large,1
"25 No. Rampur Ward, Double Mooring",1550,3,3,7750000,22.3402906,91.7940582,double mooring,Low,0,2.0173325695272974,5000.0,0.75,1937500.0,Large,1
"Sector 12, Uttara",925,2,2,6000000,23.8713904,90.380721,uttara,High,2,0.06886175871381538,6486.486486486487,0.6666666666666666,2000000.0,Medium,1
"Yakub Nagar Road, 33 No. Firingee Bazaar Ward",1200,3,3,6000000,22.3299136,91.8378872,33 no. firingee bazaar ward,Low,0,2.055060233479498,5000.0,0.75,1500000.0,Medium,1
"North Bagichagaon, Bagichagaon",1450,3,3,5900000,23.4621154,91.1704016,bagichagaon,Low,0,0.834054764964351,4068.9655172413795,0.75,1475000.0,Medium,1
"Goran, Khilgaon",1375,4,4,6500000,23.7518923,90.4340251,khilgaon,Low,0,0.06224780597981129,4727.272727272727,0.8,1300000.0,Medium,1
"Shamsher Para, 4 No Chandgaon Ward",1465,3,3,7200000,22.3836415,91.84707449999999,4 no chandgaon ward,Low,0,2.0232049999128847,4914.675767918089,0.75,1800000.0,Medium,1
"Bash Bari Road, Mohammadpur",1800,4,4,14400000,23.7584785,90.3602214,mohammadpur,Medium,1,0.07361059624951859,8000.0,0.8,2880000.0,Large,0
"South Bagichagaon, Bagichagaon",1190,3,3,4879000,23.4605987,91.17264159999999,bagichagaon,Low,0,0.836723521404919,4100.0,0.75,1219750.0,Medium,1
"Mohara, 4 No Chandgaon Ward",1100,2,2,4500000,22.3873031,91.8525626,4 no chandgaon ward,Low,0,2.0245247514733884,4090.909090909091,0.6666666666666666,1500000.0,Medium,1
"Nazrul Avenue, Ashoktala",1350,3,3,5538000,23.4595074,91.1787721,ashoktala,Low,0,0.8427504846947198,4102.222222222223,0.75,1384500.0,Medium,1
"Matuail, Demra",1200,2,2,7000000,23.7060692,90.46203129999999,demra,Low,0,0.11540108036032326,5833.333333333333,0.6666666666666666,2333333.3333333335,Medium,1
"Baitul Aman Housing Society, Adabor",1340,3,3,14200000,23.7734642,90.3580005,adabor,Low,0,0.0657804808578444,10597.014925373134,0.75,3550000.0,Medium,0
"Middle Badda, Badda",900,2,2,6000000,23.7798106,90.42371209999999,badda,Low,0,0.0324856075635027,6666.666666666667,0.6666666666666666,2000000.0,Medium,1
"Ahmed Nagar, Mirpur",1400,3,3,8400000,23.793741,90.35503039999999,mirpur,Medium,1,0.05980765339954874,6000.0,0.75,2100000.0,Medium,1
"Sector 11, Uttara",1350,3,3,13500000,23.8773155,90.39013969999999,uttara,High,2,0.07064743630408771,10000.0,0.75,3375000.0,Medium,0
"Ashulia, Savar",1350,3,3,7800000,23.9003712,90.3272255,savar,Low,0,0.12403451704944458,5777.777777777777,0.75,1950000.0,Medium,1
"Rajabazar, Tejgaon",1265,3,3,13915000,23.7531346,90.3860187,tejgaon,Low,0,0.06300112861568664,11000.0,0.75,3478750.0,Medium,0
"West Mollartek, Dakshin Khan",1250,3,3,8000000,23.8588903,90.4081934,dakshin khan,Low,0,0.04878077549249974,6400.0,0.75,2000000.0,Medium,1
"Rasdia Mouza, Uttara",1498,3,3,11984000,23.8899605,90.3883735,uttara,High,2,0.0832339069280038,8000.0,0.75,2996000.0,Medium,1
"Block G, Banasree",1400,3,3,10500000,23.7619353,90.43314099999999,banasree,Low,0,0.05258512229794613,7500.0,0.75,2625000.0,Medium,1
"Baitul Aman Housing Society, Adabor",1210,3,3,7500000,23.7734642,90.3580005,adabor,Low,0,0.0657804808578444,6198.347107438017,0.75,1875000.0,Medium,1
"Block E, Aftab Nagar",1250,3,3,9500000,23.7641281,90.44669909999999,aftab nagar,Low,0,0.057458008931912594,7600.0,0.75,2375000.0,Medium,1
"Road No 14, Dhanmondi",1750,2,2,21000000,23.7543955,90.3754506,dhanmondi,High,2,0.06706691554417953,12000.0,0.6666666666666666,7000000.0,Large,0
"Block B, Bashundhara R-A",2119,3,3,19000000,23.8140104,90.4272477,bashundhara r-a,Medium,1,0.01520729178552254,8966.493629070315,0.75,4750000.0,Large,0
"Faydabad, Dakshin Khan",1250,3,3,7000000,23.8772544,90.41369619999999,dakshin khan,Low,0,0.06696508473674931,5600.0,0.75,1750000.0,Medium,1
"Sector 10, Uttara",1350,3,3,13000000,23.884012,90.3883735,uttara,High,2,0.07755995710577243,9629.62962962963,0.75,3250000.0,Medium,0
"Rasdia Mouza, Uttara",1300,3,3,15000000,23.8899605,90.3883735,uttara,High,2,0.0832339069280038,11538.461538461539,0.75,3750000.0,Medium,0
"Rasdia Mouza, Uttara",1255,3,3,19452500,23.8899605,90.3883735,uttara,High,2,0.0832339069280038,15500.0,0.75,4863125.0,Medium,0
"Monipuripara, Tejgaon",1250,4,4,9000000,23.7620595,90.3860187,tejgaon,Low,0,0.055030946656769636,7200.0,0.8,1800000.0,Medium,1
"Block F, Bashundhara R-A",1750,3,3,16000000,23.820682,90.43490919999999,bashundhara r-a,Medium,1,0.024697331204806904,9142.857142857143,0.75,4000000.0,Large,0
"Rasdia Mouza, Uttara",1250,3,3,7000000,23.8899605,90.3883735,uttara,High,2,0.0832339069280038,5600.0,0.75,1750000.0,Medium,1
"Uttar Badda, Badda",1750,3,3,11000000,23.7820433,90.4231228,badda,Low,0,0.030187496993459986,6285.714285714285,0.75,2750000.0,Large,1
"Block F, Bashundhara R-A",1600,3,3,14500000,23.820682,90.43490919999999,bashundhara r-a,Medium,1,0.024697331204806904,9062.5,0.75,3625000.0,Large,0
"Section 1, Mirpur",1500,3,3,12500000,23.8015639,90.3489496,mirpur,Medium,1,0.06414805362105391,8333.333333333334,0.75,3125000.0,Medium,1
"Block G, Bashundhara R-A",2090,4,4,21945000,23.8244052,90.43314099999999,bashundhara r-a,Medium,1,0.02500015096034202,10500.0,0.8,4389000.0,Large,0
"Block G, Banasree",1400,3,3,10500000,23.7619353,90.43314099999999,banasree,Low,0,0.05258512229794613,7500.0,0.75,2625000.0,Medium,1
"Block G, Banasree",1500,3,3,11250000,23.7619353,90.43314099999999,banasree,Low,0,0.05258512229794613,7500.0,0.75,2812500.0,Medium,1
"Block D, Bashundhara R-A",1650,3,3,15000000,23.8154814,90.43314099999999,bashundhara r-a,Medium,1,0.02128139532455245,9090.90909090909,0.75,3750000.0,Large,0
"West Rampura, Rampura",1260,3,3,7560000,23.7642132,90.4160527,rampura,Low,0,0.0462235309288474,6000.0,0.75,1890000.0,Medium,1
"Block G, Bashundhara R-A",2090,4,4,21945000,23.8244052,90.43314099999999,bashundhara r-a,Medium,1,0.02500015096034202,10500.0,0.8,4389000.0,Large,0
"Section 2, Mirpur",1133,3,3,5098500,23.8060072,90.3571841,mirpur,Medium,1,0.055482221698933715,4500.0,0.75,1274625.0,Medium,1
"Section 1, Mirpur",1000,2,2,6500000,23.8015639,90.3489496,mirpur,Medium,1,0.06414805362105391,6500.0,0.6666666666666666,2166666.6666666665,Medium,1
"Pirerbag, Mirpur",1200,3,3,6500000,23.7911115,90.3665972,mirpur,Medium,1,0.049752040964059545,5416.666666666667,0.75,1625000.0,Medium,1
"North Bagichagaon, Bagichagaon",1450,3,3,5800000,23.4621154,91.1704016,bagichagaon,Low,0,0.834054764964351,4000.0,0.75,1450000.0,Medium,1
"South Thakur Para, Thakur Para",1050,2,2,4200000,24.9420309,89.5238107,thakur para,Low,0,1.4389522236506973,4000.0,0.6666666666666666,1400000.0,Medium,1
"Rasdia Mouza, Uttara",1500,3,3,6000000,23.8899605,90.3883735,uttara,High,2,0.0832339069280038,4000.0,0.75,1500000.0,Medium,1
"Hill View R/A, Bayazid",1250,3,3,7000000,23.642191779381445,90.3844964658419,bayazid,Low,0,0.17042468062132454,5600.0,0.75,1750000.0,Medium,1
"Shahid Khawaja Nizamuddin Road, Jhautola",1500,3,3,6010000,23.4650474,91.17488,jhautola,Low,0,0.8369125535005271,4006.6666666666665,0.75,1502500.0,Medium,1
"West Bagichagoun, Bagichagaon",985,2,2,3940000,23.4619907,91.1727216,bagichagaon,Low,0,0.8362154325130953,4000.0,0.6666666666666666,1313333.3333333333,Medium,1
"Block H, Aftab Nagar",1348,3,3,11200000,23.7641281,90.44669909999999,aftab nagar,Low,0,0.057458008931912594,8308.605341246292,0.75,2800000.0,Medium,1
"South Thakur Para, Thakur Para",1050,2,2,4200000,24.9420309,89.5238107,thakur para,Low,0,1.4389522236506973,4000.0,0.6666666666666666,1400000.0,Medium,1
"North Bagichagaon, Bagichagaon",1375,3,3,5500000,23.4621154,91.1704016,bagichagaon,Low,0,0.834054764964351,4000.0,0.75,1375000.0,Medium,1
"Mogbari Choumohoni, Chotora",1445,3,3,5750000,23.4732064,91.17864850000001,chotora,Low,0,0.8370278485290878,3979.2387543252594,0.75,1437500.0,Medium,1
"Sector 12, Uttara",925,2,2,5500000,23.8713904,90.380721,uttara,High,2,0.06886175871381538,5945.945945945946,0.6666666666666666,1833333.3333333333,Medium,1
"North Bagichagaon, Bagichagaon",1380,3,3,5520000,23.4621154,91.1704016,bagichagaon,Low,0,0.834054764964351,4000.0,0.75,1380000.0,Medium,1
"Shahid Khawaja Nizamuddin Road, Jhautola",1500,3,3,6010000,23.4650474,91.17488,jhautola,Low,0,0.8369125535005271,4006.6666666666665,0.75,1502500.0,Medium,1
"Section 6, Mirpur",1100,3,3,8000000,23.8119402,90.3642437,mirpur,Medium,1,0.04828416661524933,7272.727272727273,0.75,2000000.0,Medium,1
"North Bagichagaon, Bagichagaon",1450,3,3,5800000,23.4621154,91.1704016,bagichagaon,Low,0,0.834054764964351,4000.0,0.75,1450000.0,Medium,1
"Rasdia Mouza, Uttara",1638,4,4,8000000,23.8899605,90.3883735,uttara,High,2,0.0832339069280038,4884.004884004884,0.8,1600000.0,Large,1
"South Thakur Para, Thakur Para",1050,2,2,4200000,24.9420309,89.5238107,thakur para,Low,0,1.4389522236506973,4000.0,0.6666666666666666,1400000.0,Medium,1
"12 No. Sarai Para Ward, Double Mooring",1000,3,3,4000000,22.3537774,91.791756,double mooring,Low,0,2.005942471220649,4000.0,0.75,1000000.0,Medium,1
"Rasdia Mouza, Uttara",1350,3,3,6800000,23.8899605,90.3883735,uttara,High,2,0.0832339069280038,5037.037037037037,0.75,1700000.0,Medium,1
"Uttar Badda, Badda",1400,3,3,7000000,23.7820433,90.4231228,badda,Low,0,0.030187496993459986,5000.0,0.75,1750000.0,Medium,1
"Rasdia Mouza, Uttara",1180,3,3,6490000,23.8899605,90.3883735,uttara,High,2,0.0832339069280038,5500.0,0.75,1622500.0,Medium,1
"2nd Colony, Mirpur",750,2,2,2625000,23.7918946,90.3495377,mirpur,Medium,1,0.06559733203758741,3500.0,0.6666666666666666,875000.0,Small,1
"South Thakur Para, Thakur Para",1271,3,3,5084000,24.9420309,89.5238107,thakur para,Low,0,1.4389522236506973,4000.0,0.75,1271000.0,Medium,1
"Pallabi, Mirpur",1920,4,4,17500000,23.8223486,90.36542039999999,mirpur,Medium,1,0.048596887741092366,9114.583333333334,0.8,3500000.0,Large,0
"South Thakur Para, Thakur Para",1020,2,2,4080000,24.9420309,89.5238107,thakur para,Low,0,1.4389522236506973,4000.0,0.6666666666666666,1360000.0,Medium,1
"Section 1, Mirpur",700,1,1,2000000,23.8015639,90.3489496,mirpur,Medium,1,0.06414805362105391,2857.1428571428573,0.5,1000000.0,Small,1
"Shahid Khawaja Nizamuddin Road, Jhautola",1547,3,3,6188000,23.4650474,91.17488,jhautola,Low,0,0.8369125535005271,4000.0,0.75,1547000.0,Large,1
"Zakir Hossain By Lane, East Nasirabad",2250,3,3,12000000,22.3621734,91.817686,east nasirabad,Low,0,2.017825152044539,5333.333333333333,0.75,3000000.0,Large,1
"Block C, Bashundhara R-A",2050,4,4,21525000,23.8184723,90.4272477,bashundhara r-a,Medium,1,0.01686063885444435,10500.0,0.8,4305000.0,Large,0
"Darussalam, Mirpur",1150,3,3,5750000,23.7784999,90.35306659999999,mirpur,Medium,1,0.06740604865715305,5000.0,0.75,1437500.0,Medium,1
"Section 10, Mirpur",1350,3,3,10150000,23.8119234,90.3713045,mirpur,Medium,1,0.04122747442919648,7518.518518518518,0.75,2537500.0,Medium,1
"Block L, Bashundhara R-A",1760,3,3,18480000,23.8206417,90.4490575,bashundhara r-a,Medium,1,0.037992125041118804,10500.0,0.75,4620000.0,Large,0
"Rasdia Mouza, Uttara",1119,3,3,8952000,23.8899605,90.3883735,uttara,High,2,0.0832339069280038,8000.0,0.75,2238000.0,Medium,1
"Bazar Road, Dumni",963,2,2,2503800,23.8298728,90.4224142,dumni,Low,0,0.02194050732048329,2600.0,0.6666666666666666,834600.0,Medium,1
"Sector 3, Uttara",2300,4,4,32000000,23.8654003,90.3972052,uttara,High,2,0.057183686197461114,13913.04347826087,0.8,6400000.0,Large,0
"Bazar Road, Dumni",1046,2,2,2800000,23.8298728,90.4224142,dumni,Low,0,0.02194050732048329,2676.864244741874,0.6666666666666666,933333.3333333334,Medium,1
"Uttar Badda, Badda",1410,3,3,8500000,23.7820433,90.4231228,badda,Low,0,0.030187496993459986,6028.368794326241,0.75,2125000.0,Medium,1
"Pirerbag, Mirpur",935,2,2,6610000,23.7911115,90.3665972,mirpur,Medium,1,0.049752040964059545,7069.5187165775405,0.6666666666666666,2203333.3333333335,Medium,1
"North Khulshi, Khulshi",2800,5,5,25000000,22.3589004,91.8125895,khulshi,Low,0,2.0166336818793926,8928.57142857143,0.8333333333333334,4166666.6666666665,Large,0
"Rasdia Mouza, Uttara",3100,5,5,33000000,23.8899605,90.3883735,uttara,High,2,0.0832339069280038,10645.161290322581,0.8333333333333334,5500000.0,Large,0
"Gulshan 1, Gulshan",2961,3,3,52500000,23.7820624,90.4160527,gulshan,High,2,0.028460213123763452,17730.49645390071,0.75,13125000.0,Large,3
"East Rampura, Rampura",950,2,2,7000000,23.7582378,90.42547979999999,rampura,Low,0,0.0536558279861572,7368.421052631579,0.6666666666666666,2333333.3333333335,Medium,1
"Block H, Banasree",1025,2,2,7500000,23.7619353,90.43314099999999,banasree,Low,0,0.05258512229794613,7317.073170731707,0.6666666666666666,2500000.0,Medium,1
"East Rampura, Rampura",950,2,2,6700000,23.7582378,90.42547979999999,rampura,Low,0,0.0536558279861572,7052.631578947368,0.6666666666666666,2233333.3333333335,Medium,1
"West Kazipara, Mirpur",850,2,2,4000000,23.797795,90.3707161,mirpur,Medium,1,0.0436150126012811,4705.882352941177,0.6666666666666666,1333333.3333333333,Medium,1
"Section 6, Mirpur",675,2,2,3000000,23.8119402,90.3642437,mirpur,Medium,1,0.04828416661524933,4444.444444444444,0.6666666666666666,1000000.0,Small,1
"Block I, Bashundhara R-A",1680,3,3,15000000,23.8206687,90.43962479999999,bashundhara r-a,Medium,1,0.02903902055389801,8928.57142857143,0.75,3750000.0,Large,0
"Block G, Bashundhara R-A",1500,4,4,12200000,23.8244052,90.43314099999999,bashundhara r-a,Medium,1,0.02500015096034202,8133.333333333333,0.8,2440000.0,Medium,1
"Bazar Road, Dumni",1248,3,3,3244800,23.8298728,90.4224142,dumni,Low,0,0.02194050732048329,2600.0,0.75,811200.0,Medium,1
"Section 2, Mirpur",1350,3,3,12000000,23.8060072,90.3571841,mirpur,Medium,1,0.055482221698933715,8888.888888888889,0.75,3000000.0,Medium,1
"Section 2, Mirpur",1120,3,3,5600000,23.8060072,90.3571841,mirpur,Medium,1,0.055482221698933715,5000.0,0.75,1400000.0,Medium,1
"Sector 13, Uttara",2258,5,5,28000000,23.8713728,90.38778479999999,uttara,High,2,0.06588420152722427,12400.354295837024,0.8333333333333334,4666666.666666667,Large,0
"Nalbhog Mouza, Turag",1380,3,3,9000000,23.8773447,90.37836659999999,turag,Low,0,0.0752335084496907,6521.739130434783,0.75,2250000.0,Medium,1
"Gawair, Dakshin Khan",900,2,2,3150000,23.8586601,90.4154636,dakshin khan,Low,0,0.04845082245916996,3500.0,0.6666666666666666,1050000.0,Medium,1
"Bazar Road, Dumni",951,2,2,2472600,23.8298728,90.4224142,dumni,Low,0,0.02194050732048329,2600.0,0.6666666666666666,824200.0,Medium,1
"Rasdia Mouza, Uttara",750,2,2,3500000,23.8899605,90.3883735,uttara,High,2,0.0832339069280038,4666.666666666667,0.6666666666666666,1166666.6666666667,Small,1
"Baitul Aman Housing Society, Adabor",2000,4,4,14800000,23.7734642,90.3580005,adabor,Low,0,0.0657804808578444,7400.0,0.8,2960000.0,Large,0
"Section 10, Mirpur",1008,3,3,4838400,23.8119234,90.3713045,mirpur,Medium,1,0.04122747442919648,4800.0,0.75,1209600.0,Medium,1
"Block F, Bashundhara R-A",1800,3,3,16000000,23.820682,90.43490919999999,bashundhara r-a,Medium,1,0.024697331204806904,8888.888888888889,0.75,4000000.0,Large,0
"Section 12, Mirpur",680,2,2,4200000,23.8253064,90.37248149999999,mirpur,Medium,1,0.042739588009363054,6176.470588235294,0.6666666666666666,1400000.0,Small,1
"Pallabi, Mirpur",1050,2,2,5000000,23.8223486,90.36542039999999,mirpur,Medium,1,0.048596887741092366,4761.9047619047615,0.6666666666666666,1666666.6666666667,Medium,1
"Moushair, Dakshin Khan",1055,2,2,5300000,23.8519373,90.4266584,dakshin khan,Low,0,0.04397868849624563,5023.696682464455,0.6666666666666666,1766666.6666666667,Medium,1
"Hemayetpur, Savar",900,2,2,2900000,23.798635,90.2680347,savar,Low,0,0.1449354860932547,3222.222222222222,0.6666666666666666,966666.6666666666,Medium,1
"Pirerbag, Mirpur",900,2,2,5000000,23.7911115,90.3665972,mirpur,Medium,1,0.049752040964059545,5555.555555555556,0.6666666666666666,1666666.6666666667,Medium,1
"Nasirabad Housing Society, Muradpur",1641,4,4,11000000,22.3650739,91.8276288,muradpur,Low,0,2.0226883103213584,6703.229737964656,0.8,2200000.0,Large,1
"Al-Madani Road, Sholokbahar",1644,3,3,9864000,22.3641045,91.8415125,sholokbahar,Low,0,2.0331153802419824,6000.0,0.75,2466000.0,Large,1
"Block H, Aftab Nagar",1725,3,3,14662500,23.7641281,90.44669909999999,aftab nagar,Low,0,0.057458008931912594,8500.0,0.75,3665625.0,Large,0
"Section 12, Mirpur",1400,3,3,9100000,23.8253064,90.37248149999999,mirpur,Medium,1,0.042739588009363054,6500.0,0.75,2275000.0,Medium,1
"Section 12, Mirpur",900,2,2,5850000,23.8253064,90.37248149999999,mirpur,Medium,1,0.042739588009363054,6500.0,0.6666666666666666,1950000.0,Medium,1
"Block H, Aftab Nagar",1600,3,3,14400000,23.7641281,90.44669909999999,aftab nagar,Low,0,0.057458008931912594,9000.0,0.75,3600000.0,Large,0
"18 No. East Bakalia Ward, Bakalia",1335,3,3,5340000,22.3516461,91.863153,bakalia,Low,0,2.0571984168752957,4000.0,0.75,1335000.0,Medium,1
"Block E, Aftab Nagar",1380,3,3,9500000,23.7641281,90.44669909999999,aftab nagar,Low,0,0.057458008931912594,6884.057971014493,0.75,2375000.0,Medium,1
"Ahmed Nagar, Mirpur",1250,3,3,5250000,23.793741,90.35503039999999,mirpur,Medium,1,0.05980765339954874,4200.0,0.75,1312500.0,Medium,1
"Sector 12, Uttara",1600,3,3,14000000,23.8713904,90.380721,uttara,High,2,0.06886175871381538,8750.0,0.75,3500000.0,Large,0
"Rasdia Mouza, Uttara",1150,2,2,6500000,23.8899605,90.3883735,uttara,High,2,0.0832339069280038,5652.173913043478,0.6666666666666666,2166666.6666666665,Medium,1
"South Badda, Badda",850,2,2,5000000,23.7753515,90.42253360000001,badda,Low,0,0.036360291269604,5882.35294117647,0.6666666666666666,1666666.6666666667,Medium,1
"18 No. East Bakalia Ward, Bakalia",1275,3,3,5100000,22.3516461,91.863153,bakalia,Low,0,2.0571984168752957,4000.0,0.75,1275000.0,Medium,1
"Block C, Aftab Nagar",1550,4,4,15000000,23.7610623,90.43023939999999,aftab nagar,Low,0,0.05233581387205256,9677.41935483871,0.8,3000000.0,Large,0
"Block C, Banasree",1350,3,3,11300000,23.7610623,90.43023939999999,banasree,Low,0,0.05233581387205256,8370.37037037037,0.75,2825000.0,Medium,1
"Pirerbag, Mirpur",1250,3,3,7000000,23.7911115,90.3665972,mirpur,Medium,1,0.049752040964059545,5600.0,0.75,1750000.0,Medium,1
"Radio Colony, Savar",1050,2,2,3360000,23.8578761,90.2640617,savar,Low,0,0.1558762784970769,3200.0,0.6666666666666666,1120000.0,Medium,1
"Rasdia Mouza, Uttara",3474,4,4,45000000,23.8899605,90.3883735,uttara,High,2,0.0832339069280038,12953.36787564767,0.8,9000000.0,Large,3
"West Shewrapara, Mirpur",1180,2,2,6600000,23.7881199,90.3736584,mirpur,Medium,1,0.044728366017213576,5593.220338983051,0.6666666666666666,2200000.0,Medium,1
"Section 6, Mirpur",1375,3,3,12100000,23.8119402,90.3642437,mirpur,Medium,1,0.04828416661524933,8800.0,0.75,3025000.0,Medium,1
"Chandrima Model Town, Mohammadpur",1200,3,3,6600000,23.75969,90.3398058,mohammadpur,Medium,1,0.0885766267908209,5500.0,0.75,1650000.0,Medium,1
"East Shewrapara, Mirpur",950,2,2,4275000,23.7933187,90.376601,mirpur,Medium,1,0.03971275299812494,4500.0,0.6666666666666666,1425000.0,Medium,1
"2nd Colony, Mirpur",1375,3,3,7000000,23.7918946,90.3495377,mirpur,Medium,1,0.06559733203758741,5090.909090909091,0.75,1750000.0,Medium,1
"East Kazipara, Mirpur",1350,3,3,6575000,23.8000133,90.3760125,mirpur,Medium,1,0.03790981209580841,4870.37037037037,0.75,1643750.0,Medium,1
"Rupnagar R/A, Mirpur",860,2,2,4500000,23.8085164,90.3558058,mirpur,Medium,1,0.05672224909680062,5232.558139534884,0.6666666666666666,1500000.0,Medium,1
"Sector 5, Uttara",1350,3,3,8500000,23.8646732,90.39072840000001,uttara,High,2,0.05857002172441795,6296.2962962962965,0.75,2125000.0,Medium,1
"Pirerbag, Mirpur",1020,2,2,6000000,23.7911115,90.3665972,mirpur,Medium,1,0.049752040964059545,5882.35294117647,0.6666666666666666,2000000.0,Medium,1
"Nasirabad, 15 No. Bagmoniram Ward",1520,4,4,15500000,22.3608208,91.82330069999999,15 no. bagmoniram ward,Low,0,2.0227082257095623,10197.368421052632,0.8,3100000.0,Large,0
"Block E, Bashundhara R-A",1851,4,4,13882500,23.8110194,90.43314099999999,bashundhara r-a,Medium,1,0.020653532805791394,7500.0,0.8,2776500.0,Large,0
"Block D, Bashundhara R-A",1500,3,3,11500000,23.8154814,90.43314099999999,bashundhara r-a,Medium,1,0.02128139532455245,7666.666666666667,0.75,2875000.0,Medium,1
"Ashkona, Dakshin Khan",1000,2,2,7000000,23.853447,90.4184093,dakshin khan,Low,0,0.04354978111873562,7000.0,0.6666666666666666,2333333.3333333335,Medium,1
"Ahmed Nagar, Mirpur",1050,2,2,5500000,23.793741,90.35503039999999,mirpur,Medium,1,0.05980765339954874,5238.0952380952385,0.6666666666666666,1833333.3333333333,Medium,1
"West Monipur, Mirpur",1050,2,2,4725000,23.7957442,90.3635789,mirpur,Medium,1,0.0510406243971419,4500.0,0.6666666666666666,1575000.0,Medium,1
"Rasdia Mouza, Uttara",725,2,2,4800000,23.8899605,90.3883735,uttara,High,2,0.0832339069280038,6620.689655172414,0.6666666666666666,1600000.0,Small,1
"Rasdia Mouza, Uttara",1250,3,3,6000000,23.8899605,90.3883735,uttara,High,2,0.0832339069280038,4800.0,0.75,1500000.0,Medium,1
"Block J, Bashundhara R-A",1700,4,4,15000000,23.8228913,90.4425723,bashundhara r-a,Medium,1,0.03260190275091242,8823.529411764706,0.8,3000000.0,Large,0
"Section 10, Mirpur",1465,3,3,8800000,23.8119234,90.3713045,mirpur,Medium,1,0.04122747442919648,6006.825938566553,0.75,2200000.0,Medium,1
"Rasdia Mouza, Uttara",1600,3,3,6500000,23.8899605,90.3883735,uttara,High,2,0.0832339069280038,4062.5,0.75,1625000.0,Large,1
"Middle Paikpara, Mirpur",1000,2,2,3800000,23.7903857,90.35894890000002,mirpur,Medium,1,0.057134049880064604,3800.0,0.6666666666666666,1266666.6666666667,Medium,1
"North Ibrahimpur, Ibrahimpur",1245,3,3,5353500,26.1480418,82.9488114,ibrahimpur,Low,0,7.821232910560659,4300.0,0.75,1338375.0,Medium,1
"Zakir Hossain Road, Khulshi",2000,4,4,13000000,22.3616445,91.8125827,khulshi,Low,0,2.014654889681987,6500.0,0.8,2600000.0,Large,0
"14 No. Lalkhan Bazaar Ward, Lal Khan Bazaar",1100,3,3,5500000,22.3489855,91.81598819999999,lal khan bazaar,Low,0,2.0261340516978352,5000.0,0.75,1375000.0,Medium,1
"Shahjadpur, Badda",1475,3,3,15550000,23.7917066,90.4248906,badda,Low,0,0.02234371258139737,10542.372881355932,0.75,3887500.0,Medium,0
"Section 6, Mirpur",650,2,2,3500000,23.8119402,90.3642437,mirpur,Medium,1,0.04828416661524933,5384.615384615385,0.6666666666666666,1166666.6666666667,Small,1
"Sector 6, Uttara",3218,4,4,27500000,23.8713307,90.4042719,uttara,High,2,0.06158285453029869,8545.680546923555,0.8,5500000.0,Large,0
"Section 1, Mirpur",1090,3,3,7085000,23.8015639,90.3489496,mirpur,Medium,1,0.06414805362105391,6500.0,0.75,1771250.0,Medium,1
"Rasdia Mouza, Uttara",1000,3,3,16000000,23.8899605,90.3883735,uttara,High,2,0.0832339069280038,16000.0,0.75,4000000.0,Medium,0
"Ashkona, Dakshin Khan",1095,2,2,7500000,23.853447,90.4184093,dakshin khan,Low,0,0.04354978111873562,6849.315068493151,0.6666666666666666,2500000.0,Medium,1
"Rasdia Mouza, Uttara",1400,4,4,9500000,23.8899605,90.3883735,uttara,High,2,0.0832339069280038,6785.714285714285,0.8,1900000.0,Medium,1
"Faydabad, Dakshin Khan",1125,2,2,4775000,23.8772544,90.41369619999999,dakshin khan,Low,0,0.06696508473674931,4244.444444444444,0.6666666666666666,1591666.6666666667,Medium,1
"West Khulshi, 9 No. North Pahartali Ward",1700,4,4,9000000,22.3662719,91.80197609999999,9 no. north pahartali ward,Low,0,2.0039613234942464,5294.117647058823,0.8,1800000.0,Large,1
"Sector 11, Uttara",1518,3,3,12400000,23.8773155,90.39013969999999,uttara,High,2,0.07064743630408771,8168.642951251647,0.75,3100000.0,Large,1
"Rasdia Mouza, Uttara",1515,3,3,19900000,23.8899605,90.3883735,uttara,High,2,0.0832339069280038,13135.313531353135,0.75,4975000.0,Large,0
"Rasdia Mouza, Uttara",1873,3,3,25500000,23.8899605,90.3883735,uttara,High,2,0.0832339069280038,13614.522156967432,0.75,6375000.0,Large,0
"Anando Road, Ibrahimpur",1332,3,3,7326000,23.794976,90.3863603,ibrahimpur,Low,0,0.03030031174904711,5500.0,0.75,1831500.0,Medium,1
"East Monipur, Mirpur",850,2,2,4000000,23.8009532,90.3717459,mirpur,Medium,1,0.04181219124908583,4705.882352941177,0.6666666666666666,1333333.3333333333,Medium,1
"Kutum Goli, Agargaon",980,2,2,5390000,23.7834257,90.3733666,agargaon,Low,0,0.04747263418065125,5500.0,0.6666666666666666,1796666.6666666667,Medium,1
"Block D, Bashundhara R-A",1500,3,3,12500000,23.8154814,90.43314099999999,bashundhara r-a,Medium,1,0.02128139532455245,8333.333333333334,0.75,3125000.0,Medium,1
"Anando Road, Ibrahimpur",1332,3,3,5791500,23.794976,90.3863603,ibrahimpur,Low,0,0.03030031174904711,4347.972972972973,0.75,1447875.0,Medium,1
"Gulshan 1, Gulshan",3200,4,4,58000000,23.7820624,90.4160527,gulshan,High,2,0.028460213123763452,18125.0,0.8,11600000.0,Large,3
"Faydabad, Dakshin Khan",1160,3,3,4408000,23.8772544,90.41369619999999,dakshin khan,Low,0,0.06696508473674931,3800.0,0.75,1102000.0,Medium,1
"18 No. East Bakalia Ward, Bakalia",1315,3,3,5260000,22.3516461,91.863153,bakalia,Low,0,2.0571984168752957,4000.0,0.75,1315000.0,Medium,1
"Malibagh Chowdhury Para, Malibagh",1560,4,4,11200000,23.752314,90.4158252,malibagh,Low,0,0.05808126333888074,7179.48717948718,0.8,2240000.0,Large,1
"Darussalam, Mirpur",1100,2,2,5500000,23.7784999,90.35306659999999,mirpur,Medium,1,0.06740604865715305,5000.0,0.6666666666666666,1833333.3333333333,Medium,1
"East Kazipara, Mirpur",850,2,2,5000000,23.8000133,90.3760125,mirpur,Medium,1,0.03790981209580841,5882.35294117647,0.6666666666666666,1666666.6666666667,Medium,1
"Rasdia Mouza, Uttara",1150,2,2,6500000,23.8899605,90.3883735,uttara,High,2,0.0832339069280038,5652.173913043478,0.6666666666666666,2166666.6666666665,Medium,1
"Sector 13, Uttara",2100,5,5,29000000,23.8713728,90.38778479999999,uttara,High,2,0.06588420152722427,13809.52380952381,0.8333333333333334,4833333.333333333,Large,0
"Section 11, Mirpur",1250,3,3,7200000,23.8178783,90.3689508,mirpur,Medium,1,0.04420365880252531,5760.0,0.75,1800000.0,Medium,1
"Section 10, Mirpur",1140,2,2,6100000,23.8119234,90.3713045,mirpur,Medium,1,0.04122747442919648,5350.877192982456,0.6666666666666666,2033333.3333333333,Medium,1
"Kachukhet Road, Mirpur",950,2,2,5200000,23.7943459,90.3879475,mirpur,Medium,1,0.029280685836571396,5473.684210526316,0.6666666666666666,1733333.3333333333,Medium,1
"Section 11, Mirpur",1200,3,3,5800000,23.8178783,90.3689508,mirpur,Medium,1,0.04420365880252531,4833.333333333333,0.75,1450000.0,Medium,1
"Rasdia Mouza, Uttara",1500,3,3,10800000,23.8899605,90.3883735,uttara,High,2,0.0832339069280038,7200.0,0.75,2700000.0,Medium,1
"Manikdi, Cantonment",1616,3,3,7272000,23.8260022,90.3919059,cantonment,Low,0,0.025897413763730507,4500.0,0.75,1818000.0,Large,1
"Block C, Bashundhara R-A",1350,3,3,11600000,23.8184723,90.4272477,bashundhara r-a,Medium,1,0.01686063885444435,8592.592592592593,0.75,2900000.0,Medium,1
"Section 10, Mirpur",1140,2,2,6200000,23.8119234,90.3713045,mirpur,Medium,1,0.04122747442919648,5438.596491228071,0.6666666666666666,2066666.6666666667,Medium,1
"Chalabon, Dakshin Khan",800,2,2,4000000,23.8653445,90.4184093,dakshin khan,Low,0,0.055360787627523084,5000.0,0.6666666666666666,1333333.3333333333,Medium,1
"Section 6, Mirpur",650,2,2,2400000,23.8119402,90.3642437,mirpur,Medium,1,0.04828416661524933,3692.3076923076924,0.6666666666666666,800000.0,Small,1
"Section 10, Mirpur",750,2,2,4200000,23.8119234,90.3713045,mirpur,Medium,1,0.04122747442919648,5600.0,0.6666666666666666,1400000.0,Small,1
"Rasdia Mouza, Uttara",1200,2,2,5000000,23.8899605,90.3883735,uttara,High,2,0.0832339069280038,4166.666666666667,0.6666666666666666,1666666.6666666667,Medium,1
"PC Culture Housing, Mohammadpur",900,2,2,4950000,23.7680904,90.3518903,mohammadpur,Medium,1,0.07385923142201206,5500.0,0.6666666666666666,1650000.0,Medium,1
"Block D, Bashundhara R-A",1900,4,4,19000000,23.8154814,90.43314099999999,bashundhara r-a,Medium,1,0.02128139532455245,10000.0,0.8,3800000.0,Large,0
"Patharghata, Kotwali",1352,3,3,6760000,22.3337879,91.8428065,kotwali,Low,0,2.0556908000447596,5000.0,0.75,1690000.0,Medium,1
"Rasdia Mouza, Uttara",920,2,2,3300000,23.8899605,90.3883735,uttara,High,2,0.0832339069280038,3586.9565217391305,0.6666666666666666,1100000.0,Medium,1
"18 No. East Bakalia Ward, Bakalia",1335,3,3,5340000,22.3516461,91.863153,bakalia,Low,0,2.0571984168752957,4000.0,0.75,1335000.0,Medium,1
"Block B, Bashundhara R-A",2290,3,3,22500000,23.8140104,90.4272477,bashundhara r-a,Medium,1,0.01520729178552254,9825.32751091703,0.75,5625000.0,Large,0
"18 No. East Bakalia Ward, Bakalia",1275,3,3,5100000,22.3516461,91.863153,bakalia,Low,0,2.0571984168752957,4000.0,0.75,1275000.0,Medium,1
"Patharghata, Kotwali",1370,3,3,6850000,22.3337879,91.8428065,kotwali,Low,0,2.0556908000447596,5000.0,0.75,1712500.0,Medium,1
"East Rampura, Rampura",1425,3,3,9000000,23.7582378,90.42547979999999,rampura,Low,0,0.0536558279861572,6315.789473684211,0.75,2250000.0,Medium,1
"Hill View R/A, Bayazid",1440,3,3,6500000,23.642191779381445,90.3844964658419,bayazid,Low,0,0.17042468062132454,4513.888888888889,0.75,1625000.0,Medium,1
"Block C, Bashundhara R-A",5040,4,4,54000000,23.8184723,90.4272477,bashundhara r-a,Medium,1,0.01686063885444435,10714.285714285714,0.8,10800000.0,Large,3
"Block F, Bashundhara R-A",1650,3,3,13200000,23.820682,90.43490919999999,bashundhara r-a,Medium,1,0.024697331204806904,8000.0,0.75,3300000.0,Large,0
"Sector 5, Uttara",1300,3,3,9600000,23.8646732,90.39072840000001,uttara,High,2,0.05857002172441795,7384.615384615385,0.75,2400000.0,Medium,1
"Rasdia Mouza, Uttara",1750,3,3,10000000,23.8899605,90.3883735,uttara,High,2,0.0832339069280038,5714.285714285715,0.75,2500000.0,Large,1
"Ashkona, Dakshin Khan",1135,3,3,7500000,23.853447,90.4184093,dakshin khan,Low,0,0.04354978111873562,6607.929515418502,0.75,1875000.0,Medium,1
"Sector 7, Uttara",1500,3,3,16000000,23.871349,90.3972052,uttara,High,2,0.06293577129136818,10666.666666666666,0.75,4000000.0,Medium,0
"Block E, Bashundhara R-A",2535,5,5,16000000,23.8110194,90.43314099999999,bashundhara r-a,Medium,1,0.020653532805791394,6311.63708086785,0.8333333333333334,2666666.6666666665,Large,0
"Rasdia Mouza, Uttara",1280,3,3,6000000,23.8899605,90.3883735,uttara,High,2,0.0832339069280038,4687.5,0.75,1500000.0,Medium,1
"Section 10, Mirpur",855,2,2,4702500,23.8119234,90.3713045,mirpur,Medium,1,0.04122747442919648,5500.0,0.6666666666666666,1567500.0,Medium,1
"18 No. East Bakalia Ward, Bakalia",1325,3,3,5300000,22.3516461,91.863153,bakalia,Low,0,2.0571984168752957,4000.0,0.75,1325000.0,Medium,1
"Section 12, Mirpur",1400,3,3,7500000,23.8253064,90.37248149999999,mirpur,Medium,1,0.042739588009363054,5357.142857142857,0.75,1875000.0,Medium,1
"Zakir Hossain Road, Khulshi",1775,3,3,14200000,22.3616445,91.8125827,khulshi,Low,0,2.014654889681987,8000.0,0.75,3550000.0,Large,0
"Rasdia Mouza, Uttara",986,2,2,6200000,23.8899605,90.3883735,uttara,High,2,0.0832339069280038,6288.032454361055,0.6666666666666666,2066666.6666666667,Medium,1
"West Agargaon, Agargaon",1275,3,3,8500000,23.7807183,90.3693678,agargaon,Low,0,0.05230166012402525,6666.666666666667,0.75,2125000.0,Medium,1
"Rasdia Mouza, Uttara",2787,4,4,29000000,23.8899605,90.3883735,uttara,High,2,0.0832339069280038,10405.453893074991,0.8,5800000.0,Large,0
"Section 12, Mirpur",1400,3,3,7800000,23.8253064,90.37248149999999,mirpur,Medium,1,0.042739588009363054,5571.428571428572,0.75,1950000.0,Medium,1
"Tongi, Gazipur Sadar Upazila",1400,3,3,5500000,23.889974,90.40734719999999,gazipur sadar upazila,Low,0,0.07984045104982557,3928.5714285714284,0.75,1375000.0,Medium,1
"Hamjarbag, 7 No. West Sholoshohor Ward",1750,3,3,7875000,22.3762453,91.8307055,7 no. west sholoshohor ward,Low,0,2.0168836661598357,4500.0,0.75,1968750.0,Large,1
"Section 10, Mirpur",1075,2,2,5500000,23.8119234,90.3713045,mirpur,Medium,1,0.04122747442919648,5116.279069767442,0.6666666666666666,1833333.3333333333,Medium,1
"Rasdia Mouza, Uttara",905,2,2,3200000,23.8899605,90.3883735,uttara,High,2,0.0832339069280038,3535.9116022099447,0.6666666666666666,1066666.6666666667,Medium,1
"18 No. East Bakalia Ward, Bakalia",1315,3,3,5260000,22.3516461,91.863153,bakalia,Low,0,2.0571984168752957,4000.0,0.75,1315000.0,Medium,1
"Block D, Bashundhara R-A",2380,4,4,21500000,23.8154814,90.43314099999999,bashundhara r-a,Medium,1,0.02128139532455245,9033.61344537815,0.8,4300000.0,Large,0
"Bahaddarhat, 4 No Chandgaon Ward",1200,3,3,6500000,22.3702767,91.8434162,4 no chandgaon ward,Low,0,2.0300710026906263,5416.666666666667,0.75,1625000.0,Medium,1
"Block I, Bashundhara R-A",2250,4,4,21800000,23.8206687,90.43962479999999,bashundhara r-a,Medium,1,0.02903902055389801,9688.888888888889,0.8,4360000.0,Large,0
"12 No. Sarai Para Ward, Double Mooring",1150,2,2,4600000,22.3537774,91.791756,double mooring,Low,0,2.005942471220649,4000.0,0.6666666666666666,1533333.3333333333,Medium,1
"Pallabi, Mirpur",1350,3,3,9500000,23.8223486,90.36542039999999,mirpur,Medium,1,0.048596887741092366,7037.037037037037,0.75,2375000.0,Medium,1
"Gulshan 2, Gulshan",3660,4,4,109800000,23.7947536,90.41430849999999,gulshan,High,2,0.015651237178256384,30000.0,0.8,21960000.0,Large,2
"North Khulshi, Khulshi",2200,3,3,17500000,22.3589004,91.8125895,khulshi,Low,0,2.0166336818793926,7954.545454545455,0.75,4375000.0,Large,0
"Block G, Banasree",1722,4,4,14000000,23.7619353,90.43314099999999,banasree,Low,0,0.05258512229794613,8130.081300813008,0.8,2800000.0,Large,0
"Block E, Banasree",1100,2,2,8500000,23.7619353,90.43314099999999,banasree,Low,0,0.05258512229794613,7727.272727272727,0.6666666666666666,2833333.3333333335,Medium,1
"Rasdia Mouza, Uttara",2180,3,3,9000000,23.8899605,90.3883735,uttara,High,2,0.0832339069280038,4128.440366972477,0.75,2250000.0,Large,1
"12 No. Sarai Para Ward, Double Mooring",1050,2,2,4200000,22.3537774,91.791756,double mooring,Low,0,2.005942471220649,4000.0,0.6666666666666666,1400000.0,Medium,1
"Bahaddarhat, 4 No Chandgaon Ward",1320,3,3,5940000,22.3702767,91.8434162,4 no chandgaon ward,Low,0,2.0300710026906263,4500.0,0.75,1485000.0,Medium,1
"Rasdia Mouza, Uttara",1650,4,4,9500000,23.8899605,90.3883735,uttara,High,2,0.0832339069280038,5757.575757575758,0.8,1900000.0,Large,1
"Bahaddarhat, 4 No Chandgaon Ward",1355,3,3,4742500,22.3702767,91.8434162,4 no chandgaon ward,Low,0,2.0300710026906263,3500.0,0.75,1185625.0,Medium,1
"Shekhertek, Mohammadpur",1200,3,3,6700000,23.7690369,90.35645149999999,mohammadpur,Medium,1,0.06959940929246794,5583.333333333333,0.75,1675000.0,Medium,1
"Bahaddarhat, 4 No Chandgaon Ward",1355,3,3,4742500,22.3702767,91.8434162,4 no chandgaon ward,Low,0,2.0300710026906263,3500.0,0.75,1185625.0,Medium,1
"Rasdia Mouza, Uttara",1340,3,3,8000000,23.8899605,90.3883735,uttara,High,2,0.0832339069280038,5970.149253731343,0.75,2000000.0,Medium,1
"12 No. Sarai Para Ward, Double Mooring",1150,2,2,4600000,22.3537774,91.791756,double mooring,Low,0,2.005942471220649,4000.0,0.6666666666666666,1533333.3333333333,Medium,1
"Section 1, Mirpur",1100,3,3,6500000,23.8015639,90.3489496,mirpur,Medium,1,0.06414805362105391,5909.090909090909,0.75,1625000.0,Medium,1
"Chandrima Model Town, Mohammadpur",1600,4,4,7500000,23.75969,90.3398058,mohammadpur,Medium,1,0.0885766267908209,4687.5,0.8,1500000.0,Large,1
"Pallabi, Mirpur",1050,2,2,6300000,23.8223486,90.36542039999999,mirpur,Medium,1,0.048596887741092366,6000.0,0.6666666666666666,2100000.0,Medium,1
"Rasdia Mouza, Uttara",1370,4,4,9500000,23.8899605,90.3883735,uttara,High,2,0.0832339069280038,6934.306569343065,0.8,1900000.0,Medium,1
"12 No. Sarai Para Ward, Double Mooring",1150,2,2,4600000,22.3537774,91.791756,double mooring,Low,0,2.005942471220649,4000.0,0.6666666666666666,1533333.3333333333,Medium,1
"Block F, Banasree",2400,4,4,20800000,23.7604313,90.4390353,banasree,Low,0,0.056489020046203986,8666.666666666666,0.8,4160000.0,Large,0
"Shahid Nagar, Bayazid",1365,3,3,6000000,22.3935374,91.8281763,bayazid,Low,0,2.002836900783601,4395.604395604396,0.75,1500000.0,Medium,1
"Bahaddarhat, 4 No Chandgaon Ward",1355,3,3,4742500,22.3702767,91.8434162,4 no chandgaon ward,Low,0,2.0300710026906263,3500.0,0.75,1185625.0,Medium,1
"South Khulshi, Khulshi",972,2,2,5000000,22.3587138,91.8108977,khulshi,Low,0,2.015593863702642,5144.0329218107,0.6666666666666666,1666666.6666666667,Medium,1
"Rasdia Mouza, Uttara",1500,3,3,12800000,23.8899605,90.3883735,uttara,High,2,0.0832339069280038,8533.333333333334,0.75,3200000.0,Medium,0
"Nasirabad Housing Society, Muradpur",1800,4,4,13200000,22.3650739,91.8276288,muradpur,Low,0,2.0226883103213584,7333.333333333333,0.8,2640000.0,Large,0
"Ahmed Nagar, Mirpur",1050,2,2,5500000,23.793741,90.35503039999999,mirpur,Medium,1,0.05980765339954874,5238.0952380952385,0.6666666666666666,1833333.3333333333,Medium,1
"South Agrabad, Double Mooring",1250,3,3,7500000,22.3208039,91.80502179999999,double mooring,Low,0,2.039047717781622,6000.0,0.75,1875000.0,Medium,1
"Block A, Bashundhara R-A",2200,3,3,25500000,23.8136688,90.42957170000001,bashundhara r-a,Medium,1,0.017400912456838256,11590.90909090909,0.75,6375000.0,Large,0
"PC Culture Housing, Mohammadpur",700,2,2,4700000,23.7680904,90.3518903,mohammadpur,Medium,1,0.07385923142201206,6714.285714285715,0.6666666666666666,1566666.6666666667,Small,1
"Block F, Bashundhara R-A",1600,4,4,14500000,23.820682,90.43490919999999,bashundhara r-a,Medium,1,0.024697331204806904,9062.5,0.8,2900000.0,Large,0
"Rasdia Mouza, Uttara",930,2,2,6200000,23.8899605,90.3883735,uttara,High,2,0.0832339069280038,6666.666666666667,0.6666666666666666,2066666.6666666667,Medium,1
"West Monipur, Mirpur",1250,3,3,8000000,23.7957442,90.3635789,mirpur,Medium,1,0.0510406243971419,6400.0,0.75,2000000.0,Medium,1
"Mansurabad Housing Society, Adabor",1400,3,3,9500000,23.7754356,90.3523821,adabor,Low,0,0.06949595878732331,6785.714285714285,0.75,2375000.0,Medium,1
"Block C, Bashundhara R-A",2025,3,3,23000000,23.8184723,90.4272477,bashundhara r-a,Medium,1,0.01686063885444435,11358.024691358025,0.75,5750000.0,Large,0
"Ahmed Nagar, Mirpur",1204,3,3,7500000,23.793741,90.35503039999999,mirpur,Medium,1,0.05980765339954874,6229.235880398671,0.75,1875000.0,Medium,1
"Uttar Badda, Badda",1680,4,4,11000000,23.7820433,90.4231228,badda,Low,0,0.030187496993459986,6547.619047619048,0.8,2200000.0,Large,1
"Block C, Bashundhara R-A",250,1,1,3400000,23.8184723,90.4272477,bashundhara r-a,Medium,1,0.01686063885444435,13600.0,0.5,1700000.0,Small,1
"Uttar Badda, Badda",2600,5,5,13500000,23.7820433,90.4231228,badda,Low,0,0.030187496993459986,5192.307692307692,0.8333333333333334,2250000.0,Large,0
"Nasirabad, Bayazid",1800,4,4,12500000,26.3017564,74.7340627,bayazid,Low,0,15.875161453135908,6944.444444444444,0.8,2500000.0,Large,1
"West Monipur, Mirpur",1150,3,3,8200000,23.7957442,90.3635789,mirpur,Medium,1,0.0510406243971419,7130.434782608696,0.75,2050000.0,Medium,1
"Bawnia, Turag",1502,3,3,9000000,23.8475778,90.38778479999999,turag,Low,0,0.044726675305459596,5992.010652463382,0.75,2250000.0,Large,1
"Nasirabad, Bayazid",2000,5,5,13000000,26.3017564,74.7340627,bayazid,Low,0,15.875161453135908,6500.0,0.8333333333333334,2166666.6666666665,Large,0
"Block K, Bashundhara R-A",1650,3,3,13500000,23.8228845,90.44493039999999,bashundhara r-a,Medium,1,0.03478649859370281,8181.818181818182,0.75,3375000.0,Large,0
"Chand Mia Road, 4 No Chandgaon Ward",1250,3,3,7000000,22.3878302,91.8447961,4 no chandgaon ward,Low,0,2.018636284719776,5600.0,0.75,1750000.0,Medium,1
"Yakub Future Park Housing, Khulshi",1650,3,3,9675000,22.3664907,91.80592159999999,khulshi,Low,0,2.006541564511696,5863.636363636364,0.75,2418750.0,Large,1
"Bochila, Mohammadpur",1080,3,3,5560000,23.7465311,90.34777330000001,mohammadpur,Medium,1,0.09086263423485917,5148.148148148148,0.75,1390000.0,Medium,1
"Bawnia, Turag",1502,3,3,9000000,23.8475778,90.38778479999999,turag,Low,0,0.044726675305459596,5992.010652463382,0.75,2250000.0,Large,1
"Ahmed Nagar, Mirpur",1400,3,3,8400000,23.793741,90.35503039999999,mirpur,Medium,1,0.05980765339954874,6000.0,0.75,2100000.0,Medium,1
"Block B, Banasree",1282,3,3,8300000,23.7619353,90.43314099999999,banasree,Low,0,0.05258512229794613,6474.258970358815,0.75,2075000.0,Medium,1
"Sector 12, Uttara",1020,2,2,5500000,23.8713904,90.380721,uttara,High,2,0.06886175871381538,5392.156862745098,0.6666666666666666,1833333.3333333333,Medium,1
"Uttar Badda, Badda",1263,3,3,7800000,23.7820433,90.4231228,badda,Low,0,0.030187496993459986,6175.771971496437,0.75,1950000.0,Medium,1
"Section 1, Mirpur",1100,3,3,6500000,23.8015639,90.3489496,mirpur,Medium,1,0.06414805362105391,5909.090909090909,0.75,1625000.0,Medium,1
"Munshi Pukur Par, 16 No. Chawk Bazaar Ward",1572,4,4,8460000,22.362033,91.8396819,16 no. chawk bazaar ward,Low,0,2.033304079319332,5381.679389312977,0.8,1692000.0,Large,1
"East Shewrapara, Mirpur",1150,2,2,7000000,23.7933187,90.376601,mirpur,Medium,1,0.03971275299812494,6086.95652173913,0.6666666666666666,2333333.3333333335,Medium,1
"West Monipur, Mirpur",1250,3,3,8000000,23.7957442,90.3635789,mirpur,Medium,1,0.0510406243971419,6400.0,0.75,2000000.0,Medium,1
"Block H, Banasree",1450,3,3,11500000,23.7619353,90.43314099999999,banasree,Low,0,0.05258512229794613,7931.0344827586205,0.75,2875000.0,Medium,1
"Pallabi, Mirpur",1320,3,3,9300000,23.8223486,90.36542039999999,mirpur,Medium,1,0.048596887741092366,7045.454545454545,0.75,2325000.0,Medium,1
"Pallabi, Mirpur",1450,3,3,14500000,23.8223486,90.36542039999999,mirpur,Medium,1,0.048596887741092366,10000.0,0.75,3625000.0,Medium,0
"Ranavola, Turag",1281,3,3,7800000,23.8832758,90.38543,turag,Low,0,0.07783477555462896,6088.992974238876,0.75,1950000.0,Medium,1
"Rasdia Mouza, Uttara",1587,3,3,15900000,23.8899605,90.3883735,uttara,High,2,0.0832339069280038,10018.90359168242,0.75,3975000.0,Large,0
"Rasdia Mouza, Uttara",1320,2,2,6100000,23.8899605,90.3883735,uttara,High,2,0.0832339069280038,4621.212121212121,0.6666666666666666,2033333.3333333333,Medium,1
"Section 11, Mirpur",950,2,2,4300000,23.8178783,90.3689508,mirpur,Medium,1,0.04420365880252531,4526.315789473684,0.6666666666666666,1433333.3333333333,Medium,1
"Pirerbag, Mirpur",1392,3,3,9048000,23.7911115,90.3665972,mirpur,Medium,1,0.049752040964059545,6500.0,0.75,2262000.0,Medium,1
"South Keraniganj, Keraniganj",1650,3,3,8250000,23.69435,90.3960275,keraniganj,Low,0,0.11711424232880514,5000.0,0.75,2062500.0,Large,1
"South Keraniganj, Keraniganj",1130,2,2,5800000,23.69435,90.3960275,keraniganj,Low,0,0.11711424232880514,5132.743362831859,0.6666666666666666,1933333.3333333333,Medium,1
"Section 1, Mirpur",1675,3,3,9712500,23.8015639,90.3489496,mirpur,Medium,1,0.06414805362105391,5798.507462686567,0.75,2428125.0,Large,1
"Section 11, Mirpur",800,2,2,4200000,23.8178783,90.3689508,mirpur,Medium,1,0.04420365880252531,5250.0,0.6666666666666666,1400000.0,Medium,1
"Ahmed Nagar, Mirpur",1300,3,3,7500000,23.793741,90.35503039999999,mirpur,Medium,1,0.05980765339954874,5769.2307692307695,0.75,1875000.0,Medium,1
"Al-Madani Road, Sholokbahar",1544,3,3,9264000,22.3641045,91.8415125,sholokbahar,Low,0,2.0331153802419824,6000.0,0.75,2316000.0,Large,1
"Shekhertek, Mohammadpur",1700,4,4,9850000,23.7690369,90.35645149999999,mohammadpur,Medium,1,0.06959940929246794,5794.117647058823,0.8,1970000.0,Large,1
"Nasirabad, Bayazid",2000,5,5,13000000,26.3017564,74.7340627,bayazid,Low,0,15.875161453135908,6500.0,0.8333333333333334,2166666.6666666665,Large,0
"Al-Madani Road, Sholokbahar",1646,3,3,10039120,22.3641045,91.8415125,sholokbahar,Low,0,2.0331153802419824,6099.10085054678,0.75,2509780.0,Large,1
"Rasdia Mouza, Uttara",1150,3,3,9500000,23.8899605,90.3883735,uttara,High,2,0.0832339069280038,8260.869565217392,0.75,2375000.0,Medium,1
"Sector 10, Uttara",1228,3,3,8700000,23.884012,90.3883735,uttara,High,2,0.07755995710577243,7084.690553745928,0.75,2175000.0,Medium,1
"Pirerbag, Mirpur",1550,3,3,10000000,23.7911115,90.3665972,mirpur,Medium,1,0.049752040964059545,6451.612903225807,0.75,2500000.0,Large,1
"Al-Madani Road, Sholokbahar",1644,3,3,9864000,22.3641045,91.8415125,sholokbahar,Low,0,2.0331153802419824,6000.0,0.75,2466000.0,Large,1
"Sector 13, Uttara",2095,4,4,29500000,23.8713728,90.38778479999999,uttara,High,2,0.06588420152722427,14081.145584725537,0.8,5900000.0,Large,0
"Pirerbag, Mirpur",1100,2,2,6500000,23.7911115,90.3665972,mirpur,Medium,1,0.049752040964059545,5909.090909090909,0.6666666666666666,2166666.6666666665,Medium,1
"Rupnagar R/A, Mirpur",1250,3,3,7500000,23.8085164,90.3558058,mirpur,Medium,1,0.05672224909680062,6000.0,0.75,1875000.0,Medium,1
"Block D, Banasree",1006,2,2,5000000,23.7619353,90.43314099999999,banasree,Low,0,0.05258512229794613,4970.178926441352,0.6666666666666666,1666666.6666666667,Medium,1
"Section 12, Mirpur",920,2,2,4500000,23.8253064,90.37248149999999,mirpur,Medium,1,0.042739588009363054,4891.304347826087,0.6666666666666666,1500000.0,Medium,1
"South Keraniganj, Keraniganj",1650,3,3,8250000,23.69435,90.3960275,keraniganj,Low,0,0.11711424232880514,5000.0,0.75,2062500.0,Large,1
"Sector 4, Uttara",1650,3,3,13500000,23.8624077,90.4042719,uttara,High,2,0.0527533319222552,8181.818181818182,0.75,3375000.0,Large,0
"Block C, Bashundhara R-A",1250,3,3,11500000,23.8184723,90.4272477,bashundhara r-a,Medium,1,0.01686063885444435,9200.0,0.75,2875000.0,Medium,1
"South Banasree Project, Banasree",950,2,2,5200000,23.7634571,90.4272592,banasree,Low,0,0.04911304577248438,5473.684210526316,0.6666666666666666,1733333.3333333333,Medium,1
"Nasirabad, Bayazid",1800,4,4,12500000,26.3017564,74.7340627,bayazid,Low,0,15.875161453135908,6944.444444444444,0.8,2500000.0,Large,1
"Patharghata, Kotwali",1354,3,3,6400000,22.3337879,91.8428065,kotwali,Low,0,2.0556908000447596,4726.735598227474,0.75,1600000.0,Medium,1
"Rasdia Mouza, Uttara",2300,4,4,22000000,23.8899605,90.3883735,uttara,High,2,0.0832339069280038,9565.217391304348,0.8,4400000.0,Large,0
"Section 1, Mirpur",1200,3,3,8700000,23.8015639,90.3489496,mirpur,Medium,1,0.06414805362105391,7250.0,0.75,2175000.0,Medium,1
"Rasdia Mouza, Uttara",1450,3,3,11000000,23.8899605,90.3883735,uttara,High,2,0.0832339069280038,7586.206896551724,0.75,2750000.0,Medium,1
"Paikpara, Mirpur",1530,3,3,11500000,23.7881532,90.35953719999999,mirpur,Medium,1,0.05740678473909157,7516.339869281046,0.75,2875000.0,Large,1
"Section 6, Mirpur",1550,3,3,9500000,23.8119402,90.3642437,mirpur,Medium,1,0.04828416661524933,6129.032258064516,0.75,2375000.0,Large,1
"Rasdia Mouza, Uttara",1450,3,3,11500000,23.8899605,90.3883735,uttara,High,2,0.0832339069280038,7931.0344827586205,0.75,2875000.0,Medium,1
"Uttar Badda, Badda",1365,3,3,8540000,23.7820433,90.4231228,badda,Low,0,0.030187496993459986,6256.410256410257,0.75,2135000.0,Medium,1
"West Rampura, Rampura",900,2,2,4100000,23.7642132,90.4160527,rampura,Low,0,0.0462235309288474,4555.555555555556,0.6666666666666666,1366666.6666666667,Medium,1
"Section 1, Mirpur",1200,3,3,8700000,23.8015639,90.3489496,mirpur,Medium,1,0.06414805362105391,7250.0,0.75,2175000.0,Medium,1
"Rasdia Mouza, Uttara",1250,3,3,7600000,23.8899605,90.3883735,uttara,High,2,0.0832339069280038,6080.0,0.75,1900000.0,Medium,1
"Middle Badda, Badda",1388,3,3,9600000,23.7798106,90.42371209999999,badda,Low,0,0.0324856075635027,6916.4265129683,0.75,2400000.0,Medium,1
"Moushair, Dakshin Khan",950,2,2,4000000,23.8519373,90.4266584,dakshin khan,Low,0,0.04397868849624563,4210.526315789473,0.6666666666666666,1333333.3333333333,Medium,1
"Section 1, Mirpur",800,2,2,4360000,23.8015639,90.3489496,mirpur,Medium,1,0.06414805362105391,5450.0,0.6666666666666666,1453333.3333333333,Medium,1
"West Shewrapara, Mirpur",1450,3,3,8675000,23.7881199,90.3736584,mirpur,Medium,1,0.044728366017213576,5982.758620689655,0.75,2168750.0,Medium,1
"Rupnagar R/A, Mirpur",625,2,2,3400000,23.8085164,90.3558058,mirpur,Medium,1,0.05672224909680062,5440.0,0.6666666666666666,1133333.3333333333,Small,1
"Uttar Badda, Badda",1325,3,3,8000000,23.7820433,90.4231228,badda,Low,0,0.030187496993459986,6037.735849056604,0.75,2000000.0,Medium,1
"Dakhshin Para, Mohakhali",850,2,2,5500000,23.7777571,90.40574079999999,mohakhali,Low,0,0.033237435596782244,6470.588235294118,0.6666666666666666,1833333.3333333333,Medium,1
"Section 1, Mirpur",1200,2,2,7500000,23.8015639,90.3489496,mirpur,Medium,1,0.06414805362105391,6250.0,0.6666666666666666,2500000.0,Medium,1
"Ibrahimpur Primary School Road, Ibrahimpur",1166,2,2,5800000,23.796152,90.3844907,ibrahimpur,Low,0,0.03137971941381425,4974.271012006861,0.6666666666666666,1933333.3333333333,Medium,1
"North Ibrahimpur, Ibrahimpur",1050,2,2,4800000,26.1480418,82.9488114,ibrahimpur,Low,0,7.821232910560659,4571.428571428572,0.6666666666666666,1600000.0,Medium,1
"West Khulshi, 9 No. North Pahartali Ward",1410,3,3,7755000,22.3662719,91.80197609999999,9 no. north pahartali ward,Low,0,2.0039613234942464,5500.0,0.75,1938750.0,Medium,1
"Rasdia Mouza, Uttara",4350,5,5,57000000,23.8899605,90.3883735,uttara,High,2,0.0832339069280038,13103.448275862069,0.8333333333333334,9500000.0,Large,3
"Block L, Bashundhara R-A",2475,4,4,23500000,23.8206417,90.4490575,bashundhara r-a,Medium,1,0.037992125041118804,9494.949494949495,0.8,4700000.0,Large,0
"Uttar Badda, Badda",1088,2,2,6700000,23.7820433,90.4231228,badda,Low,0,0.030187496993459986,6158.088235294118,0.6666666666666666,2233333.3333333335,Medium,1
"Uttar Badda, Badda",1128,3,3,7118000,23.7820433,90.4231228,badda,Low,0,0.030187496993459986,6310.2836879432625,0.75,1779500.0,Medium,1
"Pirerbag, Mirpur",1550,3,3,10075000,23.7911115,90.3665972,mirpur,Medium,1,0.049752040964059545,6500.0,0.75,2518750.0,Large,1
"Middle Monipur, Mirpur",1750,3,3,8500000,23.7970198,90.3667921,mirpur,Medium,1,0.047598065448605065,4857.142857142857,0.75,2125000.0,Large,1
"Dia Bari Road, Turag",1272,3,3,9000000,23.8766395,90.3583614,turag,Low,0,0.08562661543123365,7075.471698113208,0.75,2250000.0,Medium,1
"Sector 15, Uttara",1600,3,3,16000000,23.8610002,90.37248149999999,uttara,High,2,0.0645909484547948,10000.0,0.75,4000000.0,Large,0
"Section 1, Mirpur",1200,3,3,8700000,23.8015639,90.3489496,mirpur,Medium,1,0.06414805362105391,7250.0,0.75,2175000.0,Medium,1
"Block G, Bashundhara R-A",1550,3,3,12500000,23.8244052,90.43314099999999,bashundhara r-a,Medium,1,0.02500015096034202,8064.5161290322585,0.75,3125000.0,Large,1
"Block G, Bashundhara R-A",1550,3,3,12500000,23.8244052,90.43314099999999,bashundhara r-a,Medium,1,0.02500015096034202,8064.5161290322585,0.75,3125000.0,Large,1
"Sector 13, Uttara",1600,2,2,11500000,23.8713728,90.38778479999999,uttara,High,2,0.06588420152722427,7187.5,0.6666666666666666,3833333.3333333335,Large,1
"Section 6, Mirpur",1420,3,3,10800000,23.8119402,90.3642437,mirpur,Medium,1,0.04828416661524933,7605.633802816901,0.75,2700000.0,Medium,1
"Middle Badda, Badda",1505,3,3,11500000,23.7798106,90.42371209999999,badda,Low,0,0.0324856075635027,7641.196013289036,0.75,2875000.0,Large,1
"Free School Street, Kathalbagan",1390,3,3,22500000,23.745521,90.3896983,kathalbagan,Low,0,0.06867485976607193,16187.05035971223,0.75,5625000.0,Medium,0
"Sector 11, Uttara",1605,4,4,17000000,23.8773155,90.39013969999999,uttara,High,2,0.07064743630408771,10591.90031152648,0.8,3400000.0,Large,0
"Section 11, Mirpur",1150,3,3,7000000,23.8178783,90.3689508,mirpur,Medium,1,0.04420365880252531,6086.95652173913,0.75,1750000.0,Medium,1
"Block B, Bashundhara R-A",1439,3,3,13000000,23.8140104,90.4272477,bashundhara r-a,Medium,1,0.01520729178552254,9034.051424600417,0.75,3250000.0,Medium,0
"Namapara, Khilkhet",1257,3,3,8170500,23.8301783,90.4303308,khilkhet,Medium,1,0.026703637196642194,6500.0,0.75,2042625.0,Medium,1
"South Khulshi, Khulshi",1370,3,3,8000000,22.3587138,91.8108977,khulshi,Low,0,2.015593863702642,5839.41605839416,0.75,2000000.0,Medium,1
"Block K, Bashundhara R-A",1537,3,3,14500000,23.8228845,90.44493039999999,bashundhara r-a,Medium,1,0.03478649859370281,9433.962264150943,0.75,3625000.0,Large,0
"West Dhanmondi and Shangkar, Dhanmondi",1383,3,3,10800000,23.7494629,90.3665972,dhanmondi,High,2,0.07621167747956638,7809.110629067245,0.75,2700000.0,Medium,1
"Middle Badda, Badda",1370,3,3,9200000,23.7798106,90.42371209999999,badda,Low,0,0.0324856075635027,6715.328467153285,0.75,2300000.0,Medium,1
"Sector 10, Uttara",1070,2,2,9630000,23.884012,90.3883735,uttara,High,2,0.07755995710577243,9000.0,0.6666666666666666,3210000.0,Medium,1
"Sector 13, Uttara",1800,3,3,18000000,23.8713728,90.38778479999999,uttara,High,2,0.06588420152722427,10000.0,0.75,4500000.0,Large,0
"Dakkhin Paikpara, Mirpur",1175,3,3,8200000,23.7881532,90.35953719999999,mirpur,Medium,1,0.05740678473909157,6978.723404255319,0.75,2050000.0,Medium,1
"Ahmed Nagar, Mirpur",930,3,3,5800000,23.793741,90.35503039999999,mirpur,Medium,1,0.05980765339954874,6236.559139784947,0.75,1450000.0,Medium,1
"Block E, Aftab Nagar",1300,3,3,10000000,23.7641281,90.44669909999999,aftab nagar,Low,0,0.057458008931912594,7692.307692307692,0.75,2500000.0,Medium,1
"East Rampura, Rampura",1650,3,3,11700000,23.7582378,90.42547979999999,rampura,Low,0,0.0536558279861572,7090.909090909091,0.75,2925000.0,Large,1
"Pirerbag, Mirpur",740,2,2,3500000,23.7911115,90.3665972,mirpur,Medium,1,0.049752040964059545,4729.72972972973,0.6666666666666666,1166666.6666666667,Small,1
"East Rampura, Rampura",1536,4,4,12500000,23.7582378,90.42547979999999,rampura,Low,0,0.0536558279861572,8138.020833333333,0.8,2500000.0,Large,1
"Rasdia Mouza, Uttara",350,1,1,5500000,23.8899605,90.3883735,uttara,High,2,0.0832339069280038,15714.285714285714,0.5,2750000.0,Small,1
"Sector 15, Uttara",1600,3,3,16000000,23.8610002,90.37248149999999,uttara,High,2,0.0645909484547948,10000.0,0.75,4000000.0,Large,0
"Section 6, Mirpur",730,2,2,5000000,23.8119402,90.3642437,mirpur,Medium,1,0.04828416661524933,6849.315068493151,0.6666666666666666,1666666.6666666667,Small,1
"Road No 7, Dhanmondi",2785,4,4,44000000,23.744533,90.3811805,dhanmondi,High,2,0.07284373253238623,15798.922800718134,0.8,8800000.0,Large,3
"Mansurabad Housing Society, Adabor",1400,3,3,9500000,23.7754356,90.3523821,adabor,Low,0,0.06949595878732331,6785.714285714285,0.75,2375000.0,Medium,1
"Tilpapara, Khilgaon",1296,3,3,10000000,23.7470735,90.4284263,khilgaon,Low,0,0.0652015132795278,7716.049382716049,0.75,2500000.0,Medium,1
