Location,Area_sqft,Bedroom,Bathroom,Price,Latitude,Longitude,Area,Price_Zone
"PC Culture Housing, Mohammadpur",1300,3,3,20000,23.7680904,90.3518903,Mohammadpur,Medium
"Mohammadia Housing Society, Mohammadpur",1315,3,3,28000,23.76362,90.3554194,Mohammadpur,Medium
"Block I, Bashundhara R-A",2400,4,4,50000,23.8206687,90.4396248,Bashundhara R-A,High
"Sector 12, Uttara",950,2,2,40000,23.8713904,90.380721,Uttara,Medium
"Block C, Bashundhara R-A",2000,3,3,100000,23.8184723,90.4272477,Bashundhara R-A,High
"Gulshan 2, Gulshan",4233,5,5,200000,23.7947536,90.4143085,Gulshan,High
"Block C, Bashundhara R-A",2300,6,6,65000,23.8184723,90.4272477,Bashundhara R-A,High
"PC Culture Housing, Mohammadpur",1300,3,3,20000,23.7680904,90.3518903,Mohammadpur,Medium
"Block C, Khilgaon",1300,3,3,24000,23.7610623,90.4302394,Khilgaon,Low
"South Khulshi, Khulshi",1968,3,3,35000,22.3587138,91.8108977,Khulshi,Low
"Block C, Bashundhara R-A",2400,4,4,75000,23.8184723,90.4272477,Bashundhara R-A,High
"Block B, Bashundhara R-A",1650,3,3,38000,23.8140104,90.4272477,Bashundhara R-A,High
"Block C, Bashundhara R-A",1650,3,3,40000,23.8184723,90.4272477,Bashundhara R-A,High
"Sector 11, Uttara",1090,2,2,23000,23.8773155,90.3901397,Uttara,Medium
"Block C, Bashundhara R-A",1900,3,3,60000,23.8184723,90.4272477,Bashundhara R-A,High
"Block A, Bashundhara R-A",1650,4,4,35000,23.8136688,90.4295717,Bashundhara R-A,High
"Sector 12, Uttara",1700,2,2,65000,23.8713904,90.380721,Uttara,Medium
"Iqbal Road, Mohammadpur",2150,4,4,60000,23.7622253,90.3683605,Mohammadpur,Medium
"Block C, Bashundhara R-A",4200,5,5,180000,23.8184723,90.4272477,Bashundhara R-A,High
"Govt Girls High School Road, East Nasirabad",1800,3,3,27000,22.3692903,91.8206016,East Nasirabad,Medium
"Block C, Bashundhara R-A",1450,3,3,30000,23.8184723,90.4272477,Bashundhara R-A,High
"Nobodoy Housing Society, Mohammadpur",1250,3,3,22500,23.7640006,90.3515962,Mohammadpur,Medium
"Block I, Bashundhara R-A",1880,4,4,35000,23.8206687,90.4396248,Bashundhara R-A,High
"Sector 12, Uttara",2170,4,4,50000,23.8713904,90.380721,Uttara,Medium
"Sector 11, Uttara",1500,4,4,60000,23.8773155,90.3901397,Uttara,Medium
"Block C, Bashundhara R-A",1900,4,4,40000,23.8184723,90.4272477,Bashundhara R-A,High
"Gulshan 2, Gulshan",3700,5,5,200000,23.7947536,90.4143085,Gulshan,High
"Block K, Baridhara",3600,4,4,300000,23.8028731,90.420766,Baridhara,High
"PC Culture Housing, Mohammadpur",1200,3,3,20000,23.7680904,90.3518903,Mohammadpur,Medium
"Block L, Bashundhara R-A",1150,3,3,25000,23.8206417,90.4490575,Bashundhara R-A,High
"Gulshan 2, Gulshan",3500,5,5,300000,23.7947536,90.4143085,Gulshan,High
"Panchlaish Residential Area, 16 No. Chawk Bazaar Ward",2090,3,3,42000,22.3517735,91.8330525,16 No. Chawk Bazaar Ward,Medium
"24 No. North Agrabad Ward, Double Mooring",1250,3,3,20000,22.3327212,91.8050218,Double Mooring,Medium
"South Khulshi, Khulshi",1650,3,3,35000,22.3587138,91.8108977,Khulshi,Low
"Shahjadpur, Badda",1400,3,3,28000,23.7917066,90.4248906,Badda,Low
"Middle Badda, Badda",1000,2,2,21000,23.7798106,90.4237121,Badda,Low
"West Kafrul, Taltola",1550,4,4,30000,23.7829154,90.3730699,Taltola,Medium
"24 No. North Agrabad Ward, Double Mooring",1250,3,3,20000,22.3327212,91.8050218,Double Mooring,Medium
"Block E, Banasree",1700,4,4,35000,23.7619353,90.433141,Banasree,Medium
"Mohammadi Housing LTD., Mohammadpur",1400,2,2,22000,23.7627707,90.35188,Mohammadpur,Medium
"Sector 10, Uttara",1500,3,3,22000,23.884012,90.3883735,Uttara,Medium
"24 No. North Agrabad Ward, Double Mooring",1250,3,3,20000,22.3327212,91.8050218,Double Mooring,Medium
"Block C, Bashundhara R-A",1100,2,2,20000,23.8184723,90.4272477,Bashundhara R-A,High
"Block C, Aftab Nagar",1200,3,3,25000,23.7610623,90.4302394,Aftab Nagar,Medium
"24 No. North Agrabad Ward, Double Mooring",1200,3,3,20000,22.3327212,91.8050218,Double Mooring,Medium
"Govt Girls High School Road, East Nasirabad",2000,3,3,35000,22.3692903,91.8206016,East Nasirabad,Medium
"Block K, Baridhara",2600,3,3,150000,23.8028731,90.420766,Baridhara,High
"Block K, Baridhara",4000,4,4,420000,23.8028731,90.420766,Baridhara,High
"Block C, Aftab Nagar",1200,3,3,25000,23.7610623,90.4302394,Aftab Nagar,Medium
"Block K, Baridhara",3000,4,4,140000,23.8028731,90.420766,Baridhara,High
"East Rampura, Rampura",1200,3,3,25000,23.7582378,90.4254798,Rampura,Low
"Bizlymoholla Road, Mohammadpur",1390,2,2,25000,23.7701957,90.3608695,Mohammadpur,Medium
"Block C, Bashundhara R-A",1300,2,2,40000,23.8184723,90.4272477,Bashundhara R-A,High
"Tayab Bag R/A, 7 No. West Sholoshohor Ward",1350,3,3,23000,22.374104,91.8342716,7 No. West Sholoshohor Ward,Medium
"South Khulshi, Khulshi",1650,3,3,35000,22.3587138,91.8108977,Khulshi,Low
"Sector 14, Uttara",1600,3,3,35000,23.8676564,90.3871961,Uttara,Medium
"Gulshan 2, Gulshan",2750,4,4,200000,23.7947536,90.4143085,Gulshan,High
"Nasirabad Properties Residential Area, Khulshi",2000,3,3,55000,22.3586885,91.8141603,Khulshi,Low
"Gulshan 1, Gulshan",2750,3,3,110000,23.7820624,90.4160527,Gulshan,High
"Sector 6, Uttara",1800,3,3,50000,23.8713307,90.4042719,Uttara,Medium
"Block F, Aftab Nagar",1400,3,3,30000,23.7641281,90.4466991,Aftab Nagar,Medium
"Tayab Bag R/A, 7 No. West Sholoshohor Ward",1300,3,3,27000,22.374104,91.8342716,7 No. West Sholoshohor Ward,Medium
"Block E, Bashundhara R-A",1480,3,3,37000,23.8110194,90.433141,Bashundhara R-A,High
"Block G, Bashundhara R-A",1650,3,3,30000,23.8244052,90.433141,Bashundhara R-A,High
"Sector 10, Uttara",1750,3,3,60000,23.884012,90.3883735,Uttara,Medium
"Baitul Aman Housing Society, Adabor",1600,4,4,23000,23.7734642,90.3580005,Adabor,Medium
"Tejkunipara, Tejgaon",1690,3,3,53000,23.7612995,90.3924947,Tejgaon,Medium
"Block K, Baridhara",3800,5,5,260000,23.8028731,90.420766,Baridhara,High
"Gulshan 2, Gulshan",2750,4,4,200000,23.7947536,90.4143085,Gulshan,High
"Block B, Aftab Nagar",1250,3,3,25000,23.7641281,90.4466991,Aftab Nagar,Medium
"Block F, Aftab Nagar",1400,3,3,30000,23.7641281,90.4466991,Aftab Nagar,Medium
"Sector 6, Uttara",2000,4,4,43000,23.8713307,90.4042719,Uttara,Medium
"Gulshan 2, Gulshan",5000,5,5,380000,23.7947536,90.4143085,Gulshan,High
"Block H, Bashundhara R-A",1560,3,3,23000,23.8258759,90.4390353,Bashundhara R-A,High
"Gulshan 2, Gulshan",2800,3,3,250000,23.7947536,90.4143085,Gulshan,High
"Block D, Bashundhara R-A",2800,4,4,50000,23.8154814,90.433141,Bashundhara R-A,High
"Katalganj Residential Area, 16 No. Chawk Bazaar Ward",1300,3,3,28000,22.3617769,91.8376244,16 No. Chawk Bazaar Ward,Medium
"Block K, Baridhara",2882,3,3,200000,23.8028731,90.420766,Baridhara,High
"Block E, Aftab Nagar",1450,3,3,25000,23.7641281,90.4466991,Aftab Nagar,Medium
"Block E, Bashundhara R-A",1510,3,3,37000,23.8110194,90.433141,Bashundhara R-A,High
"Gulshan 2, Gulshan",1600,3,3,90000,23.7947536,90.4143085,Gulshan,High
"Nasirabad Properties Residential Area, Khulshi",2000,3,3,55000,22.3586885,91.8141603,Khulshi,Low
"Road No 4, Jalalabad Housing Society",1200,3,3,20000,22.3707543,91.8007579,Jalalabad Housing Society,Medium
"Block A, Bashundhara R-A",2000,4,4,40000,23.8136688,90.4295717,Bashundhara R-A,High
"Nikunja 2, Nikunja",750,2,2,21000,23.8318836,90.4178201,Nikunja,Medium
"Block G, Banasree",1100,2,2,22000,23.7619353,90.433141,Banasree,Medium
"Block C, Bashundhara R-A",1200,3,3,30000,23.8184723,90.4272477,Bashundhara R-A,High
"Polytechnic, Bayazid",1800,3,3,25000,22.3891916,91.8172069,Bayazid,Medium
"Road 3, Block B,Bashundhara R/A
                                Block B, Bashundhara R-A",2200,4,4,40000,23.8129494,90.4277829,Bashundhara R-A,High
"Block G, Banasree",1650,3,3,35000,23.7619353,90.433141,Banasree,Medium
"Block L, Bashundhara R-A",1150,3,3,25000,23.8206417,90.4490575,Bashundhara R-A,High
"Block A, Bashundhara R-A",2000,4,4,40000,23.8136688,90.4295717,Bashundhara R-A,High
"Middle Badda, Badda",1300,3,3,25000,23.7798106,90.4237121,Badda,Low
"Gulshan 2, Gulshan",3900,5,5,320000,23.7947536,90.4143085,Gulshan,High
"Block G, Bashundhara R-A",1600,3,3,25000,23.8244052,90.433141,Bashundhara R-A,High
"Panchlaish Residential Area, 16 No. Chawk Bazaar Ward",2000,3,3,40000,22.3517735,91.8330525,16 No. Chawk Bazaar Ward,Medium
"Sector 10, Uttara",1750,3,3,60000,23.884012,90.3883735,Uttara,Medium
"Gulshan 2, Gulshan",3900,5,5,320000,23.7947536,90.4143085,Gulshan,High
"Vatara, Badda",1200,2,2,21000,23.8002468,90.4293102,Badda,Low
"North Khulshi, Khulshi",2550,4,4,160000,22.3589004,91.8125895,Khulshi,Low
"Uttar Badda, Badda",1100,3,3,25000,23.7820433,90.4231228,Badda,Low
"South Khulshi, Khulshi",1500,3,3,26000,22.3587138,91.8108977,Khulshi,Low
"Block A, Bashundhara R-A",2000,4,4,40000,23.8136688,90.4295717,Bashundhara R-A,High
"Chawk Bazar, 16 No. Chawk Bazaar Ward",1600,4,4,27000,22.3517735,91.8330525,16 No. Chawk Bazaar Ward,Medium
"Al-Falah Housing Society, East Nasirabad",1600,3,3,25000,22.3666884,91.8222493,East Nasirabad,Medium
"Sector 10, Uttara",1750,3,3,60000,23.884012,90.3883735,Uttara,Medium
"Vatara, Badda",1200,2,2,21000,23.8002468,90.4293102,Badda,Low
"Road No 4, Jalalabad Housing Society",1200,3,3,20000,22.3707543,91.8007579,Jalalabad Housing Society,Medium
"PC Culture Housing, Mohammadpur",1100,2,2,22000,23.7680904,90.3518903,Mohammadpur,Medium
16 No. Chawk Bazaar Ward,2040,4,4,36000,22.3572499,91.8374923,16 No. Chawk Bazaar Ward,Medium
"Block C, Aftab Nagar",2340,4,4,50000,23.7610623,90.4302394,Aftab Nagar,Medium
"26 No. North Halishahar Ward, Halishahar",1300,3,3,30000,22.3287809,91.7745556,Halishahar,Medium
"Gulshan 2, Gulshan",2100,3,3,70000,23.7947536,90.4143085,Gulshan,High
"Block H, Banasree",1100,3,3,20000,23.7619353,90.433141,Banasree,Medium
"Sugandha Residential Area, Panchlaish",1600,3,3,25000,22.3644422,91.8324429,Panchlaish,Medium
"Gulshan 1, Gulshan",3100,4,4,100000,23.7820624,90.4160527,Gulshan,High
"Sector 11, Uttara",900,2,2,22000,23.8773155,90.3901397,Uttara,Medium
"Sector 5, Uttara",1400,3,3,26000,23.8646732,90.3907284,Uttara,Medium
"Boro Maghbazar, Maghbazar",1350,3,3,25000,23.7485384,90.4109534,Maghbazar,Medium
"Block D, Bashundhara R-A",2270,4,4,45000,23.8154814,90.433141,Bashundhara R-A,High
"Sector 5, Uttara",1400,3,3,26000,23.8646732,90.3907284,Uttara,Medium
"Shantibag, Malibagh",1000,3,3,22000,23.7433359,90.4191184,Malibagh,Medium
"Tajmahal Road, Mohammadpur",900,2,2,21000,23.764683,90.3621536,Mohammadpur,Medium
"Block I, Bashundhara R-A",2500,5,5,45000,23.8206687,90.4396248,Bashundhara R-A,High
"Shahjadpur, Badda",1350,3,3,22000,23.7917066,90.4248906,Badda,Low
"Shahjadpur, Badda",1300,3,3,30000,23.7917066,90.4248906,Badda,Low
"Naya Paltan, Motijheel",1325,3,3,32000,23.7344694,90.4136962,Motijheel,Medium
"Purana Paltan, Motijheel",1050,2,2,28000,23.7322458,90.4107509,Motijheel,Medium
"Block D, Bashundhara R-A",2250,4,4,45000,23.8154814,90.433141,Bashundhara R-A,High
"North Khulshi, Khulshi",2200,4,4,45000,22.3589004,91.8125895,Khulshi,Low
"Panchlaish Residential Area, 16 No. Chawk Bazaar Ward",1970,4,4,40000,22.3517735,91.8330525,16 No. Chawk Bazaar Ward,Medium
"Block L, Bashundhara R-A",1150,3,3,25000,23.8206417,90.4490575,Bashundhara R-A,High
"Sector 11, Uttara",1800,4,4,40000,23.8773155,90.3901397,Uttara,Medium
"Vatara, Badda",1200,2,2,21000,23.8002468,90.4293102,Badda,Low
"Panchlaish Residential Area, 16 No. Chawk Bazaar Ward",1900,4,4,42000,22.3517735,91.8330525,16 No. Chawk Bazaar Ward,Medium
"Block C, Bashundhara R-A",1100,3,3,35000,23.8184723,90.4272477,Bashundhara R-A,High
"Block C, Bashundhara R-A",1200,3,3,20000,23.8184723,90.4272477,Bashundhara R-A,High
"Tajmahal Road, Mohammadpur",900,2,2,21000,23.764683,90.3621536,Mohammadpur,Medium
"Vatara, Badda",1200,2,2,21000,23.8002468,90.4293102,Badda,Low
"Block F, Banasree",1450,3,3,30000,23.7604313,90.4390353,Banasree,Medium
"Block C, Bashundhara R-A",1350,3,3,22000,23.8184723,90.4272477,Bashundhara R-A,High
"Uttar Badda, Badda",1050,2,2,25000,23.7820433,90.4231228,Badda,Low
"Chandgaon Residential Area, 4 No Chandgaon Ward",1600,3,3,28000,22.3784211,91.8476843,4 No Chandgaon Ward,Medium
"Block C, Aftab Nagar",1075,3,3,20000,23.7610623,90.4302394,Aftab Nagar,Medium
"Hill View R/A, Bayazid",1450,3,3,22000,22.84611578,91.34614096,Bayazid,Medium
"Block C, Bashundhara R-A",1100,3,3,22000,23.8184723,90.4272477,Bashundhara R-A,High
"South Khulshi, Khulshi",1800,3,3,36500,22.3587138,91.8108977,Khulshi,Low
"Dhaka Housing Main Road, Shyamoli",1300,3,3,22000,23.775297,90.3593393,Shyamoli,Medium
"Paikpara, Mirpur",1350,3,3,22000,23.7881532,90.3595372,Mirpur,Low
"Panchlaish Residential Area, 16 No. Chawk Bazaar Ward",1800,3,3,42000,22.3517735,91.8330525,16 No. Chawk Bazaar Ward,Medium
"Block C, Bashundhara R-A",1400,3,3,70000,23.8184723,90.4272477,Bashundhara R-A,High
"Block K, Baridhara",2300,3,3,120000,23.8028731,90.420766,Baridhara,High
"Sector 9, Uttara",850,2,2,24000,23.8772975,90.3972052,Uttara,Medium
"26 No. North Halishahar Ward, Halishahar",1600,3,3,28000,22.3287809,91.7745556,Halishahar,Medium
"Block J, Banasree",1500,4,4,30000,23.7619353,90.433141,Banasree,Medium
"Chandgaon Residential Area, 4 No Chandgaon Ward",1600,3,3,28000,22.3784211,91.8476843,4 No Chandgaon Ward,Medium
"Baitul Aman Housing Society, Adabor",1250,3,3,23000,23.7734642,90.3580005,Adabor,Medium
"Taltola, Khilgaon",1600,3,3,26000,23.7519151,90.4257745,Khilgaon,Low
"Sector 5, Uttara",1400,3,3,26000,23.8646732,90.3907284,Uttara,Medium
"Road No 4, Shyamoli",1300,3,3,27000,23.778398,90.3636103,Shyamoli,Medium
"Middle Badda, Badda",1340,3,3,30000,23.7798106,90.4237121,Badda,Low
"Middle Badda, Badda",1340,3,3,30000,23.7798106,90.4237121,Badda,Low
"Sector 14, Uttara",1800,4,4,36000,23.8676564,90.3871961,Uttara,Medium
"Middle Badda, Badda",1350,3,3,28000,23.7798106,90.4237121,Badda,Low
"Block C, Aftab Nagar",1200,3,3,22000,23.7610623,90.4302394,Aftab Nagar,Medium
"Kallyanpur, Mirpur",1250,3,3,23000,23.7822036,90.3595372,Mirpur,Low
"Middle Badda, Badda",1100,2,2,20000,23.7798106,90.4237121,Badda,Low
"Dhaka Housing Main Road, Shyamoli",1300,3,3,22000,23.775297,90.3593393,Shyamoli,Medium
"Block F, Banasree",1220,3,3,20000,23.7619353,90.433141,Banasree,Medium
"Block I, Bashundhara R-A",2400,4,4,42000,23.8206687,90.4396248,Bashundhara R-A,High
"Chandgaon Residential Area, 4 No Chandgaon Ward",1750,3,3,34000,22.3784211,91.8476843,4 No Chandgaon Ward,Medium
"Block F, Aftab Nagar",1350,3,3,22000,23.7641281,90.4466991,Aftab Nagar,Medium
"Nurer Chala, Badda",1200,3,3,22000,23.7968912,90.4325517,Badda,Low
"Block D, Banasree",1500,3,3,30000,23.7619353,90.433141,Banasree,Medium
"VIP Housing Society, South Khulsi",2100,3,3,27000,22.3535227,91.8120481,South Khulsi,Medium
"Pilkhana Road, 7 No. West Sholoshohor Ward",1250,3,3,20000,22.3705919,91.8318233,7 No. West Sholoshohor Ward,Medium
"Sugandha Residential Area, Panchlaish",1400,3,3,28000,22.3644422,91.8324429,Panchlaish,Medium
"Block B, Banasree",1100,3,3,25000,23.7619353,90.433141,Banasree,Medium
"Uttar Badda, Badda",1250,3,3,26000,23.7820433,90.4231228,Badda,Low
"Sector 12, Uttara",1500,3,3,25000,23.8713904,90.380721,Uttara,Medium
"Chandgaon Residential Area, 4 No Chandgaon Ward",1400,3,3,25000,22.3784211,91.8476843,4 No Chandgaon Ward,Medium
"Block F, Aftab Nagar",1350,3,3,22000,23.7641281,90.4466991,Aftab Nagar,Medium
"Block C, Bashundhara R-A",1300,3,3,26000,23.8184723,90.4272477,Bashundhara R-A,High
"Block D, Aftab Nagar",1600,3,3,25000,23.7641281,90.4466991,Aftab Nagar,Medium
"Nikunja 2, Nikunja",720,2,2,20000,23.8318836,90.4178201,Nikunja,Medium
"South Badda, Badda",1200,3,3,32000,23.7753515,90.4225336,Badda,Low
"Block C, Bashundhara R-A",1510,3,3,28000,23.8184723,90.4272477,Bashundhara R-A,High
"Block F, Banasree",1700,3,3,30000,23.7604313,90.4390353,Banasree,Medium
"West Rampura, Rampura",1250,3,3,30000,23.7642132,90.4160527,Rampura,Low
"Sector 12, Uttara",1500,4,4,30000,23.8713904,90.380721,Uttara,Medium
"Block C, Bashundhara R-A",1550,3,3,35000,23.8184723,90.4272477,Bashundhara R-A,High
"PC Culture Housing, Mohammadpur",1350,3,3,27000,23.7680904,90.3518903,Mohammadpur,Medium
"PC Culture Housing, Mohammadpur",1250,3,3,25000,23.7680904,90.3518903,Mohammadpur,Medium
Agargaon,1250,3,3,30000,23.7791954,90.3736584,Agargaon,Medium
"Sector 12, Uttara",1650,3,3,55000,23.8713904,90.380721,Uttara,Medium
"Uttar Badda, Badda",1000,3,3,21000,23.7820433,90.4231228,Badda,Low
"VIP Housing Society, South Khulsi",2100,3,3,27000,22.3535227,91.8120481,South Khulsi,Medium
"Gulshan 2, Gulshan",3400,4,4,140000,23.7947536,90.4143085,Gulshan,High
"VIP Housing Society, South Khulsi",2100,3,3,27000,22.3535227,91.8120481,South Khulsi,Medium
"VIP Housing Society, South Khulsi",2100,3,3,27000,22.3535227,91.8120481,South Khulsi,Medium
"Shantibag, Malibagh",1300,3,3,35000,23.7433359,90.4191184,Malibagh,Medium
"Block C, Bashundhara R-A",1150,3,3,23000,23.8184723,90.4272477,Bashundhara R-A,High
"Gulshan 1, Gulshan",2500,3,3,90000,23.7820624,90.4160527,Gulshan,High
"Block E, Banasree",1800,3,3,35000,23.7619353,90.433141,Banasree,Medium
"Sector 14, Uttara",1100,2,2,26000,23.8676564,90.3871961,Uttara,Medium
"Block J, Banasree",1400,3,3,28000,23.7619353,90.433141,Banasree,Medium
"Sector 4, Uttara",1700,3,3,80000,23.8624077,90.4042719,Uttara,Medium
"Nasirabad Properties Residential Area, Khulshi",1600,3,3,30000,22.3586885,91.8141603,Khulshi,Low
"West Rampura, Rampura",1000,2,2,23000,23.7642132,90.4160527,Rampura,Low
"West Rampura, Rampura",900,2,2,25000,23.7642132,90.4160527,Rampura,Low
"Polytechnic, Bayazid",1800,3,3,25000,22.3891916,91.8172069,Bayazid,Medium
"Block I, Bashundhara R-A",1700,4,4,42000,23.8206687,90.4396248,Bashundhara R-A,High
"Block B, Banasree",1050,2,2,20000,23.7619353,90.433141,Banasree,Medium
"Block C, Bashundhara R-A",1580,4,4,42000,23.8184723,90.4272477,Bashundhara R-A,High
"Block M, Banasree",1860,4,4,35000,23.7619353,90.433141,Banasree,Medium
"Sector 4, Uttara",2300,4,4,60000,23.8624077,90.4042719,Uttara,Medium
"Block F, Bashundhara R-A",1550,3,3,40000,23.820682,90.4349092,Bashundhara R-A,High
"Block C, Bashundhara R-A",1000,3,3,40000,23.8184723,90.4272477,Bashundhara R-A,High
"Uttar Badda, Badda",1250,2,2,22000,23.7820433,90.4231228,Badda,Low
"Sector 11, Uttara",2500,4,4,60000,23.8773155,90.3901397,Uttara,Medium
"Uttar Badda, Badda",1250,2,2,22000,23.7820433,90.4231228,Badda,Low
"Outer Circular Road, Maghbazar",1650,4,4,40000,23.7485069,90.408629,Maghbazar,Medium
"Block I, Bashundhara R-A",1700,4,4,37000,23.8206687,90.4396248,Bashundhara R-A,High
"Gulshan 2, Gulshan",6800,4,4,650000,23.7947536,90.4143085,Gulshan,High
"East Rampura, Rampura",1200,2,2,20000,23.7582378,90.4254798,Rampura,Low
"Block K, Baridhara",4000,4,4,320000,23.8028731,90.420766,Baridhara,High
"Uttar Badda, Badda",1250,2,2,22000,23.7820433,90.4231228,Badda,Low
"Block C, Bashundhara R-A",3500,4,4,110000,23.8184723,90.4272477,Bashundhara R-A,High
"Gulshan 1, Gulshan",2124,3,3,110000,23.7820624,90.4160527,Gulshan,High
"Chadra Nagar, Bayazid",1350,3,3,20000,22.3766168,91.806435,Bayazid,Medium
"Block C, Bashundhara R-A",1456,3,3,35000,23.8184723,90.4272477,Bashundhara R-A,High
"Gulshan 1, Gulshan",2430,3,3,130000,23.7820624,90.4160527,Gulshan,High
"Block K, Baridhara",2300,4,4,130000,23.8028731,90.420766,Baridhara,High
"Block L, Bashundhara R-A",1500,3,3,25000,23.8206417,90.4490575,Bashundhara R-A,High
"Block D, Bashundhara R-A",2000,3,3,45000,23.8154814,90.433141,Bashundhara R-A,High
"Block L, Bashundhara R-A",1500,3,3,25000,23.8206417,90.4490575,Bashundhara R-A,High
"North Khulshi, Khulshi",1800,4,4,70000,22.3589004,91.8125895,Khulshi,Low
"Block A, Banasree",1764,4,4,40000,23.7645587,90.4257745,Banasree,Medium
"Khilbari Tek, Badda",1100,3,3,20000,23.7916903,90.4307836,Badda,Low
"Sector 9, Uttara",950,2,2,55000,23.8772975,90.3972052,Uttara,Medium
"Sector 12, Uttara",2300,3,3,55000,23.8713904,90.380721,Uttara,Medium
"South Khulshi, Khulshi",1800,4,4,55000,22.3587138,91.8108977,Khulshi,Low
"Block K, Baridhara",4000,4,4,380000,23.8028731,90.420766,Baridhara,High
"Shahjadpur, Badda",1600,3,3,30000,23.7917066,90.4248906,Badda,Low
"Block D, Bashundhara R-A",2000,3,3,45000,23.8154814,90.433141,Bashundhara R-A,High
"Sector 4, Uttara",2200,4,4,60000,23.8624077,90.4042719,Uttara,Medium
"Block E, Banasree",1250,3,3,24000,23.7619353,90.433141,Banasree,Medium
"Nikunja 2, Nikunja",750,2,2,21000,23.8318836,90.4178201,Nikunja,Medium
"Block C, Bashundhara R-A",4350,4,4,350000,23.8184723,90.4272477,Bashundhara R-A,High
"Block K, Baridhara",3000,4,4,190000,23.8028731,90.420766,Baridhara,High
"Block C, Bashundhara R-A",1400,3,3,23000,23.8184723,90.4272477,Bashundhara R-A,High
"Block C, Bashundhara R-A",1100,3,3,27000,23.8184723,90.4272477,Bashundhara R-A,High
"Block F, Banasree",1500,3,3,30000,23.7604313,90.4390353,Banasree,Medium
"Block C, Bashundhara R-A",3300,5,5,100000,23.8184723,90.4272477,Bashundhara R-A,High
"North Khulshi, Khulshi",3600,4,4,120000,22.3589004,91.8125895,Khulshi,Low
"Block C, Bashundhara R-A",1600,3,3,28000,23.8184723,90.4272477,Bashundhara R-A,High
"Block K, Baridhara",2300,3,3,130000,23.8028731,90.420766,Baridhara,High
"Khilbari Tek, Badda",1200,3,3,20000,23.7916903,90.4307836,Badda,Low
"Block D, Bashundhara R-A",2000,3,3,45000,23.8154814,90.433141,Bashundhara R-A,High
"Sector 12, Uttara",2350,4,4,60000,23.8713904,90.380721,Uttara,Medium
"Gulshan 2, Gulshan",5400,5,5,420000,23.7947536,90.4143085,Gulshan,High
"Block K, Baridhara",1700,3,3,95000,23.8028731,90.420766,Baridhara,High
"Block K, Baridhara",1700,3,3,80000,23.8028731,90.420766,Baridhara,High
"Block K, Baridhara",1700,3,3,90000,23.8028731,90.420766,Baridhara,High
"Sector 10, Uttara",1400,3,3,25000,23.884012,90.3883735,Uttara,Medium
"Block C, Bashundhara R-A",1500,3,3,45000,23.8184723,90.4272477,Bashundhara R-A,High
"Sector 7, Uttara",1800,4,4,65000,23.871349,90.3972052,Uttara,Medium
"South Khulshi, Khulshi",1500,3,3,26000,22.3587138,91.8108977,Khulshi,Low
"1st Colony, Mirpur",1500,3,3,30000,23.7848367,90.3463031,Mirpur,Low
"West Rampura, Rampura",2300,5,5,40000,23.7642132,90.4160527,Rampura,Low
"Block F, Bashundhara R-A",2300,4,4,50000,23.820682,90.4349092,Bashundhara R-A,High
"Tayab Bag R/A, 7 No. West Sholoshohor Ward",1900,4,4,25000,22.374104,91.8342716,7 No. West Sholoshohor Ward,Medium
"Gulshan 2, Gulshan",4000,4,4,400000,23.7947536,90.4143085,Gulshan,High
"Block C, Bashundhara R-A",1700,4,4,55000,23.8184723,90.4272477,Bashundhara R-A,High
"PC Culture Housing, Mohammadpur",850,2,2,20000,23.7680904,90.3518903,Mohammadpur,Medium
"Block C, Bashundhara R-A",2200,3,3,26000,23.8184723,90.4272477,Bashundhara R-A,High
"South Khulshi, Khulshi",1500,3,3,26000,22.3587138,91.8108977,Khulshi,Low
"South Khulshi, Khulshi",1500,3,3,26000,22.3587138,91.8108977,Khulshi,Low
"Gulshan 2, Gulshan",5400,5,5,420000,23.7947536,90.4143085,Gulshan,High
"Road No 1, Jalalabad Housing Society",1500,3,3,20000,22.3707543,91.8007579,Jalalabad Housing Society,Medium
"Sector 12, Uttara",2373,4,4,75000,23.8713904,90.380721,Uttara,Medium
"North Khulshi, Khulshi",3200,4,4,60000,22.3589004,91.8125895,Khulshi,Low
"Iqbal Road, Mohammadpur",2088,4,4,70000,23.7622253,90.3683605,Mohammadpur,Medium
"Block C, Bashundhara R-A",2500,4,4,45000,23.8184723,90.4272477,Bashundhara R-A,High
"Block H, Bashundhara R-A",1550,3,3,30000,23.8258759,90.4390353,Bashundhara R-A,High
"PC Culture Housing, Mohammadpur",1600,3,3,40000,23.7680904,90.3518903,Mohammadpur,Medium
"Road No 10, Baridhara",3000,4,4,140000,23.8059523,90.4188434,Baridhara,High
"Gulshan 2, Gulshan",2400,4,4,150000,23.7947536,90.4143085,Gulshan,High
"Gulshan 2, Gulshan",3500,4,4,260000,23.7947536,90.4143085,Gulshan,High
"Block K, Baridhara",4000,4,4,400000,23.8028731,90.420766,Baridhara,High
"Block C, Bashundhara R-A",2600,4,4,110000,23.8184723,90.4272477,Bashundhara R-A,High
"Tajmahal Road, Mohammadpur",1300,3,3,40000,23.764683,90.3621536,Mohammadpur,Medium
"PC Culture Housing, Mohammadpur",1500,3,3,26000,23.7680904,90.3518903,Mohammadpur,Medium
"Malibagh Chowdhury Para, Malibagh",1150,2,2,26000,23.752314,90.4158252,Malibagh,Medium
"Malibagh First Lane, Malibagh",1450,3,3,35000,23.7469973,90.4130652,Malibagh,Medium
"Block K, Baridhara",5000,5,5,800000,23.8028731,90.420766,Baridhara,High
"South Khulshi, Khulshi",1400,4,4,30000,22.3587138,91.8108977,Khulshi,Low
"Block K, Bashundhara R-A",1450,3,3,28000,23.8228845,90.4449304,Bashundhara R-A,High
"Habib Lane, Khulshi",1450,3,3,23000,22.3629613,91.8086918,Khulshi,Low
"Block E, Bashundhara R-A",1510,3,3,37000,23.8110194,90.433141,Bashundhara R-A,High
"Block L, Bashundhara R-A",1850,4,4,23000,23.8206417,90.4490575,Bashundhara R-A,High
"Block K, Baridhara",5000,5,5,1000000,23.8028731,90.420766,Baridhara,High
"North Khulshi, Khulshi",2800,5,5,80000,22.3589004,91.8125895,Khulshi,Low
"Yakub Future Park Housing, Khulshi",1500,3,3,23000,22.3664907,91.8059216,Khulshi,Low
"South Khulshi, Khulshi",1600,3,3,25000,22.3587138,91.8108977,Khulshi,Low
"Sector 6, Uttara",2900,4,4,80000,23.8713307,90.4042719,Uttara,Medium
"Gulshan 1, Gulshan",2500,3,3,150000,23.7820624,90.4160527,Gulshan,High
"Sector 12, Uttara",2200,4,4,55000,23.8713904,90.380721,Uttara,Medium
"Block D, Bashundhara R-A",2300,4,4,50000,23.8154814,90.433141,Bashundhara R-A,High
"Sector 6, Uttara",2000,4,4,50000,23.8713307,90.4042719,Uttara,Medium
"South Khulshi, Khulshi",2000,3,3,35000,22.3587138,91.8108977,Khulshi,Low
"Block C, Bashundhara R-A",2200,3,3,100000,23.8184723,90.4272477,Bashundhara R-A,High
"1 No Railway Gate, Muradpur",1340,3,3,22000,22.54285911,91.64187044,Muradpur,Medium
"South Khulshi, Khulshi",1500,3,3,22000,22.3587138,91.8108977,Khulshi,Low
"Block K, Baridhara",3000,4,4,190000,23.8028731,90.420766,Baridhara,High
"West Khulshi, 9 No. North Pahartali Ward",1250,3,3,20000,22.3662719,91.8019761,9 No. North Pahartali Ward,Medium
"Shekhertek, Mohammadpur",1410,3,3,22000,23.7690369,90.3564515,Mohammadpur,Medium
"Mohammadi Housing LTD., Mohammadpur",1200,3,3,26000,23.7627707,90.35188,Mohammadpur,Medium
"Block K, Baridhara",3500,4,4,220000,23.8028731,90.420766,Baridhara,High
"Block E, Bashundhara R-A",1510,3,3,37000,23.8110194,90.433141,Bashundhara R-A,High
"Block K, Baridhara",4000,4,4,360000,23.8028731,90.420766,Baridhara,High
"Block C, Bashundhara R-A",1900,4,4,50000,23.8184723,90.4272477,Bashundhara R-A,High
"Abdul Latif Road, Sholokbahar",1300,3,3,21000,22.3642859,91.8368724,Sholokbahar,Medium
"Kallyanpur, Mirpur",1400,3,3,20000,23.7822036,90.3595372,Mirpur,Low
"Tajmahal Road, Mohammadpur",850,2,2,20000,23.764683,90.3621536,Mohammadpur,Medium
"Gulshan 2, Gulshan",3200,4,4,200000,23.7947536,90.4143085,Gulshan,High
"Block K, Baridhara",1700,3,3,80000,23.8028731,90.420766,Baridhara,High
"Babar Road, Mohammadpur",2200,4,4,30500,23.7699684,90.366231,Mohammadpur,Medium
"Peer Saheber Goli, Shantinagar",1465,3,3,30000,23.7394058,90.413552,Shantinagar,Medium
"South Khulshi, Khulshi",3000,5,5,40000,22.3587138,91.8108977,Khulshi,Low
"Block I, Bashundhara R-A",2000,3,3,35000,23.8206687,90.4396248,Bashundhara R-A,High
"Gulshan 1, Gulshan",1800,3,3,80000,23.7820624,90.4160527,Gulshan,High
"Darussalam, Mirpur",1600,3,3,25000,23.7784999,90.3530666,Mirpur,Low
"Block C, Bashundhara R-A",1400,2,2,30000,23.8184723,90.4272477,Bashundhara R-A,High
"Sector 10, Uttara",1380,4,4,25000,23.884012,90.3883735,Uttara,Medium
"Block C, Bashundhara R-A",1200,3,3,22000,23.8184723,90.4272477,Bashundhara R-A,High
"Gulshan 1, Gulshan",2000,3,3,100000,23.7820624,90.4160527,Gulshan,High
"Mohammadia Housing Society, Mohammadpur",1370,3,3,30000,23.76362,90.3554194,Mohammadpur,Medium
"Sugandha Residential Area, Panchlaish",1900,3,3,28000,22.3644422,91.8324429,Panchlaish,Medium
"Sector 6, Uttara",2450,3,3,50000,23.8713307,90.4042719,Uttara,Medium
"Baitul Aman Housing, Mohammadpur",1300,3,3,20000,23.7710733,90.3483614,Mohammadpur,Medium
"Gulshan 2, Gulshan",2600,4,4,100000,23.7947536,90.4143085,Gulshan,High
"Block J, Baridhara",2000,4,4,45000,23.7976561,90.4248906,Baridhara,High
"South Khulshi, Khulshi",1450,3,3,28000,22.3587138,91.8108977,Khulshi,Low
"Block D, Bashundhara R-A",2580,4,4,45000,23.8154814,90.433141,Bashundhara R-A,High
"West Rampura, Rampura",900,2,2,25000,23.7642132,90.4160527,Rampura,Low
"Road No 2, Shyamoli",1415,3,3,30000,23.7746403,90.3659936,Shyamoli,Medium
"Block C, Bashundhara R-A",1876,3,3,22000,23.8184723,90.4272477,Bashundhara R-A,High
"Block K, Baridhara",4000,4,4,420000,23.8028731,90.420766,Baridhara,High
"North Khulshi, Khulshi",1500,2,2,50000,22.3589004,91.8125895,Khulshi,Low
"Baitul Aman Housing, Mohammadpur",1250,3,3,20000,23.7710733,90.3483614,Mohammadpur,Medium
"Sector 3, Uttara",1950,3,3,150000,23.8654003,90.3972052,Uttara,Medium
"Block C, Bashundhara R-A",700,2,2,21000,23.8184723,90.4272477,Bashundhara R-A,High
"Block C, Bashundhara R-A",1800,4,4,60000,23.8184723,90.4272477,Bashundhara R-A,High
"Nobodoy Housing Society, Mohammadpur",1250,3,3,22000,23.7640006,90.3515962,Mohammadpur,Medium
"Pirerbag, Mirpur",1300,3,3,25000,23.7911115,90.3665972,Mirpur,Low
"Gulshan 2, Gulshan",3850,4,4,320000,23.7947536,90.4143085,Gulshan,High
"Block C, Bashundhara R-A",1500,3,3,50000,23.8184723,90.4272477,Bashundhara R-A,High
"Baitul Aman Housing Society, Adabor",1200,3,3,20000,23.7734642,90.3580005,Adabor,Medium
"Block G, Bashundhara R-A",1530,3,3,27000,23.8244052,90.433141,Bashundhara R-A,High
"Block K, Baridhara",3200,3,3,110000,23.8028731,90.420766,Baridhara,High
"Block E, Aftab Nagar",1450,3,3,26000,23.7641281,90.4466991,Aftab Nagar,Medium
"Block C, Bashundhara R-A",1600,3,3,45000,23.8184723,90.4272477,Bashundhara R-A,High
"Sector 5, Uttara",2543,4,4,70000,23.8646732,90.3907284,Uttara,Medium
"Block K, Baridhara",2800,3,3,360000,23.8028731,90.420766,Baridhara,High
"Block A, Bashundhara R-A",1887,4,4,38000,23.8136688,90.4295717,Bashundhara R-A,High
"Kallyanpur, Mirpur",1250,3,3,20000,23.7822036,90.3595372,Mirpur,Low
"Gulshan 2, Gulshan",3750,4,4,300000,23.7947536,90.4143085,Gulshan,High
"Block K, Baridhara",2800,5,5,120000,23.8028731,90.420766,Baridhara,High
"PC Culture Housing, Mohammadpur",900,2,2,20000,23.7680904,90.3518903,Mohammadpur,Medium
"Gulshan 2, Gulshan",3750,4,4,300000,23.7947536,90.4143085,Gulshan,High
"Road No 10, Baridhara",3000,4,4,140000,23.8059523,90.4188434,Baridhara,High
"South Khulshi, Khulshi",2000,4,4,35000,22.3587138,91.8108977,Khulshi,Low
"Mohammadi Housing LTD., Mohammadpur",1145,3,3,20000,23.7627707,90.35188,Mohammadpur,Medium
"Gulshan 2, Gulshan",2300,3,3,130000,23.7947536,90.4143085,Gulshan,High
"Gulshan 1, Gulshan",4300,4,4,220000,23.7820624,90.4160527,Gulshan,High
"Gulshan 2, Gulshan",5200,4,4,310000,23.7947536,90.4143085,Gulshan,High
"Baitul Aman Housing Society, Adabor",1360,3,3,25000,23.7734642,90.3580005,Adabor,Medium
"Gulshan 1, Gulshan",4300,4,4,220000,23.7820624,90.4160527,Gulshan,High
"Baitul Aman Housing Society, Adabor",1442,3,3,25000,23.7734642,90.3580005,Adabor,Medium
"Block K, Bashundhara R-A",1450,3,3,26000,23.8228845,90.4449304,Bashundhara R-A,High
"Gulshan 2, Gulshan",5000,4,4,420000,23.7947536,90.4143085,Gulshan,High
"South Banasree Project, Banasree",2200,3,3,31000,23.7634571,90.4272592,Banasree,Medium
"Block C, Bashundhara R-A",1850,3,3,60000,23.8184723,90.4272477,Bashundhara R-A,High
"Block C, Bashundhara R-A",4200,5,5,320000,23.8184723,90.4272477,Bashundhara R-A,High
"Gulshan 1, Gulshan",4300,5,5,220000,23.7820624,90.4160527,Gulshan,High
"Block C, Bashundhara R-A",1600,3,3,40000,23.8184723,90.4272477,Bashundhara R-A,High
"Block E, Banasree",1400,3,3,30000,23.7619353,90.433141,Banasree,Medium
"1st Colony, Mirpur",1096,3,3,20000,23.7848367,90.3463031,Mirpur,Low
"Block C, Bashundhara R-A",1400,3,3,40000,23.8184723,90.4272477,Bashundhara R-A,High
"Baitul Aman Housing Society, Adabor",1250,3,3,20000,23.7734642,90.3580005,Adabor,Medium
"Block K, Baridhara",3000,4,4,150000,23.8028731,90.420766,Baridhara,High
"Gulshan 1, Gulshan",4300,5,5,220000,23.7820624,90.4160527,Gulshan,High
"Sector 6, Uttara",2200,3,3,65000,23.8713307,90.4042719,Uttara,Medium
"Humayun Road, Mohammadpur",1400,4,4,32000,23.7673797,90.3647735,Mohammadpur,Medium
"Section 1, Mirpur",1750,4,4,28000,23.8015639,90.3489496,Mirpur,Low
"Block D, Bashundhara R-A",2100,4,4,45000,23.8154814,90.433141,Bashundhara R-A,High
"South Banasree Project, Banasree",2200,3,3,30000,23.7634571,90.4272592,Banasree,Medium
"Gulshan 2, Gulshan",5500,5,5,290000,23.7947536,90.4143085,Gulshan,High
"Gulshan 2, Gulshan",2700,4,4,150000,23.7947536,90.4143085,Gulshan,High
"Gulshan 1, Gulshan",4300,4,4,220000,23.7820624,90.4160527,Gulshan,High
"Lake Valley R/A, 9 No. North Pahartali Ward",2300,4,4,30000,22.3730145,91.7844836,9 No. North Pahartali Ward,Medium
"Gulshan 1, Gulshan",4300,4,4,220000,23.7820624,90.4160527,Gulshan,High
"Mansurabad Housing Society, Adabor",1500,3,3,25000,23.7754356,90.3523821,Adabor,Medium
"Gulshan 1, Gulshan",3500,4,4,180000,23.7820624,90.4160527,Gulshan,High
"Dolphin Goli Road, Kalabagan",1500,3,3,45000,23.7509539,90.3800274,Kalabagan,Medium
"Road No 2, Shyamoli",1180,4,4,22000,23.7746403,90.3659936,Shyamoli,Medium
"Zakir Hossain Road, Khulshi",2100,3,3,25000,22.3616445,91.8125827,Khulshi,Low
"Gulshan 2, Gulshan",2200,4,4,140000,23.7947536,90.4143085,Gulshan,High
"Block H, Aftab Nagar",1600,3,3,26000,24.9380265,67.0479484,Aftab Nagar,Medium
"Block M, Banasree",1150,2,2,21000,23.7619353,90.433141,Banasree,Medium
"Section 1, Mirpur",1300,3,3,20000,23.8015639,90.3489496,Mirpur,Low
"Road No 2, Shyamoli",1500,3,3,25000,23.7746403,90.3659936,Shyamoli,Medium
"South Khulshi, Khulshi",1500,3,3,26000,22.3587138,91.8108977,Khulshi,Low
"Gulshan 2, Gulshan",2900,4,4,160000,23.7947536,90.4143085,Gulshan,High
"Ring Road, Shyamoli",1700,3,3,35000,23.7716209,90.3598492,Shyamoli,Medium
"South Khulshi, Khulshi",1000,2,2,22000,22.3587138,91.8108977,Khulshi,Low
"Baitul Aman Housing Society, Adabor",1400,3,3,27000,23.7734642,90.3580005,Adabor,Medium
"Sector 12, Uttara",1950,4,4,35000,23.8713904,90.380721,Uttara,Medium
"Tajmahal Road, Mohammadpur",1350,3,3,40000,23.764683,90.3621536,Mohammadpur,Medium
"Block F, Aftab Nagar",1800,4,4,25000,23.7641281,90.4466991,Aftab Nagar,Medium
"Sector 9, Uttara",1450,3,3,28000,23.8772975,90.3972052,Uttara,Medium
"Humayun Road, Mohammadpur",1200,2,2,20000,23.7673797,90.3647735,Mohammadpur,Medium
"Block M, Banasree",1150,2,2,21000,23.7619353,90.433141,Banasree,Medium
"Kallyanpur, Mirpur",1250,2,2,25000,23.7822036,90.3595372,Mirpur,Low
"Block C, Bashundhara R-A",2000,3,3,52000,23.8184723,90.4272477,Bashundhara R-A,High
"PC Culture Housing, Mohammadpur",1450,3,3,22000,23.7680904,90.3518903,Mohammadpur,Medium
"Baitul Aman Housing Society, Adabor",1400,3,3,22000,23.7734642,90.3580005,Adabor,Medium
"New Eskaton Road, Eskaton",1525,3,3,40000,23.7470548,90.398646,Eskaton,Medium
"Mohonpur Road, Shyamoli",1100,3,3,22000,23.7748506,90.3606163,Shyamoli,Medium
"Block D, Bashundhara R-A",1300,3,3,60000,23.8154814,90.433141,Bashundhara R-A,High
"Sector 13, Uttara",2500,4,4,70000,23.8713728,90.3877848,Uttara,Medium
"Ring Road, Shyamoli",1700,3,3,35000,23.7716209,90.3598492,Shyamoli,Medium
"Block J, Baridhara",2000,4,4,45000,23.7976561,90.4248906,Baridhara,High
"Block E, Banasree",1400,3,3,30000,23.7619353,90.433141,Banasree,Medium
"Sector 11, Uttara",1850,4,4,70000,23.8773155,90.3901397,Uttara,Medium
"Block E, Banasree",1350,3,3,30000,23.7619353,90.433141,Banasree,Medium
"Dhaka Housing Main Road, Shyamoli",1200,3,3,20000,23.775297,90.3593393,Shyamoli,Medium
"Gulshan 2, Gulshan",3500,5,5,180000,23.7947536,90.4143085,Gulshan,High
"Road No 4, Baridhara",4000,4,4,400000,23.8022251,90.420055,Baridhara,High
"Gulshan 1, Gulshan",2350,3,3,160000,23.7820624,90.4160527,Gulshan,High
"Road No 4, Baridhara",4000,4,4,400000,23.8022251,90.420055,Baridhara,High
"Gulshan 2, Gulshan",4200,5,5,250000,23.7947536,90.4143085,Gulshan,High
"Sector 12, Uttara",2290,4,4,55000,23.8713904,90.380721,Uttara,Medium
"Block C, Bashundhara R-A",1654,4,4,55000,23.8184723,90.4272477,Bashundhara R-A,High
"South Badda, Badda",1100,2,2,35000,23.7753515,90.4225336,Badda,Low
"Darussalam, Mirpur",1200,3,3,20000,23.7784999,90.3530666,Mirpur,Low
"Kallyanpur, Mirpur",1200,3,3,22000,23.7822036,90.3595372,Mirpur,Low
"Baitul Aman Housing Society, Adabor",1200,3,3,20000,23.7734642,90.3580005,Adabor,Medium
"Sector 4, Uttara",2100,3,3,70000,23.8624077,90.4042719,Uttara,Medium
"Kallyanpur, Mirpur",1300,3,3,20000,23.7822036,90.3595372,Mirpur,Low
"Block C, Bashundhara R-A",1640,4,4,35000,23.8184723,90.4272477,Bashundhara R-A,High
"Block I, Bashundhara R-A",2000,4,4,32000,23.8206687,90.4396248,Bashundhara R-A,High
"Block C, Bashundhara R-A",1800,4,4,40000,23.8184723,90.4272477,Bashundhara R-A,High
"Sector 12, Uttara",2190,4,4,70000,23.8713904,90.380721,Uttara,Medium
"Block C, Bashundhara R-A",2000,4,4,35000,23.8184723,90.4272477,Bashundhara R-A,High
"Sector 4, Uttara",2100,3,3,70000,23.8624077,90.4042719,Uttara,Medium
"Nobodoy Housing Society, Mohammadpur",1250,3,3,20000,23.7640006,90.3515962,Mohammadpur,Medium
"Section 1, Mirpur",1300,2,2,30000,23.8015639,90.3489496,Mirpur,Low
"Road No 4, Baridhara",4000,4,4,400000,23.8022251,90.420055,Baridhara,High
"Block C, Bashundhara R-A",1250,3,3,26000,23.8184723,90.4272477,Bashundhara R-A,High
"Gulshan 2, Gulshan",3600,4,4,160000,23.7947536,90.4143085,Gulshan,High
"South Khulshi, Khulshi",1600,3,3,25000,22.3587138,91.8108977,Khulshi,Low
"South Khulshi, Khulshi",1875,3,3,35000,22.3587138,91.8108977,Khulshi,Low
"Shukrabad, Dhanmondi",1250,2,2,30000,23.7535231,90.3792495,Dhanmondi,Medium
"Sector 12, Uttara",2385,4,4,70000,23.8713904,90.380721,Uttara,Medium
"North Adabor, Adabor",1400,3,3,22000,23.7734438,90.3586364,Adabor,Medium
"Block C, Bashundhara R-A",1750,4,4,40000,23.8184723,90.4272477,Bashundhara R-A,High
"Gulshan 2, Gulshan",2300,3,3,130000,23.7947536,90.4143085,Gulshan,High
"Gulshan 1, Gulshan",2440,4,4,150000,23.7820624,90.4160527,Gulshan,High
"Sector 6, Uttara",2500,3,3,110000,23.8713307,90.4042719,Uttara,Medium
"Sector 9, Uttara",1750,3,3,40000,23.8772975,90.3972052,Uttara,Medium
"Sector 10, Uttara",1500,3,3,55000,23.884012,90.3883735,Uttara,Medium
"Gulshan 2, Gulshan",2000,3,3,100000,23.7947536,90.4143085,Gulshan,High
15 No. Bagmoniram Ward,1350,3,3,25000,22.3524229,91.8255218,15 No. Bagmoniram Ward,Medium
"Block C, Bashundhara R-A",2000,3,3,38000,23.8184723,90.4272477,Bashundhara R-A,High
"Shahjadpur, Badda",1370,3,3,35000,23.7917066,90.4248906,Badda,Low
"South Khulshi, Khulshi",1000,2,2,20000,22.3587138,91.8108977,Khulshi,Low
"Block C, Bashundhara R-A",1200,2,2,100000,23.8184723,90.4272477,Bashundhara R-A,High
"PC Culture Housing, Mohammadpur",750,2,2,20000,23.7680904,90.3518903,Mohammadpur,Medium
"South Khulshi, Khulshi",1350,3,3,65000,22.3587138,91.8108977,Khulshi,Low
"Block D, Bashundhara R-A",1300,3,3,40000,23.8154814,90.433141,Bashundhara R-A,High
"South Khulshi, Khulshi",2500,4,4,70000,22.3587138,91.8108977,Khulshi,Low
"Rose Valley Residential Area, 9 No. North Pahartali Ward",1365,3,3,23000,22.3634974,91.800301,9 No. North Pahartali Ward,Medium
"Gulshan 1, Gulshan",3100,4,4,120000,23.7820624,90.4160527,Gulshan,High
"Block F, Aftab Nagar",1450,3,3,25000,23.7641281,90.4466991,Aftab Nagar,Medium
"Block C, Bashundhara R-A",650,1,1,50000,23.8184723,90.4272477,Bashundhara R-A,High
"Block C, Bashundhara R-A",1250,3,3,38000,23.8184723,90.4272477,Bashundhara R-A,High
"Block A, Bashundhara R-A",2250,4,4,40000,23.8136688,90.4295717,Bashundhara R-A,High
"Block B, Bashundhara R-A",2250,4,4,46000,23.8140104,90.4272477,Bashundhara R-A,High
"Block D, Bashundhara R-A",2200,3,3,45000,23.8154814,90.433141,Bashundhara R-A,High
"Gulshan 2, Gulshan",3000,4,4,120000,23.7947536,90.4143085,Gulshan,High
"Block C, Bashundhara R-A",2200,3,3,45000,23.8184723,90.4272477,Bashundhara R-A,High
"Block I Extension, Bashundhara R-A",2350,4,4,46000,23.8206687,90.4396248,Bashundhara R-A,High
"Sector 11, Uttara",1500,4,4,48500,23.8773155,90.3901397,Uttara,Medium
"Block J, Bashundhara R-A",1200,2,2,42000,23.8228913,90.4425723,Bashundhara R-A,High
"Block C, Bashundhara R-A",2450,3,3,125000,23.8184723,90.4272477,Bashundhara R-A,High
"Block I, Bashundhara R-A",1880,4,4,35000,23.8206687,90.4396248,Bashundhara R-A,High
"Iqbal Road, Mohammadpur",2088,3,3,65000,23.7622253,90.3683605,Mohammadpur,Medium
"Block C, Bashundhara R-A",1750,3,3,50000,23.8624077,90.4042719,Bashundhara R-A,High
"Sector 4, Uttara",2200,4,4,45000,23.7627707,90.35188,Uttara,Medium
"Mohammadi Housing LTD., Mohammadpur",1100,2,2,20000,23.7947536,90.4143085,Mohammadpur,Medium
"Gulshan 2, Gulshan",4200,5,5,210000,23.8136688,90.4295717,Gulshan,High
"Block A, Bashundhara R-A",2150,5,5,33000,23.8258759,90.4390353,Bashundhara R-A,High
"Block H, Bashundhara R-A",1600,3,3,30000,23.8184723,90.4272477,Bashundhara R-A,High
"Block C, Bashundhara R-A",1200,2,2,35000,23.8184723,90.4272477,Bashundhara R-A,High
"Block C, Bashundhara R-A",2000,4,4,,23.8184723,90.4272477,Bashundhara R-A,High
"Block C, Bashundhara R-A",1950,4,4,35000,23.745521,90.3896983,Bashundhara R-A,High
"Free School Street, Kathalbagan",1600,4,4,33000,23.8184723,90.4272477,Kathalbagan,Medium
"Block C, Bashundhara R-A",2600,3,3,70000,23.7645587,90.4257745,Bashundhara R-A,High
"Block A, Banasree",900,2,2,20000,23.7610623,90.4302394,Banasree,Medium
"Block C, Aftab Nagar",1200,3,3,25000,23.7641281,90.4466991,Aftab Nagar,Medium
"Block E, Aftab Nagar",1600,3,3,30000,23.7627707,90.35188,Aftab Nagar,Medium
"Mohammadi Housing LTD., Mohammadpur",1400,2,2,23000,22.3327212,91.8050218,Mohammadpur,Medium
"24 No. North Agrabad Ward, Double Mooring",1250,3,3,20000,23.8713307,90.4042719,Double Mooring,Medium
"Sector 6, Uttara",1350,4,4,30000,23.8028731,90.420766,Uttara,Medium
"Block K, Baridhara",3500,4,4,500000,23.7701957,90.3608695,Baridhara,High
"Bizlymoholla Road, Mohammadpur",1390,2,2,27000,23.7610623,90.4302394,Mohammadpur,Medium
"Block C, Aftab Nagar",1200,3,3,25000,22.3337879,91.8428065,Aftab Nagar,Medium
"Patharghata, Kotwali",1050,2,2,22000,23.8015639,90.3489496,Kotwali,Medium
"Section 1, Mirpur",1800,4,4,26000,23.7947536,90.4143085,Mirpur,Low
"Gulshan 2, Gulshan",1500,3,3,200000,23.7627707,90.35188,Gulshan,High
"Mohammadi Housing LTD., Mohammadpur",1400,2,2,22000,23.7947536,90.4143085,Mohammadpur,Medium
"Gulshan 2, Gulshan",3750,4,4,220000,23.8258759,90.4390353,Gulshan,High
"Block H, Bashundhara R-A",1600,3,3,30000,22.3327212,91.8050218,Bashundhara R-A,High
"24 No. North Agrabad Ward, Double Mooring",1250,3,3,20000,22.3608208,91.8233007,Double Mooring,Medium
"Nasirabad, 15 No. Bagmoniram Ward",1875,3,3,35000,23.8244052,90.433141,15 No. Bagmoniram Ward,Medium
"Block G, Bashundhara R-A",1500,3,3,25000,23.7947536,90.4143085,Bashundhara R-A,High
"Gulshan 2, Gulshan",1500,3,3,200000,23.7641281,90.4466991,Gulshan,High
"Block D, Aftab Nagar",1600,3,3,26000,23.7947536,90.4143085,Aftab Nagar,Medium
"Gulshan 2, Gulshan",3600,4,4,350000,23.7627707,90.35188,Gulshan,High
"Mohammadi Housing LTD., Mohammadpur",1400,2,2,22000,23.7610623,90.4302394,Mohammadpur,Medium
"Block C, Aftab Nagar",1200,3,3,25000,23.7701957,90.3608695,Aftab Nagar,Medium
"Bizlymoholla Road, Mohammadpur",1390,2,2,22000,23.7947536,90.4143085,Mohammadpur,Medium
"Gulshan 2, Gulshan",5000,4,4,320000,23.8184723,90.4272477,Gulshan,High
"Block C, Bashundhara R-A",2045,4,4,40000,23.7106491,90.420766,Bashundhara R-A,High
"Narinda, Sutrapur",1100,2,2,22000,23.7627707,90.35188,Sutrapur,Medium
"Mohammadi Housing LTD., Mohammadpur",1100,3,3,20000,23.7947536,90.4143085,Mohammadpur,Medium
"Gulshan 2, Gulshan",5200,5,5,360000,23.8129494,90.4277829,Gulshan,High
"Road 3, Block B,Bashundhara R/A
                                Block B, Bashundhara R-A",1970,4,4,38000,23.7822036,90.3595372,Bashundhara R-A,High
"Kallyanpur, Mirpur",1250,3,3,20000,23.7619353,90.433141,Mirpur,Low
"Block J, Banasree",950,2,2,21000,23.8184723,90.4272477,Banasree,Medium
"Block C, Bashundhara R-A",900,3,3,20000,22.3280357,91.8238361,Bashundhara R-A,High
"Majhirghat Road, 30 No. East Madarbari Ward",1650,3,3,28000,23.8184723,90.4272477,30 No. East Madarbari Ward,Medium
"Block C, Bashundhara R-A",1700,3,3,28000,23.8184723,90.4272477,Bashundhara R-A,High
"Block C, Bashundhara R-A",1900,4,4,60000,22.3587138,91.8108977,Bashundhara R-A,High
"South Khulshi, Khulshi",1650,3,3,35000,23.7820433,90.4231228,Khulshi,Low
"Uttar Badda, Badda",1200,3,3,20000,23.8206417,90.4490575,Badda,Low
"Block L, Bashundhara R-A",1150,3,3,25000,23.7798106,90.4237121,Bashundhara R-A,High
"Middle Badda, Badda",1240,3,3,22000,23.7610623,90.4302394,Badda,Low
"Block C, Banasree",1385,3,3,24000,23.8028731,90.420766,Banasree,Medium
"Block K, Baridhara",2750,3,3,150000,23.7820433,90.4231228,Baridhara,High
"Uttar Badda, Badda",1250,3,3,25000,23.7641281,90.4466991,Badda,Low
"Block E, Aftab Nagar",1350,3,3,24000,23.8184723,90.4272477,Aftab Nagar,Medium
"Block C, Bashundhara R-A",1800,4,4,40000,23.8206687,90.4396248,Bashundhara R-A,High
"Block I, Bashundhara R-A",2100,4,4,40000,23.7604313,90.4390353,Bashundhara R-A,High
"Block F, Banasree",1600,3,3,25000,23.8140104,90.4272477,Banasree,Medium
"Block B, Bashundhara R-A",2000,3,3,45000,23.8184723,90.4272477,Bashundhara R-A,High
"Block C, Bashundhara R-A",3200,4,4,130000,22.3586885,91.8141603,Bashundhara R-A,High
"Nasirabad Properties Residential Area, Khulshi",2000,3,3,55000,23.8110194,90.433141,Khulshi,Low
"Block E, Bashundhara R-A",1500,3,3,27000,23.8184723,90.4272477,Bashundhara R-A,High
"Block C, Bashundhara R-A",2800,3,3,40000,22.3587138,91.8108977,Bashundhara R-A,High
"South Khulshi, Khulshi",1650,3,3,35000,23.8184723,90.4272477,Khulshi,Low
"Block C, Bashundhara R-A",1300,3,3,20000,23.8676564,90.3871961,Bashundhara R-A,High
"Sector 14, Uttara",1000,2,2,26000,22.3587138,91.8108977,Uttara,Medium
"South Khulshi, Khulshi",1650,3,3,35000,23.8244052,90.433141,Khulshi,Low
"Block G, Bashundhara R-A",1500,3,3,30000,23.7619353,90.433141,Bashundhara R-A,High
"Block B, Banasree",950,2,2,23000,23.8713904,90.380721,Banasree,Medium
"Sector 12, Uttara",1200,3,3,20000,23.7641281,90.4466991,Uttara,Medium
"Block E, Aftab Nagar",1450,3,3,30000,23.8110194,90.433141,Aftab Nagar,Medium
"Block E, Bashundhara R-A",1510,3,3,37000,23.7947536,90.4143085,Bashundhara R-A,High
"Gulshan 2, Gulshan",2900,4,4,180000,23.7641281,90.4466991,Gulshan,High
"Block F, Aftab Nagar",1400,3,3,30000,23.7947536,90.4143085,Aftab Nagar,Medium
"Gulshan 2, Gulshan",1800,2,2,90000,23.7641281,90.4466991,Gulshan,High
"Block G, Aftab Nagar",1150,3,3,25000,23.7619353,90.433141,Aftab Nagar,Medium
"Block G, Banasree",1400,3,3,25000,23.7610623,90.4302394,Banasree,Medium
"Block C, Khilgaon",1200,2,2,22000,23.8713307,90.4042719,Khilgaon,Low
"Sector 6, Uttara",1800,3,3,50000,23.7455989,90.4237121,Uttara,Medium
"North Shahjahanpur, Shahjahanpur",1200,3,3,28000,23.8258759,90.4390353,Shahjahanpur,Medium
"Block H, Bashundhara R-A",1500,3,3,30000,23.7619353,90.433141,Bashundhara R-A,High
"Block G, Banasree",1100,2,2,22000,22.3587138,91.8108977,Banasree,Medium
"South Khulshi, Khulshi",1600,4,4,32000,23.7610623,90.4302394,Khulshi,Low
"Block C, Aftab Nagar",2300,4,4,55000,23.7798106,90.4237121,Aftab Nagar,Medium
"Middle Badda, Badda",1400,3,3,25000,23.7641281,90.4466991,Badda,Low
"Block E, Aftab Nagar",1330,3,3,26000,23.7641281,90.4466991,Aftab Nagar,Medium
"Block F, Aftab Nagar",1400,3,3,30000,22.3666884,91.8222493,Aftab Nagar,Medium
"Al-Falah Housing Society, East Nasirabad",1600,3,3,25000,23.7619353,90.433141,East Nasirabad,Medium
"Block B, Banasree",1100,3,3,25000,23.7344694,90.4136962,Banasree,Medium
"Naya Paltan, Motijheel",1000,2,2,28000,23.7641281,90.4466991,Motijheel,Medium
"Block F, Aftab Nagar",1400,3,3,30000,23.7612995,90.3924947,Aftab Nagar,Medium
"Tejkunipara, Tejgaon",1680,3,3,48000,23.7947536,90.4143085,Tejgaon,Medium
"Gulshan 2, Gulshan",2750,4,4,200000,23.7641281,90.4466991,Gulshan,High
"Block F, Aftab Nagar",1400,3,3,30000,23.7820433,90.4231228,Aftab Nagar,Medium
"Uttar Badda, Badda",1250,3,3,25000,23.884012,90.3883735,Badda,Low
"Sector 10, Uttara",1750,3,3,60000,23.7820624,90.4160527,Uttara,Medium
"Gulshan 1, Gulshan",2508,3,3,150000,23.7619353,90.433141,Gulshan,High
"Block B, Banasree",1000,2,2,25000,23.8773155,90.3901397,Banasree,Medium
"Sector 11, Uttara",1550,3,3,26000,23.8154814,90.433141,Uttara,Medium
"Block D, Bashundhara R-A",2100,3,3,50000,23.8136688,90.4295717,Bashundhara R-A,High
"Block A, Bashundhara R-A",2200,5,5,35000,23.7465311,90.3477733,Bashundhara R-A,High
"Bochila, Mohammadpur",1470,3,3,20000,23.7947536,90.4143085,Mohammadpur,Medium
"Gulshan 2, Gulshan",3200,4,4,300000,23.8136688,90.4295717,Gulshan,High
"Block A, Bashundhara R-A",2000,4,4,40000,22.3402906,91.7940582,Bashundhara R-A,High
"25 No. Rampur Ward, Double Mooring",1150,3,3,20000,23.8184723,90.4272477,Double Mooring,Medium
"Block C, Bashundhara R-A",1300,4,4,28000,23.8136688,90.4295717,Bashundhara R-A,High
"Block A, Bashundhara R-A",2200,5,5,35000,22.3586885,91.8141603,Bashundhara R-A,High
"Nasirabad Properties Residential Area, Khulshi",3000,4,4,55000,23.7947536,90.4143085,Khulshi,Low
"Gulshan 2, Gulshan",5000,4,4,420000,23.7203137,90.4225336,Gulshan,High
"Tikatuli, Sutrapur",1800,3,3,45000,23.7641281,90.4466991,Sutrapur,Medium
"Block E, Aftab Nagar",1440,3,3,25000,23.7641281,90.4466991,Aftab Nagar,Medium
"Block E, Aftab Nagar",1755,3,3,30000,23.884012,90.3883735,Aftab Nagar,Medium
"Sector 10, Uttara",1500,3,3,25000,22.3586885,91.8141603,Uttara,Medium
"Nasirabad Properties Residential Area, Khulshi",1645,3,3,36000,23.8136688,90.4295717,Khulshi,Low
"Block A, Bashundhara R-A",2000,4,4,40000,23.793741,90.3550304,Bashundhara R-A,High
"Ahmed Nagar, Mirpur",1200,3,3,20000,23.7485384,90.4109534,Mirpur,Low
"Boro Maghbazar, Maghbazar",1350,3,3,25000,23.7322458,90.4107509,Maghbazar,Medium
"Purana Paltan, Motijheel",1400,3,3,30000,23.8028731,90.420766,Motijheel,Medium
"Block K, Baridhara",3500,4,4,300000,23.7947536,90.4143085,Baridhara,High
"Gulshan 2, Gulshan",4200,4,4,300000,23.8184723,90.4272477,Gulshan,High
"Block C, Bashundhara R-A",2667,4,4,110000,23.8154814,90.433141,Bashundhara R-A,High
"Block D, Bashundhara R-A",2100,3,3,50000,23.8136688,90.4295717,Bashundhara R-A,High
"Block A, Bashundhara R-A",2200,4,4,35000,23.8206417,90.4490575,Bashundhara R-A,High
"Block L, Bashundhara R-A",1150,3,3,25000,22.3587138,91.8108977,Bashundhara R-A,High
"South Khulshi, Khulshi",1650,3,3,35000,23.7947536,90.4143085,Khulshi,Low
"Gulshan 2, Gulshan",3850,4,4,300000,23.7641281,90.4466991,Gulshan,High
"Block E, Aftab Nagar",1325,3,3,20000,23.7753515,90.4225336,Aftab Nagar,Medium
"South Badda, Badda",1200,3,3,35000,23.7619353,90.433141,Badda,Low
"Block B, Banasree",1100,2,2,23000,22.3650739,91.8276288,Banasree,Medium
"Nasirabad Housing Society, Muradpur",1940,4,4,40000,22.3586885,91.8141603,Muradpur,Medium
"Nasirabad Properties Residential Area, Khulshi",2000,3,3,45200,23.7820624,90.4160527,Khulshi,Low
"Gulshan 1, Gulshan",3100,4,4,100000,23.8184723,90.4272477,Gulshan,High
"Block C, Bashundhara R-A",3100,5,5,60000,23.8676564,90.3871961,Bashundhara R-A,High
"Sector 14, Uttara",950,2,2,25000,22.3707543,91.8007579,Uttara,Medium
"Road No 4, Jalalabad Housing Society",1450,3,3,20000,23.8184723,90.4272477,Jalalabad Housing Society,Medium
"Block C, Bashundhara R-A",1350,3,3,25000,23.8002468,90.4293102,Bashundhara R-A,High
"Vatara, Badda",1200,2,2,21000,23.7947536,90.4143085,Badda,Low
"Gulshan 2, Gulshan",4500,4,4,260000,23.7734642,90.3580005,Gulshan,High
"Baitul Aman Housing Society, Adabor",1470,3,3,20000,23.7494629,90.3665972,Adabor,Medium
"West Dhanmondi, Dhanmondi",1300,4,4,35000,23.8772975,90.3972052,Dhanmondi,Medium
"Sector 9, Uttara",1700,4,4,40000,22.3650739,91.8276288,Uttara,Medium
"Nasirabad Housing Society, Muradpur",1800,3,3,24000,23.793741,90.3550304,Muradpur,Medium
"Ahmed Nagar, Mirpur",1350,3,3,20000,22.3589004,91.8125895,Mirpur,Low
"North Khulshi, Khulshi",3800,5,5,85000,23.7947536,90.4143085,Khulshi,Low
"Gulshan 2, Gulshan",4200,5,5,150000,23.8110194,90.433141,Gulshan,High
"Block E, Bashundhara R-A",1480,3,3,37000,23.764683,90.3621536,Bashundhara R-A,High
"Tajmahal Road, Mohammadpur",820,2,2,22000,23.8110194,90.433141,Mohammadpur,Medium
"Block E, Bashundhara R-A",1480,3,3,37000,23.7641281,90.4466991,Bashundhara R-A,High
"Block E, Aftab Nagar",1450,3,3,25000,23.8773155,90.3901397,Aftab Nagar,Medium
"Sector 11, Uttara",1415,3,3,35000,23.7619353,90.433141,Uttara,Medium
"Block G, Banasree",1450,3,3,25000,23.7723767,90.4225336,Banasree,Medium
"Merul Badda, Badda",1350,3,3,30000,23.7641281,90.4466991,Badda,Low
"Block E, Aftab Nagar",1520,3,3,30000,23.7976561,90.4248906,Aftab Nagar,Medium
"Block J, Baridhara",2400,4,4,65000,22.3617769,91.8376244,Baridhara,High
"Katalganj Residential Area, 16 No. Chawk Bazaar Ward",1300,3,3,28000,23.7619353,90.433141,16 No. Chawk Bazaar Ward,Medium
"Block G, Banasree",1400,3,3,25000,23.7470735,90.4284263,Banasree,Medium
"Tilpapara, Khilgaon",1100,2,2,20000,23.7820433,90.4231228,Khilgaon,Low
"Uttar Badda, Badda",1200,2,2,30000,23.7642132,90.4160527,Badda,Low
"West Rampura, Rampura",1250,3,3,30000,23.8184723,90.4272477,Rampura,Low
"Block C, Bashundhara R-A",1600,4,4,40000,22.3586885,91.8141603,Bashundhara R-A,High
"Nasirabad Properties Residential Area, Khulshi",1600,3,3,30000,23.7619353,90.433141,Khulshi,Low
"Block J, Banasree",1200,3,3,20000,23.7673797,90.3647735,Banasree,Medium
"Humayun Road, Mohammadpur",700,2,2,20000,22.3707543,91.8007579,Mohammadpur,Medium
"Road No 4, Jalalabad Housing Society",1450,3,3,20000,23.7947536,90.4143085,Jalalabad Housing Society,Medium
"Gulshan 2, Gulshan",3200,4,4,200000,22.3466078,91.8287858,Gulshan,High
"Ashkar Dighir Par, Jamal Khan",1100,2,2,20000,23.8318836,90.4178201,Jamal Khan,Medium
"Nikunja 2, Nikunja",720,2,2,22000,23.8184723,90.4272477,Nikunja,Medium
"Block C, Bashundhara R-A",2700,4,4,120000,23.7641281,90.4466991,Bashundhara R-A,High
"Block A, Aftab Nagar",1450,4,4,25000,23.8184723,90.4272477,Aftab Nagar,Medium
"Block C, Bashundhara R-A",1200,2,2,25000,23.7645587,90.4257745,Bashundhara R-A,High
"Block A, Banasree",900,2,2,22000,23.7504963,90.3816811,Banasree,Medium
"Lake Circus Road, Kalabagan",1300,3,3,33000,23.8773155,90.3901397,Kalabagan,Medium
"Sector 11, Uttara",1450,2,2,20000,23.8772975,90.3972052,Uttara,Medium
"Sector 9, Uttara",1500,4,4,27000,23.7716209,90.3598492,Uttara,Medium
"Ring Road, Shyamoli",1400,4,4,30000,23.8772975,90.3972052,Shyamoli,Medium
"Sector 9, Uttara",850,2,2,25000,23.7641281,90.4466991,Uttara,Medium
"Block D, Aftab Nagar",1650,3,3,27000,23.7716209,90.3598492,Aftab Nagar,Medium
"Ring Road, Shyamoli",1400,3,3,27000,23.7641281,90.4466991,Shyamoli,Medium
"Block E, Aftab Nagar",1200,2,2,20000,22.3466078,91.8287858,Aftab Nagar,Medium
"Ashkar Dighir Par, Jamal Khan",1200,2,2,26000,22.3587138,91.8108977,Jamal Khan,Medium
"South Khulshi, Khulshi",1400,3,3,25000,23.7642132,90.4160527,Khulshi,Low
"West Rampura, Rampura",1250,3,3,30000,23.8184723,90.4272477,Rampura,Low
"Block C, Bashundhara R-A",1674,3,3,35000,22.3730145,91.7844836,Bashundhara R-A,High
"Lake Valley R/A, 9 No. North Pahartali Ward",2000,4,4,30000,23.8002468,90.4293102,9 No. North Pahartali Ward,Medium
"Vatara, Badda",1200,2,2,21000,23.7344694,90.4136962,Badda,Low
"Naya Paltan, Motijheel",1650,4,4,35000,23.7550944,90.3589375,Motijheel,Medium
"Bosila, Mohammadpur",1150,2,2,22000,23.7791954,90.3736584,Mohammadpur,Medium
Agargaon,1250,3,3,30000,23.7748506,90.3606163,Agargaon,Medium
"Mohonpur Road, Shyamoli",1300,3,3,26000,23.7968912,90.4325517,Shyamoli,Medium
"Nurer Chala, Badda",1250,3,3,22000,23.7748506,90.3606163,Badda,Low
"Mohonpur Road, Shyamoli",1300,3,3,25000,23.871349,90.3972052,Shyamoli,Medium
"Sector 7, Uttara",1600,3,3,60000,23.7798106,90.4237121,Uttara,Medium
"Middle Badda, Badda",1350,3,3,28000,23.8184723,90.4272477,Badda,Low
"Block C, Bashundhara R-A",2700,4,4,70000,23.8184723,90.4272477,Bashundhara R-A,High
"Block C, Bashundhara R-A",1575,3,3,27000,23.8184723,90.4272477,Bashundhara R-A,High
"Block C, Bashundhara R-A",2600,4,4,90000,23.7610623,90.4302394,Bashundhara R-A,High
"Block C, Aftab Nagar",1000,3,3,20000,23.7916903,90.4307836,Aftab Nagar,Medium
"Khilbari Tek, Badda",1300,3,3,24000,23.793741,90.3550304,Badda,Low
"Ahmed Nagar, Mirpur",1250,3,3,20000,23.7798106,90.4237121,Mirpur,Low
"Middle Badda, Badda",1350,3,3,28000,23.8184723,90.4272477,Badda,Low
"Block C, Bashundhara R-A",1900,4,4,60000,22.3705919,91.8318233,Bashundhara R-A,High
"Pilkhana Road, 7 No. West Sholoshohor Ward",1250,3,3,20000,23.7619353,90.433141,7 No. West Sholoshohor Ward,Medium
"Block D, Banasree",1200,2,2,20000,23.7791954,90.3736584,Banasree,Medium
Agargaon,1250,3,3,30000,23.7791954,90.3736584,Agargaon,Medium
Agargaon,1250,3,3,30000,23.8184723,90.4272477,Agargaon,Medium
"Block C, Bashundhara R-A",1650,2,2,50000,23.7640006,90.3515962,Bashundhara R-A,High
"Nobodoy Housing Society, Mohammadpur",1150,2,2,20000,23.8713307,90.4042719,Mohammadpur,Medium
"Sector 6, Uttara",1450,3,3,30000,23.7604313,90.4390353,Uttara,Medium
"Block F, Banasree",1700,4,4,30000,22.3617769,91.8376244,Banasree,Medium
"Katalganj Residential Area, 16 No. Chawk Bazaar Ward",1500,4,4,26000,23.7820624,90.4160527,16 No. Chawk Bazaar Ward,Medium
"Gulshan 1, Gulshan",3400,5,5,150000,23.8676564,90.3871961,Gulshan,High
"Sector 14, Uttara",1500,3,3,35000,23.8184723,90.4272477,Uttara,Medium
"Block C, Bashundhara R-A",1500,3,3,22000,23.7968912,90.4325517,Bashundhara R-A,High
"Nurer Chala, Badda",1100,3,3,22000,22.3535227,91.8120481,Badda,Low
"VIP Housing Society, South Khulsi",1725,3,3,22000,22.3617769,91.8376244,South Khulsi,Medium
"Katalganj Residential Area, 16 No. Chawk Bazaar Ward",2500,4,4,46000,23.8646732,90.3907284,16 No. Chawk Bazaar Ward,Medium
"Sector 5, Uttara",1560,4,4,35000,23.7344694,90.4136962,Uttara,Medium
"Naya Paltan, Motijheel",1100,2,2,30000,23.7661386,90.3587745,Motijheel,Medium
"aziz Moholla, Mohammadpur",1100,3,3,21000,23.7641281,90.4466991,Mohammadpur,Medium
"Block D, Aftab Nagar",1300,3,3,20000,22.394706,91.8129373,Aftab Nagar,Medium
"Chattogram DOHS, Bayazid",1400,3,3,22000,23.7619353,90.433141,Bayazid,Medium
"Block G, Banasree",1650,3,3,35000,23.7820624,90.4160527,Banasree,Medium
"Gulshan 1, Gulshan",2350,4,4,100000,22.3280357,91.8238361,Gulshan,High
"Majhirghat Road, 30 No. East Madarbari Ward",1400,3,3,27000,23.7798106,90.4237121,30 No. East Madarbari Ward,Medium
"Middle Badda, Badda",1340,3,3,30000,23.7641281,90.4466991,Badda,Low
"Block K, Aftab Nagar",1400,4,4,23000,23.7798106,90.4237121,Aftab Nagar,Medium
"Middle Badda, Badda",1340,3,3,30000,23.8646732,90.3907284,Badda,Low
"Sector 5, Uttara",2100,4,4,43000,22.3517735,91.8330525,Uttara,Medium
"Panchlaish Residential Area, 16 No. Chawk Bazaar Ward",2000,4,4,40000,23.8184723,90.4272477,16 No. Chawk Bazaar Ward,Medium
"Block C, Bashundhara R-A",2800,4,4,72000,23.775297,90.3593393,Bashundhara R-A,High
"Dhaka Housing Main Road, Shyamoli",1300,3,3,27000,23.7641281,90.4466991,Shyamoli,Medium
"Block A, Aftab Nagar",900,2,2,20000,23.7641281,90.4466991,Aftab Nagar,Medium
"Block E, Aftab Nagar",1600,3,3,30000,23.8772544,90.4136962,Aftab Nagar,Medium
"Faydabad, Dakshin Khan",1400,3,3,20000,23.884012,90.3883735,Dakshin Khan,Medium
"Sector 10, Uttara",1250,3,3,22000,23.8059448,90.44719797,Uttara,Medium
"Hill View R/A, Bayazid",1200,3,3,20000,23.7734642,90.3580005,Bayazid,Medium
"Baitul Aman Housing Society, Adabor",1500,3,3,20000,22.3589004,91.8125895,Adabor,Medium
"North Khulshi, Khulshi",2800,4,4,130000,23.7734642,90.3580005,Khulshi,Low
"Baitul Aman Housing Society, Adabor",1450,3,3,27000,22.3891916,91.8172069,Adabor,Medium
"Polytechnic, Bayazid",1600,4,4,22000,23.7641281,90.4466991,Bayazid,Medium
"Block K, Aftab Nagar",1400,4,4,23000,23.7798106,90.4237121,Aftab Nagar,Medium
"Middle Badda, Badda",1100,3,3,22000,23.7976561,90.4248906,Badda,Low
"Block J, Baridhara",2200,4,4,50000,23.8184723,90.4272477,Baridhara,High
"Block C, Bashundhara R-A",3500,4,4,110000,23.7947536,90.4143085,Bashundhara R-A,High
"Gulshan 2, Gulshan",2750,4,4,200000,23.7699247,90.3627728,Gulshan,High
"Metropalitan Cooperative Society, Mohammadpur",1400,3,3,25000,23.8713904,90.380721,Mohammadpur,Medium
"Sector 12, Uttara",2290,4,4,55000,23.820682,90.4349092,Uttara,Medium
"Block F, Bashundhara R-A",1975,3,3,35000,23.8244052,90.433141,Bashundhara R-A,High
"Block G, Bashundhara R-A",1450,3,3,26000,23.7734642,90.3580005,Bashundhara R-A,High
"Baitul Aman Housing Society, Adabor",1350,3,3,22000,23.7734642,90.3580005,Adabor,Medium
"Middle Badda, Badda",1340,3,3,30000,23.7798106,90.4237121,Badda,Low
"Block K, Baridhara",3500,4,4,260000,23.8028731,90.420766,Baridhara,High
"Sector 7, Uttara",1600,3,3,40000,23.871349,90.3972052,Uttara,Medium
"Block C, Bashundhara R-A",3500,4,4,110000,23.8184723,90.4272477,Bashundhara R-A,High
"Babar Road, Mohammadpur",1400,3,3,30000,23.7699684,90.366231,Mohammadpur,Medium
"Block D, Bashundhara R-A",2500,4,4,50000,23.8154814,90.433141,Bashundhara R-A,High
"Shahjadpur, Badda",1350,3,3,30000,23.7917066,90.4248906,Badda,Low
"Nasirabad Properties Residential Area, Khulshi",1500,4,4,30000,22.3586885,91.8141603,Khulshi,Low
"Middle Badda, Badda",1250,3,3,27000,23.7798106,90.4237121,Badda,Low
"Uttar Badda, Badda",1250,2,2,22000,23.7820433,90.4231228,Badda,Low
"Block C, Bashundhara R-A",1650,3,3,40000,23.8184723,90.4272477,Bashundhara R-A,High
"Block K, Baridhara",3600,5,5,220000,23.8028731,90.420766,Baridhara,High
"Hill View R/A, Bayazid",1300,3,3,20000,22.84611578,91.34614096,Bayazid,Medium
"Block G, Bashundhara R-A",1500,3,3,25000,23.8244052,90.433141,Bashundhara R-A,High
"Block C, Bashundhara R-A",3500,4,4,110000,23.8184723,90.4272477,Bashundhara R-A,High
"Block E, Banasree",1000,2,2,23000,23.7619353,90.433141,Banasree,Medium
"Sector 11, Uttara",2200,4,4,50000,23.8773155,90.3901397,Uttara,Medium
"Middle Badda, Badda",1340,3,3,30000,23.7798106,90.4237121,Badda,Low
"Baitul Aman Housing Society, Adabor",1250,3,3,20000,23.7734642,90.3580005,Adabor,Medium
"Block C, Bashundhara R-A",3500,4,4,110000,23.8184723,90.4272477,Bashundhara R-A,High
"Block K, Baridhara",2400,3,3,125000,23.8028731,90.420766,Baridhara,High
"Block A, Aftab Nagar",1250,3,3,25000,23.7641281,90.4466991,Aftab Nagar,Medium
"Baitul Aman Housing Society, Adabor",720,2,2,20000,23.7734642,90.3580005,Adabor,Medium
"Sector 7, Uttara",1480,3,3,50000,23.871349,90.3972052,Uttara,Medium
"West Khulshi, 9 No. North Pahartali Ward",1530,3,3,21000,22.3662719,91.8019761,9 No. North Pahartali Ward,Medium
"Uttar Badda, Badda",1250,2,2,22000,23.7820433,90.4231228,Badda,Low
"Block C, Bashundhara R-A",1150,3,3,22000,23.8184723,90.4272477,Bashundhara R-A,High
"Gulshan 1, Gulshan",2400,3,3,150000,23.7820624,90.4160527,Gulshan,High
"Sector 12, Uttara",950,2,2,20000,23.8713904,90.380721,Uttara,Medium
"Block E, Banasree",1500,3,3,26000,23.7619353,90.433141,Banasree,Medium
"Sector 12, Uttara",1800,4,4,28000,23.8713904,90.380721,Uttara,Medium
"Block A, Aftab Nagar",1400,3,3,24000,23.7641281,90.4466991,Aftab Nagar,Medium
"Block J, Banasree",950,2,2,21000,23.7619353,90.433141,Banasree,Medium
"Gulshan 2, Gulshan",4500,4,4,350000,23.7947536,90.4143085,Gulshan,High
"Block G, Banasree",1400,3,3,25000,23.7619353,90.433141,Banasree,Medium
"Block M, Banasree",1860,4,4,35000,23.7619353,90.433141,Banasree,Medium
"Sector 12, Uttara",2348,4,4,75000,23.8713904,90.380721,Uttara,Medium
"Block M, Banasree",1860,4,4,35000,23.7619353,90.433141,Banasree,Medium
"Gulshan 1, Gulshan",3500,4,4,100000,23.7820624,90.4160527,Gulshan,High
"Block I, Bashundhara R-A",1400,3,3,30000,23.8206687,90.4396248,Bashundhara R-A,High
"Polytechnic, Bayazid",1800,3,3,25000,22.3891916,91.8172069,Bayazid,Medium
"Block C, Banasree",1700,3,3,25000,23.7610623,90.4302394,Banasree,Medium
"Block C, Bashundhara R-A",2150,3,3,60000,23.8184723,90.4272477,Bashundhara R-A,High
"Block M, Banasree",1860,4,4,35000,23.7619353,90.433141,Banasree,Medium
"Block K, Baridhara",4000,4,4,420000,23.8028731,90.420766,Baridhara,High
"Nasirabad Properties Residential Area, Khulshi",1300,2,2,26000,22.3586885,91.8141603,Khulshi,Low
"Sector 4, Uttara",3000,4,4,65000,23.8624077,90.4042719,Uttara,Medium
"Sector 11, Uttara",700,2,2,25000,23.8773155,90.3901397,Uttara,Medium
"Shahjahan Road, Mohammadpur",1880,4,4,40000,23.7620692,90.3659243,Mohammadpur,Medium
"Nasirabad Properties Residential Area, Khulshi",1500,3,3,28000,22.3586885,91.8141603,Khulshi,Low
"Uttar Badda, Badda",1250,2,2,22000,23.7820433,90.4231228,Badda,Low
"Block D, Banasree",1500,3,3,30000,23.7619353,90.433141,Banasree,Medium
"Block K, Baridhara",2600,3,3,150000,23.8028731,90.420766,Baridhara,High
"Gulshan 2, Gulshan",2100,3,3,100000,23.7947536,90.4143085,Gulshan,High
"South Khulshi, Khulshi",2000,3,3,50000,22.3587138,91.8108977,Khulshi,Low
"North Khulshi, Khulshi",2800,4,4,130000,22.3589004,91.8125895,Khulshi,Low
"Sector 7, Uttara",2100,4,4,50000,23.871349,90.3972052,Uttara,Medium
"Gulshan 1, Gulshan",3500,4,4,90000,23.7820624,90.4160527,Gulshan,High
"South Khulshi, Khulshi",2000,3,3,35000,22.3587138,91.8108977,Khulshi,Low
"Shantibag, Malibagh",1300,3,3,35000,23.7433359,90.4191184,Malibagh,Medium
"Block K, Baridhara",3200,3,3,250000,23.8028731,90.420766,Baridhara,High
"South Khulshi, Khulshi",1400,4,4,30000,22.3587138,91.8108977,Khulshi,Low
"Chawk Bazar, 16 No. Chawk Bazaar Ward",1760,3,3,32000,22.3517735,91.8330525,16 No. Chawk Bazaar Ward,Medium
"Darussalam, Mirpur",1200,3,3,20000,23.7784999,90.3530666,Mirpur,Low
"Shahjadpur, Badda",1200,3,3,25000,23.7917066,90.4248906,Badda,Low
"North Khulshi, Khulshi",2800,5,5,90000,22.3589004,91.8125895,Khulshi,Low
"South Khulshi, Khulshi",2000,3,3,35000,22.3587138,91.8108977,Khulshi,Low
"Block D, Banasree",1500,3,3,30000,23.7619353,90.433141,Banasree,Medium
"Gulshan 1, Gulshan",2000,3,3,80000,23.7820624,90.4160527,Gulshan,High
"PC Culture Housing, Mohammadpur",900,2,2,23000,23.7680904,90.3518903,Mohammadpur,Medium
"Block K, Baridhara",4000,5,5,380000,23.8028731,90.420766,Baridhara,High
"West Rampura, Rampura",1200,3,3,27000,23.7642132,90.4160527,Rampura,Low
"West Rampura, Rampura",1170,3,3,30000,23.7642132,90.4160527,Rampura,Low
"West Rampura, Rampura",1000,2,2,23000,23.7642132,90.4160527,Rampura,Low
"Shantibag, Malibagh",1300,3,3,35000,23.7433359,90.4191184,Malibagh,Medium
"Block F, Bashundhara R-A",1550,3,3,50000,23.820682,90.4349092,Bashundhara R-A,High
"Gulshan 2, Gulshan",4200,4,4,350000,23.7947536,90.4143085,Gulshan,High
"Block H, Bashundhara R-A",1550,3,3,32000,23.8258759,90.4390353,Bashundhara R-A,High
"Gulshan 2, Gulshan",4000,4,4,190000,23.7947536,90.4143085,Gulshan,High
"South Khulshi, Khulshi",1100,2,2,22000,22.3587138,91.8108977,Khulshi,Low
"Outer Circular Road, Maghbazar",1750,3,3,35000,23.7485069,90.408629,Maghbazar,Medium
"Block E, Aftab Nagar",1240,3,3,21000,23.7641281,90.4466991,Aftab Nagar,Medium
"Mansurabad Housing Society, Adabor",1200,3,3,24000,23.7754356,90.3523821,Adabor,Medium
"Gulshan 2, Gulshan",3000,3,3,160000,23.7947536,90.4143085,Gulshan,High
"Ahmed Nagar, Mirpur",1450,2,2,20000,23.793741,90.3550304,Mirpur,Low
"Road No 2, Baridhara DOHS",1800,3,3,55000,23.8147607,90.4138273,Baridhara DOHS,Medium
"Sector 7, Uttara",1350,2,2,30000,23.871349,90.3972052,Uttara,Medium
"Block K, Baridhara",1921,3,3,140000,23.8028731,90.420766,Baridhara,High
"Block E, Bashundhara R-A",1480,3,3,37000,23.8110194,90.433141,Bashundhara R-A,High
"Gulshan 1, Gulshan",2200,3,3,75000,23.7820624,90.4160527,Gulshan,High
"North Adabor, Adabor",1500,3,3,30000,23.7734438,90.3586364,Adabor,Medium
"Gulshan 2, Gulshan",6852,5,5,700000,23.7947536,90.4143085,Gulshan,High
"Gulshan 2, Gulshan",3000,4,4,230000,23.7947536,90.4143085,Gulshan,High
"Sugandha Residential Area, Panchlaish",3000,4,4,60000,22.3644422,91.8324429,Panchlaish,Medium
29 No. West Madarbari Ward,1450,3,3,20000,22.328076,91.820863,29 No. West Madarbari Ward,Medium
"Gulshan 1, Gulshan",3000,4,4,200000,23.7820624,90.4160527,Gulshan,High
"Block B, Aftab Nagar",1600,3,3,30000,23.7641281,90.4466991,Aftab Nagar,Medium
"Nobodoy Housing Society, Mohammadpur",1050,3,3,20000,23.7640006,90.3515962,Mohammadpur,Medium
"25 No. Rampur Ward, Double Mooring",1650,3,3,25000,22.3402906,91.7940582,Double Mooring,Medium
"South Khulshi, Khulshi",1500,3,3,26000,22.3587138,91.8108977,Khulshi,Low
"Block D, Bashundhara R-A",2318,4,4,50000,23.8154814,90.433141,Bashundhara R-A,High
"South Khulshi, Khulshi",2000,3,3,50000,22.3587138,91.8108977,Khulshi,Low
"Nasirabad, 15 No. Bagmoniram Ward",1660,3,3,35000,22.3608208,91.8233007,15 No. Bagmoniram Ward,Medium
"Outer Circular Road, Maghbazar",1700,3,3,35000,23.7485069,90.408629,Maghbazar,Medium
"Yakub Future Park Housing, Khulshi",1500,3,3,23000,22.3664907,91.8059216,Khulshi,Low
"Block I, Bashundhara R-A",2400,4,4,55000,23.8206687,90.4396248,Bashundhara R-A,High
"Road No 2, Shyamoli",1315,3,3,21000,23.7746403,90.3659936,Shyamoli,Medium
"North Khulshi, Khulshi",2800,5,5,80000,22.3589004,91.8125895,Khulshi,Low
"Sector 7, Uttara",1500,3,3,60000,23.871349,90.3972052,Uttara,Medium
29 No. West Madarbari Ward,1450,3,3,20000,22.328076,91.820863,29 No. West Madarbari Ward,Medium
"Block C, Bashundhara R-A",1900,3,3,30000,23.8184723,90.4272477,Bashundhara R-A,High
"Gulshan 2, Gulshan",3850,4,4,300000,23.7947536,90.4143085,Gulshan,High
"South Khulshi, Khulshi",1650,3,3,35000,22.3587138,91.8108977,Khulshi,Low
"South Khulshi, Khulshi",2000,3,3,50000,22.3587138,91.8108977,Khulshi,Low
"Nasirabad Properties Residential Area, Khulshi",2000,4,4,35000,22.3586885,91.8141603,Khulshi,Low
"Block K, Baridhara",4700,5,5,300000,23.8028731,90.420766,Baridhara,High
"Block L, Bashundhara R-A",1850,4,4,23000,23.8206417,90.4490575,Bashundhara R-A,High
"Gulshan 2, Gulshan",3850,4,4,320000,23.7947536,90.4143085,Gulshan,High
"Gulshan 2, Gulshan",3850,4,4,320000,23.7947536,90.4143085,Gulshan,High
"Block K, Baridhara",3900,4,4,500000,23.8028731,90.420766,Baridhara,High
"North Khulshi, Khulshi",2800,5,5,80000,22.3589004,91.8125895,Khulshi,Low
"Section 1, Mirpur",1300,3,3,20000,23.8015639,90.3489496,Mirpur,Low
"Block C, Bashundhara R-A",1365,3,3,20000,23.8184723,90.4272477,Bashundhara R-A,High
"Road No 12, Banani",2430,3,3,110000,23.7918063,90.4081443,Banani,High
"Gulshan 2, Gulshan",3850,4,4,320000,23.7947536,90.4143085,Gulshan,High
"South Khulshi, Khulshi",2000,3,3,50000,22.3587138,91.8108977,Khulshi,Low
"Baitul Aman Housing, Mohammadpur",1225,3,3,20000,23.7710733,90.3483614,Mohammadpur,Medium
"Sector 6, Uttara",1800,3,3,37000,23.8713307,90.4042719,Uttara,Medium
"Gulshan 2, Gulshan",4220,4,4,300000,23.7947536,90.4143085,Gulshan,High
"PC Culture Housing, Mohammadpur",1250,4,4,22000,23.7680904,90.3518903,Mohammadpur,Medium
"Nasirabad Properties Residential Area, Khulshi",2600,4,4,41000,22.3586885,91.8141603,Khulshi,Low
"Gulshan 2, Gulshan",3850,4,4,320000,23.7947536,90.4143085,Gulshan,High
"Block K, Baridhara",3443,3,3,110000,23.8028731,90.420766,Baridhara,High
"Sector 1, Uttara",1600,4,4,70000,23.8587004,90.4001495,Uttara,Medium
"Block K, Baridhara",2200,3,3,85000,23.8028731,90.420766,Baridhara,High
7 No. West Sholoshohor Ward,1500,4,4,24000,22.374104,91.8342716,7 No. West Sholoshohor Ward,Medium
"Block L, Bashundhara R-A",1850,4,4,23000,23.8206417,90.4490575,Bashundhara R-A,High
"Block K, Baridhara",1500,2,2,115000,23.8028731,90.420766,Baridhara,High
"Block K, Baridhara",3900,5,5,400000,23.8028731,90.420766,Baridhara,High
"South Khulshi, Khulshi",1550,3,3,30000,22.3587138,91.8108977,Khulshi,Low
"South Banasree Project, Banasree",2200,3,3,30000,23.7634571,90.4272592,Banasree,Medium
"Gulshan 2, Gulshan",5400,5,5,500000,23.7947536,90.4143085,Gulshan,High
"Block K, Bashundhara R-A",1250,3,3,20000,23.8228845,90.4449304,Bashundhara R-A,High
"Block G, Bashundhara R-A",1530,3,3,30000,23.8244052,90.433141,Bashundhara R-A,High
"Sector 9, Uttara",1200,3,3,50000,23.8772975,90.3972052,Uttara,Medium
"Block K, Baridhara",4000,4,4,420000,23.8028731,90.420766,Baridhara,High
"Lake Circus Road, Kalabagan",1135,3,3,32000,23.7504963,90.3816811,Kalabagan,Medium
"Block J, Baridhara",2000,4,4,45000,23.7976561,90.4248906,Baridhara,High
"Block A, Bashundhara R-A",1887,4,4,38000,23.8136688,90.4295717,Bashundhara R-A,High
"Block F, Bashundhara R-A",1800,3,3,40000,23.820682,90.4349092,Bashundhara R-A,High
"Mansurabad Housing Society, Adabor",1300,3,3,23000,23.7754356,90.3523821,Adabor,Medium
"Block D, Aftab Nagar",1400,4,4,25000,23.7641281,90.4466991,Aftab Nagar,Medium
"Sector 12, Uttara",2600,4,4,125000,23.8713904,90.380721,Uttara,Medium
"Sector 4, Uttara",2000,3,3,65000,23.8624077,90.4042719,Uttara,Medium
"Nasirabad Properties Residential Area, Khulshi",2100,4,4,30000,22.3586885,91.8141603,Khulshi,Low
"Nasirabad Housing Society, Muradpur",1230,3,3,23000,22.3650739,91.8276288,Muradpur,Medium
"Block J, Bashundhara R-A",1250,3,3,25000,23.8228913,90.4425723,Bashundhara R-A,High
"Block J, Bashundhara R-A",1250,3,3,20000,23.8228913,90.4425723,Bashundhara R-A,High
"Block K, Baridhara",6300,5,5,350000,23.8028731,90.420766,Baridhara,High
"North Khulshi, Khulshi",1775,3,3,45000,22.3589004,91.8125895,Khulshi,Low
"Block A, Bashundhara R-A",1890,4,4,38000,23.8136688,90.4295717,Bashundhara R-A,High
"Block G, Bashundhara R-A",1500,3,3,25000,23.8244052,90.433141,Bashundhara R-A,High
"Block E, Aftab Nagar",1300,3,3,22000,23.7641281,90.4466991,Aftab Nagar,Medium
"Paikpara, Mirpur",1250,3,3,20000,23.7881532,90.3595372,Mirpur,Low
"Block K, Bashundhara R-A",1250,3,3,23000,23.8228845,90.4449304,Bashundhara R-A,High
"PC Culture Housing, Mohammadpur",900,2,2,22000,23.7680904,90.3518903,Mohammadpur,Medium
"South Banasree Project, Banasree",2200,3,3,30000,23.7634571,90.4272592,Banasree,Medium
"Block K, Baridhara",3305,4,4,200000,23.8028731,90.420766,Baridhara,High
"Block K, Bashundhara R-A",1350,3,3,20000,23.8228845,90.4449304,Bashundhara R-A,High
"PC Culture Housing, Mohammadpur",1250,3,3,21000,23.7680904,90.3518903,Mohammadpur,Medium
"Block C, Aftab Nagar",1590,4,4,27000,23.7610623,90.4302394,Aftab Nagar,Medium
"Baitul Aman Housing Society, Adabor",1200,3,3,20000,23.7734642,90.3580005,Adabor,Medium
"Gulshan 2, Gulshan",4000,4,4,220000,23.7947536,90.4143085,Gulshan,High
"Lake Circus Road, Kalabagan",1200,3,3,30000,23.7504963,90.3816811,Kalabagan,Medium
"Gulshan 2, Gulshan",3100,5,5,250000,23.7947536,90.4143085,Gulshan,High
"Block K, Baridhara",2900,3,3,200000,23.8028731,90.420766,Baridhara,High
"Sector 6, Uttara",1600,3,3,50000,23.8713307,90.4042719,Uttara,Medium
"Gulshan 2, Gulshan",5550,4,4,400000,23.7947536,90.4143085,Gulshan,High
"Sector 9, Uttara",1780,4,4,40000,23.8772975,90.3972052,Uttara,Medium
"Block C, Bashundhara R-A",1784,4,4,45000,23.8184723,90.4272477,Bashundhara R-A,High
"Block K, Baridhara",3000,4,4,250000,23.8028731,90.420766,Baridhara,High
"West Khulshi, 9 No. North Pahartali Ward",1250,3,3,20000,22.3662719,91.8019761,9 No. North Pahartali Ward,Medium
"Gulshan 2, Gulshan",2850,4,4,140000,23.7947536,90.4143085,Gulshan,High
"PC Culture Housing, Mohammadpur",1250,3,3,24000,23.7680904,90.3518903,Mohammadpur,Medium
"Block C, Bashundhara R-A",2200,5,5,90000,23.8184723,90.4272477,Bashundhara R-A,High
"Nasirabad Housing Society, Muradpur",2000,3,3,40000,22.3650739,91.8276288,Muradpur,Medium
"Gulshan 1, Gulshan",3000,4,4,180000,23.7820624,90.4160527,Gulshan,High
"Block E, Banasree",1400,3,3,30000,23.7619353,90.433141,Banasree,Medium
"Block C, Bashundhara R-A",1041,3,3,55000,23.8184723,90.4272477,Bashundhara R-A,High
"Gulshan 1, Gulshan",2000,2,2,110000,23.7820624,90.4160527,Gulshan,High
"Nasirabad Housing Society, Muradpur",2000,3,3,40000,22.3650739,91.8276288,Muradpur,Medium
"Gulshan 1, Gulshan",2000,3,3,90000,23.7820624,90.4160527,Gulshan,High
"Block C, Bashundhara R-A",1150,3,3,35000,23.8184723,90.4272477,Bashundhara R-A,High
"Al-Falah Housing Society, East Nasirabad",1600,3,3,25000,22.3666884,91.8222493,East Nasirabad,Medium
"Khilji Road, Mohammadpur",1100,3,3,36000,23.7725863,90.3664742,Mohammadpur,Medium
"West Khulshi, 9 No. North Pahartali Ward",1250,3,3,20000,22.3662719,91.8019761,9 No. North Pahartali Ward,Medium
"Block K, Baridhara",3000,4,4,350000,23.8028731,90.420766,Baridhara,High
"Block C, Bashundhara R-A",1650,3,3,27000,23.8184723,90.4272477,Bashundhara R-A,High
"Gulshan 2, Gulshan",2200,4,4,160000,23.7947536,90.4143085,Gulshan,High
"Block C, Bashundhara R-A",1650,4,4,36000,23.8184723,90.4272477,Bashundhara R-A,High
"Mohammadi Housing LTD., Mohammadpur",1250,2,2,24000,23.7627707,90.35188,Mohammadpur,Medium
"Gulshan 1, Gulshan",3700,4,4,280000,23.7820624,90.4160527,Gulshan,High
"Baitul Aman Housing Society, Adabor",1200,3,3,21000,23.7734642,90.3580005,Adabor,Medium
"Block K, Baridhara",3000,4,4,215000,23.8028731,90.420766,Baridhara,High
"Block K, Baridhara",3800,5,5,250000,23.8028731,90.420766,Baridhara,High
"Block C, Bashundhara R-A",2180,4,4,80000,23.8184723,90.4272477,Bashundhara R-A,High
"PC Culture Housing, Mohammadpur",1050,2,2,20000,23.7680904,90.3518903,Mohammadpur,Medium
"Gulshan 1, Gulshan",3343,4,4,140000,23.7820624,90.4160527,Gulshan,High
"1 No Railway Gate, Muradpur",1350,3,3,22000,22.54285911,91.64187044,Muradpur,Medium
"Block G, Bashundhara R-A",1800,4,4,75000,23.8244052,90.433141,Bashundhara R-A,High
"Kallyanpur, Mirpur",1250,3,3,20000,23.7822036,90.3595372,Mirpur,Low
"Block K, Bashundhara R-A",1200,3,3,20000,23.8228845,90.4449304,Bashundhara R-A,High
"Block K, Baridhara",2550,5,5,140000,23.8028731,90.420766,Baridhara,High
"Gulshan 2, Gulshan",5500,5,5,500000,23.7947536,90.4143085,Gulshan,High
"Gulshan 1, Gulshan",1800,3,3,90000,23.7820624,90.4160527,Gulshan,High
"Block L, Bashundhara R-A",1500,3,3,25000,23.8206417,90.4490575,Bashundhara R-A,High
"South Khulshi, Khulshi",2500,4,4,38000,22.3587138,91.8108977,Khulshi,Low
"Gulshan 1, Gulshan",3500,4,4,250000,23.7820624,90.4160527,Gulshan,High
"Block C, Bashundhara R-A",1600,3,3,80000,23.8184723,90.4272477,Bashundhara R-A,High
"Block C, Bashundhara R-A",1400,3,3,25000,23.8184723,90.4272477,Bashundhara R-A,High
"Nasirabad Housing Society, Muradpur",1600,3,3,30000,22.3650739,91.8276288,Muradpur,Medium
"Block E, Aftab Nagar",1400,3,3,25000,23.7641281,90.4466991,Aftab Nagar,Medium
"South Khulshi, Khulshi",1300,3,3,25000,22.3587138,91.8108977,Khulshi,Low
"Gulshan 1, Gulshan",2500,4,4,250000,23.7820624,90.4160527,Gulshan,High
"Block K, Baridhara",1700,3,3,110000,23.8028731,90.420766,Baridhara,High
"Outer Circular Road, Maghbazar",1589,3,3,35000,23.7485069,90.408629,Maghbazar,Medium
"Block K, Baridhara",3200,4,4,250000,23.8028731,90.420766,Baridhara,High
"Block C, Bashundhara R-A",3500,4,4,300000,23.8184723,90.4272477,Bashundhara R-A,High
"Block D, Banasree",1800,3,3,55000,23.7619353,90.433141,Banasree,Medium
"Block G, Banasree",1485,3,3,24000,23.7619353,90.433141,Banasree,Medium
"Block K, Baridhara",4500,4,4,450000,23.8028731,90.420766,Baridhara,High
"Gulshan 1, Gulshan",3100,3,3,200000,23.7820624,90.4160527,Gulshan,High
"Block C, Bashundhara R-A",1400,3,3,27000,23.8184723,90.4272477,Bashundhara R-A,High
"South Khulshi, Khulshi",1400,3,3,30000,22.3587138,91.8108977,Khulshi,Low
"South Khulshi, Khulshi",2600,3,3,75000,22.3587138,91.8108977,Khulshi,Low
"Block K, Baridhara",4400,4,4,270000,23.8028731,90.420766,Baridhara,High
"Sector 12, Uttara",1500,3,3,30000,23.8713904,90.380721,Uttara,Medium
"West Rampura, Rampura",970,2,2,26000,23.7642132,90.4160527,Rampura,Low
"Shahjadpur, Badda",1200,3,3,24000,23.7917066,90.4248906,Badda,Low
"Nobodoy Housing Society, Mohammadpur",1100,3,3,20000,23.7640006,90.3515962,Mohammadpur,Medium
"Baitul Aman Housing Society, Adabor",1442,3,3,20000,23.7734642,90.3580005,Adabor,Medium
"Block C, Bashundhara R-A",2750,4,4,120000,23.8184723,90.4272477,Bashundhara R-A,High
"Block K, Baridhara",3500,4,4,270000,23.8028731,90.420766,Baridhara,High
"Block E, Bashundhara R-A",1515,3,3,37000,23.8110194,90.433141,Bashundhara R-A,High
"Tajmahal Road, Mohammadpur",1350,3,3,40000,23.764683,90.3621536,Mohammadpur,Medium
"Tajmahal Road, Mohammadpur",870,2,2,22000,23.764683,90.3621536,Mohammadpur,Medium
"Kallyanpur, Mirpur",1216,3,3,24000,23.7822036,90.3595372,Mirpur,Low
"West Khulshi, 9 No. North Pahartali Ward",1250,3,3,20000,22.3662719,91.8019761,9 No. North Pahartali Ward,Medium
"Sector 14, Uttara",1100,2,2,35000,23.8676564,90.3871961,Uttara,Medium
"Road No 4, Baridhara DOHS",2600,5,5,120000,23.8137806,90.4134731,Baridhara DOHS,Medium
"Gulshan 2, Gulshan",3000,4,4,111000,23.7947536,90.4143085,Gulshan,High
"Block C, Bashundhara R-A",1800,3,3,35000,23.8184723,90.4272477,Bashundhara R-A,High
"Block C, Bashundhara R-A",1300,3,3,25000,23.8184723,90.4272477,Bashundhara R-A,High
"Mirpur Road, Shyamoli",1500,3,3,26000,23.7743581,90.3661009,Shyamoli,Medium
"Baitul Aman Housing Society, Adabor",1550,3,3,30000,23.7734642,90.3580005,Adabor,Medium
"Block J, Bashundhara R-A",1300,3,3,23000,23.8228913,90.4425723,Bashundhara R-A,High
"Road No 2, Shyamoli",1750,4,4,27000,23.7746403,90.3659936,Shyamoli,Medium
"Block J, Bashundhara R-A",1250,3,3,25000,23.8228913,90.4425723,Bashundhara R-A,High
"Block H, Aftab Nagar",1600,3,3,26000,24.9380265,67.0479484,Aftab Nagar,Medium
"Block D, Bashundhara R-A",1800,3,3,42000,23.8154814,90.433141,Bashundhara R-A,High
"Sector 6, Uttara",2200,4,4,55000,23.8713307,90.4042719,Uttara,Medium
"Gulshan 2, Gulshan",2400,4,4,130000,23.7947536,90.4143085,Gulshan,High
"North Khulshi, Khulshi",1600,3,3,60000,22.3589004,91.8125895,Khulshi,Low
"Mohammadia Housing Society, Mohammadpur",1250,3,3,22000,23.76362,90.3554194,Mohammadpur,Medium
"Block K, Baridhara",4200,4,4,280000,23.8028731,90.420766,Baridhara,High
"Uttar Badda, Badda",1350,3,3,24000,23.7820433,90.4231228,Badda,Low
"Sector 5, Uttara",1800,3,3,70000,23.8646732,90.3907284,Uttara,Medium
"Gulshan 2, Gulshan",2000,3,3,100000,23.7947536,90.4143085,Gulshan,High
"South Khulshi, Khulshi",1650,3,3,35000,22.3587138,91.8108977,Khulshi,Low
"Purana Paltan, Motijheel",1200,3,3,30000,23.7322458,90.4107509,Motijheel,Medium
"Block C, Bashundhara R-A",1500,4,4,25000,23.8184723,90.4272477,Bashundhara R-A,High
"Block C, Bashundhara R-A",1463,4,4,30000,23.8184723,90.4272477,Bashundhara R-A,High
"Block C, Bashundhara R-A",1550,3,3,45000,23.8184723,90.4272477,Bashundhara R-A,High
"Block E, Banasree",1350,3,3,30000,23.7619353,90.433141,Banasree,Medium
"Baitul Aman Housing Society, Adabor",1400,3,3,28000,23.7734642,90.3580005,Adabor,Medium
"Baitul Aman Housing Society, Adabor",1250,3,3,22000,23.7734642,90.3580005,Adabor,Medium
"Block C, Bashundhara R-A",1550,3,3,60000,23.8184723,90.4272477,Bashundhara R-A,High
"North Khulshi, Khulshi",2300,4,4,60000,22.3589004,91.8125895,Khulshi,Low
"Block K, Baridhara",3200,4,4,240000,23.8028731,90.420766,Baridhara,High
"Block K, Baridhara",4550,4,4,350000,23.8028731,90.420766,Baridhara,High
"Pirerbag, Mirpur",1700,4,4,30000,23.7911115,90.3665972,Mirpur,Low
"Block C, Bashundhara R-A",1800,4,4,100000,23.8184723,90.4272477,Bashundhara R-A,High
"Block C, Bashundhara R-A",1500,3,3,30000,23.8184723,90.4272477,Bashundhara R-A,High
"Block B, Aftab Nagar",1600,3,3,30000,23.7641281,90.4466991,Aftab Nagar,Medium
"Humayun Road, Mohammadpur",1050,2,2,24000,23.7673797,90.3647735,Mohammadpur,Medium
"Block C, Bashundhara R-A",1700,3,3,20000,23.8184723,90.4272477,Bashundhara R-A,High
"Bizlymoholla Road, Mohammadpur",1190,2,2,22000,23.7701957,90.3608695,Mohammadpur,Medium
"Block B, Bashundhara R-A",1500,4,4,32000,23.8140104,90.4272477,Bashundhara R-A,High
"Gulshan 2, Gulshan",3740,5,5,240000,23.7947536,90.4143085,Gulshan,High
"Gulshan 1, Gulshan",2200,4,4,90000,23.7820624,90.4160527,Gulshan,High
"Katashur, Mohammadpur",1400,3,3,24000,23.7546518,90.3617512,Mohammadpur,Medium
"Tajmahal Road, Mohammadpur",870,2,2,22000,23.764683,90.3621536,Mohammadpur,Medium
"Gulshan 1, Gulshan",2600,4,4,220000,23.7820624,90.4160527,Gulshan,High
"Block C, Bashundhara R-A",1150,2,2,40000,23.8184723,90.4272477,Bashundhara R-A,High
"Pirerbag, Mirpur",1350,3,3,25000,23.7911115,90.3665972,Mirpur,Low
"Block C, Bashundhara R-A",1100,2,2,38500,23.8184723,90.4272477,Bashundhara R-A,High
"Road No 4, Baridhara",4000,4,4,400000,23.8022251,90.420055,Baridhara,High
"Gulshan 1, Gulshan",2000,3,3,100000,23.7820624,90.4160527,Gulshan,High
"PC Culture Housing, Mohammadpur",1450,3,3,25000,23.7680904,90.3518903,Mohammadpur,Medium
"Bizlymoholla Road, Mohammadpur",1390,2,2,24000,23.7701957,90.3608695,Mohammadpur,Medium
"Dolphin Goli Road, Kalabagan",1500,3,3,45000,23.7509539,90.3800274,Kalabagan,Medium
"Gulshan 1, Gulshan",2600,4,4,200000,23.7820624,90.4160527,Gulshan,High
"Baitul Aman Housing Society, Adabor",1200,2,2,20000,23.7734642,90.3580005,Adabor,Medium
"Road No 4, Baridhara",4000,4,4,400000,23.8022251,90.420055,Baridhara,High
"Baitul Aman Housing Society, Adabor",1456,3,3,23000,23.7734642,90.3580005,Adabor,Medium
"Gulshan 2, Gulshan",4000,5,5,150000,23.7947536,90.4143085,Gulshan,High
"Mohammadi Housing LTD., Mohammadpur",1050,2,2,22000,23.7627707,90.35188,Mohammadpur,Medium
"Gulshan 2, Gulshan",2800,3,3,110000,23.7947536,90.4143085,Gulshan,High
"Humayun Road, Mohammadpur",1050,2,2,30000,23.7673797,90.3647735,Mohammadpur,Medium
"Section 1, Mirpur",1255,3,3,20000,23.8015639,90.3489496,Mirpur,Low
"Nasirabad, 15 No. Bagmoniram Ward",1900,5,5,50000,22.3608208,91.8233007,15 No. Bagmoniram Ward,Medium
"Block F, Banasree",1495,3,3,32000,23.7604313,90.4390353,Banasree,Medium
"Block K, Baridhara",3200,4,4,235000,23.8028731,90.420766,Baridhara,High
"Block G, Bashundhara R-A",2200,4,4,36000,23.8244052,90.433141,Bashundhara R-A,High
"Block I Extension, Bashundhara R-A",2400,4,4,50000,23.8206687,90.4396248,Bashundhara R-A,High
"Gulshan 1, Gulshan",2150,4,4,110000,23.7820624,90.4160527,Gulshan,High
"South Khulshi, Khulshi",2000,3,3,100000,22.3587138,91.8108977,Khulshi,Low
"Bizlymoholla Road, Mohammadpur",1390,3,3,25000,23.7701957,90.3608695,Mohammadpur,Medium
"Block K, Baridhara",3000,4,4,120000,23.8028731,90.420766,Baridhara,High
"Sector 12, Uttara",2200,6,6,60000,23.8713904,90.380721,Uttara,Medium
"Block C, Bashundhara R-A",1300,3,3,60000,23.8184723,90.4272477,Bashundhara R-A,High
"Sector 7, Uttara",1200,2,2,30000,23.871349,90.3972052,Uttara,Medium
"Sector 12, Uttara",1500,3,3,55000,23.8713904,90.380721,Uttara,Medium
"North Goran, Goran, Khilgaon, Khilgaon",1100,2,2,20000,23.7519115,90.4323094,Khilgaon,Low
"Sector 6, Uttara",2150,4,4,100000,23.8713307,90.4042719,Uttara,Medium
"Khilgaon Chowrasta,  Dhaka
                                North Goran, Goran, Khilgaon, Khilgaon",1100,2,2,21000,23.7519115,90.4323094,Khilgaon,Low
"Sector 12, Uttara",950,2,2,40000,23.8713904,90.380721,Uttara,Medium
"Block D, Bashundhara R-A",2200,3,3,50000,23.8154814,90.433141,Bashundhara R-A,High
"Block C, Bashundhara R-A",1300,3,3,30000,23.8184723,90.4272477,Bashundhara R-A,High
"Sector 12, Uttara",950,2,2,30000,23.8713904,90.380721,Uttara,Medium
"Sector 13, Uttara",1500,3,3,35000,23.8713728,90.3877848,Uttara,Medium
"Block A, Bashundhara R-A",2150,5,5,33000,23.8136688,90.4295717,Bashundhara R-A,High
"aziz Moholla, Mohammadpur",1200,2,2,20000,23.7661386,90.3587745,Mohammadpur,Medium
"Baitul Aman Housing Society, Adabor",1300,3,3,21000,23.7734642,90.3580005,Adabor,Medium
"Block C, Bashundhara R-A",1100,2,2,20000,23.8184723,90.4272477,Bashundhara R-A,High
"Block E, Bashundhara R-A",1975,4,4,48000,23.8110194,90.433141,Bashundhara R-A,High
"Block C, Aftab Nagar",1100,2,2,22000,23.7610623,90.4302394,Aftab Nagar,Medium
"Sector 7, Uttara",2145,3,3,80000,23.871349,90.3972052,Uttara,Medium
"Block J, Bashundhara R-A",2500,4,4,50000,23.8228913,90.4425723,Bashundhara R-A,High
"Sector 6, Uttara",3100,4,4,63000,23.8713307,90.4042719,Uttara,Medium
"Block C, Bashundhara R-A",1296,3,3,20000,23.8184723,90.4272477,Bashundhara R-A,High
"Poribagh Road Number 2, Paribagh",1600,3,3,35000,23.7426246,90.3941669,Paribagh,Medium
"Block E, Aftab Nagar",1600,3,3,30000,23.7641281,90.4466991,Aftab Nagar,Medium
"Free School Street, Kathalbagan",1600,3,3,35000,23.745521,90.3896983,Kathalbagan,Medium
"Patharghata, Kotwali",1050,2,2,22000,22.3337879,91.8428065,Kotwali,Medium
"Gulshan 2, Gulshan",3554,5,5,240000,23.7947536,90.4143085,Gulshan,High
"Block K, Baridhara",3000,4,4,140000,23.8028731,90.420766,Baridhara,High
"24 No. North Agrabad Ward, Double Mooring",1250,3,3,20000,22.3327212,91.8050218,Double Mooring,Medium
"PC Culture Housing, Mohammadpur",1450,3,3,25000,23.7680904,90.3518903,Mohammadpur,Medium
"Block C, Bashundhara R-A",1650,3,3,32000,23.8184723,90.4272477,Bashundhara R-A,High
"Block J, Bashundhara R-A",2500,4,4,50000,23.8228913,90.4425723,Bashundhara R-A,High
"Babar Road, Mohammadpur",1250,3,3,30000,23.7699684,90.366231,Mohammadpur,Medium
"Sector 13, Uttara",2500,5,5,35000,23.8713728,90.3877848,Uttara,Medium
"Road No 4, Baridhara DOHS",2600,4,4,110000,23.8137806,90.4134731,Baridhara DOHS,Medium
"Gulshan 2, Gulshan",1500,3,3,200000,23.7947536,90.4143085,Gulshan,High
"South Banasree Project, Banasree",2250,3,3,26000,23.7634571,90.4272592,Banasree,Medium
"Block K, Baridhara",2200,3,3,110000,23.8028731,90.420766,Baridhara,High
"Block G, Bashundhara R-A",1500,3,3,25000,23.8244052,90.433141,Bashundhara R-A,High
"Baitul Aman Housing Society, Adabor",1400,3,3,25000,23.7734642,90.3580005,Adabor,Medium
"Gulshan 2, Gulshan",3000,4,4,150000,23.7947536,90.4143085,Gulshan,High
"Block K, Baridhara",2300,3,3,85000,23.8028731,90.420766,Baridhara,High
"Govt Girls High School Road, East Nasirabad",1800,3,3,27000,22.3692903,91.8206016,East Nasirabad,Medium
"Road No 1, Jalalabad Housing Society",1450,3,3,20000,22.3707543,91.8007579,Jalalabad Housing Society,Medium
"Gulshan 2, Gulshan",3200,4,4,200000,23.7947536,90.4143085,Gulshan,High
"Babar Road, Mohammadpur",1800,4,4,33000,23.7699684,90.366231,Mohammadpur,Medium
"Baitul Aman Housing Society, Adabor",1640,3,3,30000,23.7734642,90.3580005,Adabor,Medium
"South Badda, Badda",1375,3,3,30000,23.7753515,90.4225336,Badda,Low
"South Khulshi, Khulshi",1650,3,3,35000,22.3587138,91.8108977,Khulshi,Low
"Chowdhuripara, Khilgaon",1250,3,3,28000,23.7537913,90.4195876,Khilgaon,Low
"Block G, Aftab Nagar",1400,3,3,20000,23.7641281,90.4466991,Aftab Nagar,Medium
"Block G, Banasree",1400,3,3,25000,23.7619353,90.433141,Banasree,Medium
"Block C, Bashundhara R-A",3500,5,5,50000,23.8184723,90.4272477,Bashundhara R-A,High
"Block C, Aftab Nagar",2300,4,4,55000,23.7610623,90.4302394,Aftab Nagar,Medium
"Block E, Aftab Nagar",1000,2,2,22000,23.7641281,90.4466991,Aftab Nagar,Medium
"Block C, Bashundhara R-A",1200,2,2,26000,23.8184723,90.4272477,Bashundhara R-A,High
"Block G, Aftab Nagar",1400,3,3,20000,23.7641281,90.4466991,Aftab Nagar,Medium
"Shahjadpur, Badda",1700,3,3,35000,23.7917066,90.4248906,Badda,Low
"Block B, Banasree",1200,3,3,24000,23.7619353,90.433141,Banasree,Medium
"Uttar Badda, Badda",1150,3,3,20000,23.7820433,90.4231228,Badda,Low
"Block F, Aftab Nagar",1350,3,3,23000,23.7641281,90.4466991,Aftab Nagar,Medium
"Block A, Aftab Nagar",900,2,2,20000,23.7641281,90.4466991,Aftab Nagar,Medium
"Gulshan 2, Gulshan",2200,4,4,150000,23.7947536,90.4143085,Gulshan,High
"South Khulshi, Khulshi",1650,3,3,35000,22.3587138,91.8108977,Khulshi,Low
"Block E, Bashundhara R-A",1510,3,3,37000,23.8110194,90.433141,Bashundhara R-A,High
"Khulshi Green Housing Society, Khulshi",1600,3,3,24000,22.3650356,91.8085473,Khulshi,Low
"Block G, Banasree",1400,3,3,25000,23.7619353,90.433141,Banasree,Medium
"Sector 4, Uttara",1995,3,3,45000,23.8624077,90.4042719,Uttara,Medium
"Block G, Banasree",1400,3,3,25000,23.7619353,90.433141,Banasree,Medium
"Block B, Aftab Nagar",1250,3,3,25000,23.7641281,90.4466991,Aftab Nagar,Medium
"Block E, Bashundhara R-A",1480,3,3,37000,23.8110194,90.433141,Bashundhara R-A,High
"Block E, Bashundhara R-A",1420,3,3,50000,23.8110194,90.433141,Bashundhara R-A,High
"Block C, Bashundhara R-A",2350,4,4,66000,23.8184723,90.4272477,Bashundhara R-A,High
"Naya Paltan, Motijheel",1080,2,2,28000,23.7344694,90.4136962,Motijheel,Medium
"Nasirabad, 15 No. Bagmoniram Ward",1800,3,3,35000,22.3608208,91.8233007,15 No. Bagmoniram Ward,Medium
"Block E, Bashundhara R-A",1480,3,3,37000,23.8110194,90.433141,Bashundhara R-A,High
"Block E, Bashundhara R-A",1480,3,3,37000,23.8110194,90.433141,Bashundhara R-A,High
"Block C, Bashundhara R-A",1540,3,3,70000,23.8184723,90.4272477,Bashundhara R-A,High
"Block G, Bashundhara R-A",1500,3,3,30000,23.8244052,90.433141,Bashundhara R-A,High
"Block J, Bashundhara R-A",1250,3,3,25000,23.8228913,90.4425723,Bashundhara R-A,High
"Block F, Banasree",1600,3,3,25000,23.7604313,90.4390353,Banasree,Medium
"Block K, Baridhara",4000,4,4,420000,23.8028731,90.420766,Baridhara,High
"Block J, Banasree",950,2,2,21000,23.7619353,90.433141,Banasree,Medium
"Block L, Bashundhara R-A",1150,3,3,25000,23.8206417,90.4490575,Bashundhara R-A,High
"Block H, Bashundhara R-A",1550,3,3,28000,23.8258759,90.4390353,Bashundhara R-A,High
"Sector 11, Uttara",1900,3,3,25000,23.8773155,90.3901397,Uttara,Medium
"Block J, Banasree",950,2,2,21000,23.7619353,90.433141,Banasree,Medium
"Block C, Bashundhara R-A",1600,3,3,35000,23.8184723,90.4272477,Bashundhara R-A,High
"Sector 12, Uttara",950,2,2,20000,23.8713904,90.380721,Uttara,Medium
"Chawk Bazar, 16 No. Chawk Bazaar Ward",1900,3,3,41000,22.3517735,91.8330525,16 No. Chawk Bazaar Ward,Medium
"Block E, Aftab Nagar",1325,3,3,20000,23.7641281,90.4466991,Aftab Nagar,Medium
"Block I, Bashundhara R-A",2100,4,4,40000,23.8206687,90.4396248,Bashundhara R-A,High
"Block E, Aftab Nagar",1680,3,3,27000,23.7641281,90.4466991,Aftab Nagar,Medium
"Block J, Bashundhara R-A",2100,3,3,40000,23.8228913,90.4425723,Bashundhara R-A,High
"Block E, Banasree",1250,3,3,24000,23.7619353,90.433141,Banasree,Medium
"Khilbari Tek, Badda",1150,2,2,21000,23.7916903,90.4307836,Badda,Low
"Block G, Banasree",1500,4,4,32000,23.7619353,90.433141,Banasree,Medium
"Baitul Aman Housing Society, Adabor",1400,3,3,20000,23.7734642,90.3580005,Adabor,Medium
"Block C, Bashundhara R-A",2100,4,4,90000,23.8184723,90.4272477,Bashundhara R-A,High
"Block G, Banasree",1100,2,2,22000,23.7619353,90.433141,Banasree,Medium
"Block L, Bashundhara R-A",1150,3,3,25000,23.8206417,90.4490575,Bashundhara R-A,High
"Block K, Baridhara",3515,4,4,300000,23.8028731,90.420766,Baridhara,High
"Block D, Bashundhara R-A",2800,5,5,55000,23.8154814,90.433141,Bashundhara R-A,High
"Block L, Bashundhara R-A",1150,3,3,25000,23.8206417,90.4490575,Bashundhara R-A,High
"Gulshan 2, Gulshan",2700,4,4,200000,23.7947536,90.4143085,Gulshan,High
"Block G, Aftab Nagar",1150,3,3,20000,23.7641281,90.4466991,Aftab Nagar,Medium
"Block E, Aftab Nagar",1430,3,3,25000,23.7641281,90.4466991,Aftab Nagar,Medium
"Block G, Banasree",1100,2,2,22000,23.7619353,90.433141,Banasree,Medium
"Block C, Bashundhara R-A",1100,2,2,35000,23.8184723,90.4272477,Bashundhara R-A,High
"Gulshan 2, Gulshan",1550,3,3,90000,23.7947536,90.4143085,Gulshan,High
"Gulshan 2, Gulshan",4200,5,5,400000,23.7947536,90.4143085,Gulshan,High
"Uttar Badda, Badda",1100,3,3,22000,23.7820433,90.4231228,Badda,Low
"Block J, Bashundhara R-A",1250,3,3,25000,23.8228913,90.4425723,Bashundhara R-A,High
"Tejkunipara, Tejgaon",1580,3,3,48000,23.7612995,90.3924947,Tejgaon,Medium
"Block L, Bashundhara R-A",1150,3,3,25000,23.8206417,90.4490575,Bashundhara R-A,High
"Block K, Baridhara",3500,4,4,320000,23.8028731,90.420766,Baridhara,High
"Road No 4, Jalalabad Housing Society",1200,3,3,20000,22.3707543,91.8007579,Jalalabad Housing Society,Medium
"Sector 4, Uttara",2440,5,5,45000,23.8624077,90.4042719,Uttara,Medium
"South Khulshi, Khulshi",1650,3,3,35000,22.3587138,91.8108977,Khulshi,Low
"Block C, Bashundhara R-A",1500,3,3,21000,23.8184723,90.4272477,Bashundhara R-A,High
"Gulshan 2, Gulshan",2130,3,3,100000,23.7947536,90.4143085,Gulshan,High
"Gulshan 1, Gulshan",2000,3,3,100000,23.7820624,90.4160527,Gulshan,High
"Block C, Bashundhara R-A",1400,3,3,22000,23.8184723,90.4272477,Bashundhara R-A,High
"Block A, Banasree",1100,2,2,20000,23.7645587,90.4257745,Banasree,Medium
"24 No. North Agrabad Ward, Double Mooring",1110,3,3,20000,22.3327212,91.8050218,Double Mooring,Medium
"Nasirabad Housing Society, Muradpur",1300,3,3,30000,22.3650739,91.8276288,Muradpur,Medium
"Block C, Bashundhara R-A",1450,4,4,35000,23.8184723,90.4272477,Bashundhara R-A,High
"Block F, Bashundhara R-A",1800,3,3,35000,23.820682,90.4349092,Bashundhara R-A,High
"Tejkunipara, Tejgaon",1690,3,3,53000,23.7612995,90.3924947,Tejgaon,Medium
"Block C, Bashundhara R-A",1100,3,3,25000,23.8184723,90.4272477,Bashundhara R-A,High
"Block K, Baridhara",4000,4,4,220000,23.8028731,90.420766,Baridhara,High
"Block A, Aftab Nagar",1450,3,3,23000,23.7641281,90.4466991,Aftab Nagar,Medium
"Ashkar Dighir Par, Jamal Khan",1000,2,2,20000,22.3466078,91.8287858,Jamal Khan,Medium
"Nikunja 2, Nikunja",750,2,2,21000,23.8318836,90.4178201,Nikunja,Medium
"Block J, Baridhara",1300,3,3,40000,23.7976561,90.4248906,Baridhara,High
"Block J, Bashundhara R-A",1250,3,3,35000,23.8228913,90.4425723,Bashundhara R-A,High
"Block I, Bashundhara R-A",2000,4,4,32000,23.8206687,90.4396248,Bashundhara R-A,High
"Block A, Bashundhara R-A",2000,4,4,40000,23.8136688,90.4295717,Bashundhara R-A,High
"Block F, Banasree",1800,4,4,40000,23.7604313,90.4390353,Banasree,Medium
"Hill View R/A, Bayazid",1250,3,3,20000,22.84611578,91.34614096,Bayazid,Medium
"Block C, Bashundhara R-A",2000,2,2,130000,23.8184723,90.4272477,Bashundhara R-A,High
"Vatara, Badda",1200,2,2,21000,23.8002468,90.4293102,Badda,Low
"Khilji Road, Shyamoli",1650,3,3,40000,23.7725863,90.3664742,Shyamoli,Medium
"Gulshan 2, Gulshan",3600,4,4,310000,23.7947536,90.4143085,Gulshan,High
"Block E, Aftab Nagar",1400,3,3,25000,23.7641281,90.4466991,Aftab Nagar,Medium
"Chattogram DOHS, Bayazid",1400,3,3,23000,22.394706,91.8129373,Bayazid,Medium
"Nasirabad Properties Residential Area, Khulshi",1750,3,3,40000,22.3586885,91.8141603,Khulshi,Low
"Block D, Bashundhara R-A",2700,3,3,65000,23.8154814,90.433141,Bashundhara R-A,High
"Block C, Bashundhara R-A",1550,3,3,30000,23.8184723,90.4272477,Bashundhara R-A,High
"Uttar Badda, Badda",1480,3,3,28000,23.7820433,90.4231228,Badda,Low
"Cosmopolitan R/A, 7 No. West Sholoshohor Ward",1400,4,4,22000,22.369592,91.8212063,7 No. West Sholoshohor Ward,Medium
"Kallyanpur, Mirpur",1400,3,3,22000,23.7822036,90.3595372,Mirpur,Low
"Block A, Bashundhara R-A",2000,4,4,40000,23.8136688,90.4295717,Bashundhara R-A,High
"Nasirabad Properties Residential Area, Khulshi",1750,3,3,44000,22.3586885,91.8141603,Khulshi,Low
"Shahjadpur, Badda",1400,3,3,30000,23.7917066,90.4248906,Badda,Low
"Al-Falah Housing Society, East Nasirabad",1600,3,3,25000,22.3666884,91.8222493,East Nasirabad,Medium
"Block G, Bashundhara R-A",1530,3,3,28000,23.8244052,90.433141,Bashundhara R-A,High
"Block A, Bashundhara R-A",2000,4,4,40000,23.8136688,90.4295717,Bashundhara R-A,High
"Nasirabad Housing Society, Muradpur",1850,3,3,50000,22.3650739,91.8276288,Muradpur,Medium
"South Khulshi, Khulshi",1800,3,3,40000,22.3587138,91.8108977,Khulshi,Low
"Block B, Banasree",1100,2,2,24000,23.7619353,90.433141,Banasree,Medium
"Hill View R/A, Bayazid",1430,3,3,20000,22.84611578,91.34614096,Bayazid,Medium
"Block B, Banasree",1150,3,3,25000,23.7619353,90.433141,Banasree,Medium
"Block A, Bashundhara R-A",2200,5,5,35000,23.8136688,90.4295717,Bashundhara R-A,High
"Al-Falah Housing Society, East Nasirabad",1600,3,3,25000,22.3666884,91.8222493,East Nasirabad,Medium
"Sector 1, Uttara",2800,3,3,45000,23.8587004,90.4001495,Uttara,Medium
7 No. West Sholoshohor Ward,1700,3,3,35000,22.374104,91.8342716,7 No. West Sholoshohor Ward,Medium
"West Rampura, Rampura",1850,4,4,35000,23.7642132,90.4160527,Rampura,Low
"Block C, Bashundhara R-A",1500,3,3,40000,23.8184723,90.4272477,Bashundhara R-A,High
"Block C, Aftab Nagar",1075,3,3,20000,23.7610623,90.4302394,Aftab Nagar,Medium
"Block C, Bashundhara R-A",2700,4,4,70000,23.8184723,90.4272477,Bashundhara R-A,High
"Shekhertek, Mohammadpur",1300,3,3,20000,23.7690369,90.3564515,Mohammadpur,Medium
"Block C, Bashundhara R-A",1100,2,2,22000,23.8184723,90.4272477,Bashundhara R-A,High
"Uttar Badda, Badda",1050,3,3,25000,23.7820433,90.4231228,Badda,Low
Agargaon,1750,4,4,30000,23.7791954,90.3736584,Agargaon,Medium
"Block C, Bashundhara R-A",1200,3,3,20000,23.8184723,90.4272477,Bashundhara R-A,High
"Block C, Bashundhara R-A",2500,5,5,90000,23.8184723,90.4272477,Bashundhara R-A,High
"Middle Badda, Badda",1350,3,3,28000,23.7798106,90.4237121,Badda,Low
"Block C, Bashundhara R-A",1890,3,3,30000,23.8184723,90.4272477,Bashundhara R-A,High
"Dhaka Housing Main Road, Shyamoli",1400,3,3,25000,23.775297,90.3593393,Shyamoli,Medium
7 No. West Sholoshohor Ward,1700,3,3,35000,22.374104,91.8342716,7 No. West Sholoshohor Ward,Medium
"Block E, Banasree",1540,3,3,25000,23.7619353,90.433141,Banasree,Medium
"Sector 9, Uttara",1900,4,4,35000,23.8772975,90.3972052,Uttara,Medium
"Bosila, Mohammadpur",1150,3,3,22000,23.7550944,90.3589375,Mohammadpur,Medium
"Ahmed Nagar, Mirpur",1250,3,3,20000,23.793741,90.3550304,Mirpur,Low
"Block C, Aftab Nagar",1285,3,3,23000,23.7610623,90.4302394,Aftab Nagar,Medium
"Block C, Bashundhara R-A",1300,4,4,28000,23.8184723,90.4272477,Bashundhara R-A,High
"Block K, Aftab Nagar",1400,4,4,23000,23.7641281,90.4466991,Aftab Nagar,Medium
"Block C, Aftab Nagar",1285,3,3,23000,23.7610623,90.4302394,Aftab Nagar,Medium
"Block K, Baridhara",2700,3,3,130000,23.8028731,90.420766,Baridhara,High
"Block C, Bashundhara R-A",1300,3,3,20000,23.8184723,90.4272477,Bashundhara R-A,High
"Block K, Aftab Nagar",1400,4,4,23000,23.7641281,90.4466991,Aftab Nagar,Medium
"Block C, Aftab Nagar",1250,3,3,21000,23.7610623,90.4302394,Aftab Nagar,Medium
"Middle Badda, Badda",1340,3,3,30000,23.7798106,90.4237121,Badda,Low
"Uttar Badda, Badda",1300,3,3,30000,23.7820433,90.4231228,Badda,Low
"Middle Badda, Badda",1350,3,3,28000,23.7798106,90.4237121,Badda,Low
"Block C, Bashundhara R-A",1200,3,3,25000,23.8184723,90.4272477,Bashundhara R-A,High
"Sector 4, Uttara",2200,4,4,70000,23.8624077,90.4042719,Uttara,Medium
"Hill View R/A, Bayazid",1600,3,3,20000,22.84611578,91.34614096,Bayazid,Medium
"Baitul Aman Housing Society, Adabor",1250,3,3,20000,23.7734642,90.3580005,Adabor,Medium
"Shahjadpur, Badda",1250,3,3,24000,23.7917066,90.4248906,Badda,Low
"Sector 12, Uttara",1500,3,3,30000,23.8713904,90.380721,Uttara,Medium
"Shahjadpur, Badda",1250,3,3,23000,23.7917066,90.4248906,Badda,Low
"Metropalitan Cooperative Society, Mohammadpur",1500,4,4,27000,23.7699247,90.3627728,Mohammadpur,Medium
"Shahjadpur, Badda",1300,3,3,26000,23.7917066,90.4248906,Badda,Low
"Middle Badda, Badda",1340,3,3,30000,23.7798106,90.4237121,Badda,Low
"Block C, Bashundhara R-A",720,2,2,22000,23.8184723,90.4272477,Bashundhara R-A,High
"Chandgaon Residential Area, 4 No Chandgaon Ward",1400,3,3,25000,22.3784211,91.8476843,4 No Chandgaon Ward,Medium
"Sector 7, Uttara",1600,3,3,40000,23.871349,90.3972052,Uttara,Medium
"Sector 10, Uttara",1400,4,4,27000,23.884012,90.3883735,Uttara,Medium
"Block C, Bashundhara R-A",1250,3,3,40000,23.8184723,90.4272477,Bashundhara R-A,High
"Khilbari Tek, Badda",1200,3,3,22000,23.7916903,90.4307836,Badda,Low
"Block C, Bashundhara R-A",1250,3,3,21000,23.8184723,90.4272477,Bashundhara R-A,High
"Block B, Banasree",1200,3,3,30000,23.7619353,90.433141,Banasree,Medium
"Road No 4, Shyamoli",1300,3,3,26000,23.778398,90.3636103,Shyamoli,Medium
"Middle Badda, Badda",1340,3,3,30000,23.7798106,90.4237121,Badda,Low
"Sector 5, Uttara",2300,3,3,40000,23.8646732,90.3907284,Uttara,Medium
"Sector 6, Uttara",2400,4,4,50000,23.8713307,90.4042719,Uttara,Medium
"Road No 4, Shyamoli",1200,3,3,22000,23.778398,90.3636103,Shyamoli,Medium
"Middle Badda, Badda",1340,3,3,30000,23.7798106,90.4237121,Badda,Low
"Block E, Banasree",1200,3,3,23000,23.7619353,90.433141,Banasree,Medium
"Block A, Banasree",1200,2,2,24000,23.7645587,90.4257745,Banasree,Medium
"Babar Road, Mohammadpur",1200,3,3,26000,23.7699684,90.366231,Mohammadpur,Medium
"Sector 12, Uttara",1500,3,3,40000,23.8713904,90.380721,Uttara,Medium
"Sector 5, Uttara",1500,3,3,41000,23.8646732,90.3907284,Uttara,Medium
"Middle Badda, Badda",1340,3,3,30000,23.7798106,90.4237121,Badda,Low
"Gulshan 2, Gulshan",3000,3,3,130000,23.7947536,90.4143085,Gulshan,High
"Sector 10, Uttara",1750,3,3,60000,23.884012,90.3883735,Uttara,Medium
"Kuratoli, Khilkhet",800,2,2,20000,23.8209686,90.4243614,Khilkhet,Medium
"Block D, Bashundhara R-A",2000,3,3,45000,23.8154814,90.433141,Bashundhara R-A,High
"Block I, Bashundhara R-A",1400,3,3,30000,23.8206687,90.4396248,Bashundhara R-A,High
"Block F, Bashundhara R-A",1550,3,3,40000,23.820682,90.4349092,Bashundhara R-A,High
"Block I, Bashundhara R-A",1400,3,3,30000,23.8206687,90.4396248,Bashundhara R-A,High
"Block F, Aftab Nagar",1350,3,3,22000,23.7641281,90.4466991,Aftab Nagar,Medium
"VIP Housing Society, South Khulsi",2492,3,3,32000,22.3535227,91.8120481,South Khulsi,Medium
"Sector 12, Uttara",2400,4,4,55000,23.8713904,90.380721,Uttara,Medium
"Block J, Bashundhara R-A",2100,3,3,35000,23.8228913,90.4425723,Bashundhara R-A,High
"Gulshan 2, Gulshan",3600,4,4,220000,23.7947536,90.4143085,Gulshan,High
"Middle Badda, Badda",1250,3,3,26000,23.7798106,90.4237121,Badda,Low
"Block E, Banasree",1342,3,3,32000,23.7619353,90.433141,Banasree,Medium
"Mansurabad Housing Society, Adabor",1490,3,3,20000,23.7754356,90.3523821,Adabor,Medium
"VIP Housing Society, South Khulsi",1725,3,3,22000,22.3535227,91.8120481,South Khulsi,Medium
"Block I, Bashundhara R-A",1400,3,3,30000,23.8206687,90.4396248,Bashundhara R-A,High
"Tejkunipara, Tejgaon",1680,4,4,50000,23.7612995,90.3924947,Tejgaon,Medium
"Block I, Bashundhara R-A",1300,3,3,30000,23.8206687,90.4396248,Bashundhara R-A,High
"Block G, Banasree",1800,4,4,35000,23.7619353,90.433141,Banasree,Medium
"Shahjadpur, Badda",1200,3,3,25000,23.7917066,90.4248906,Badda,Low
"Block E, Banasree",1000,2,2,23000,23.7619353,90.433141,Banasree,Medium
"Block K, Baridhara",4000,3,3,360000,23.8028731,90.420766,Baridhara,High
"Gulshan 2, Gulshan",2850,4,4,210000,23.7947536,90.4143085,Gulshan,High
"Kuratoli, Khilkhet",800,2,2,20000,23.8209686,90.4243614,Khilkhet,Medium
"Gulshan 1, Gulshan",1960,4,4,120000,23.7820624,90.4160527,Gulshan,High
"Block C, Bashundhara R-A",1200,3,3,22000,23.8184723,90.4272477,Bashundhara R-A,High
"Shahjadpur, Badda",1150,2,2,22000,23.7917066,90.4248906,Badda,Low
"Sector 11, Uttara",2000,4,4,40000,23.8773155,90.3901397,Uttara,Medium
"Block C, Bashundhara R-A",1950,4,4,40000,23.8184723,90.4272477,Bashundhara R-A,High
"Sector 12, Uttara",2373,4,4,75000,23.8713904,90.380721,Uttara,Medium
"Tajmahal Road, Mohammadpur",850,2,2,22000,23.764683,90.3621536,Mohammadpur,Medium
"Outer Circular Road, Maghbazar",1650,4,4,40000,23.7485069,90.408629,Maghbazar,Medium
"Block G, Banasree",2000,4,4,35000,23.7619353,90.433141,Banasree,Medium
"Humayun Road, Mohammadpur",1200,3,3,26000,23.7673797,90.3647735,Mohammadpur,Medium
"Sector 13, Uttara",2100,4,4,50000,23.8713728,90.3877848,Uttara,Medium
"Uttar Badda, Badda",1250,2,2,22000,23.7820433,90.4231228,Badda,Low
"Block J, Banasree",950,2,2,21000,23.7619353,90.433141,Banasree,Medium
"Humayun Road, Mohammadpur",1050,2,2,28000,23.7673797,90.3647735,Mohammadpur,Medium
"Block C, Bashundhara R-A",1400,3,3,36000,23.8184723,90.4272477,Bashundhara R-A,High
"Polytechnic, Bayazid",1600,3,3,21000,22.84611578,91.34614096,Bayazid,Medium
"South Badda, Badda",1200,3,3,35000,23.7753515,90.4225336,Badda,Low
"Block E, Banasree",1100,2,2,21000,23.7619353,90.433141,Banasree,Medium
"Block C, Bashundhara R-A",2400,4,4,70000,23.8184723,90.4272477,Bashundhara R-A,High
"Block G, Bashundhara R-A",2200,4,4,42000,23.8244052,90.433141,Bashundhara R-A,High
"Block C, Bashundhara R-A",1600,3,3,45000,23.8184723,90.4272477,Bashundhara R-A,High
"Block J, Banasree",950,2,2,21000,23.7619353,90.433141,Banasree,Medium
"Sector 12, Uttara",2373,4,4,75000,23.8713904,90.380721,Uttara,Medium
"Uttar Badda, Badda",1250,2,2,22000,23.7820433,90.4231228,Badda,Low
"Nikunja 2, Nikunja",750,2,2,21000,23.8318836,90.4178201,Nikunja,Medium
"Road No 18, Banani",3000,4,4,275000,23.7974339,90.4060628,Banani,High
"Sector 12, Uttara",2348,4,4,75000,23.8713904,90.380721,Uttara,Medium
"Block J, Banasree",950,2,2,21000,23.7619353,90.433141,Banasree,Medium
"Block C, Bashundhara R-A",1700,3,3,35000,23.8184723,90.4272477,Bashundhara R-A,High
"Chadra Nagar, Bayazid",1350,3,3,20000,22.3766168,91.806435,Bayazid,Medium
"Block C, Bashundhara R-A",1900,3,3,45000,23.8184723,90.4272477,Bashundhara R-A,High
"Sector 4, Uttara",2300,4,4,60000,23.8624077,90.4042719,Uttara,Medium
"Sector 10, Uttara",1572,3,3,22000,23.884012,90.3883735,Uttara,Medium
"Block K, Baridhara",3200,4,4,250000,23.8028731,90.420766,Baridhara,High
"North Khulshi, Khulshi",2800,5,5,80000,22.3589004,91.8125895,Khulshi,Low
"South Khulshi, Khulshi",1500,3,3,35000,22.3587138,91.8108977,Khulshi,Low
"South Khulshi, Khulshi",1750,3,3,25000,22.3587138,91.8108977,Khulshi,Low
"Gulshan 1, Gulshan",2600,4,4,200000,23.7820624,90.4160527,Gulshan,High
"South Banasree Project, Banasree",1150,2,2,20000,23.7634571,90.4272592,Banasree,Medium
"Baitul Aman Housing Society, Adabor",1240,3,3,22000,23.7734642,90.3580005,Adabor,Medium
"Block K, Bashundhara R-A",1450,3,3,28000,23.8228845,90.4449304,Bashundhara R-A,High
"Block C, Bashundhara R-A",1600,4,4,30000,23.8184723,90.4272477,Bashundhara R-A,High
"Block C, Bashundhara R-A",2500,5,5,50000,23.8184723,90.4272477,Bashundhara R-A,High
"Block I, Bashundhara R-A",2200,4,4,60000,23.8206687,90.4396248,Bashundhara R-A,High
"Tayab Bag R/A, 7 No. West Sholoshohor Ward",1550,4,4,26000,22.374104,91.8342716,7 No. West Sholoshohor Ward,Medium
"South Khulshi, Khulshi",2000,3,3,35000,22.3587138,91.8108977,Khulshi,Low
"Block K, Baridhara",4000,4,4,380000,23.8028731,90.420766,Baridhara,High
"North Khulshi, Khulshi",2800,5,5,90000,22.3589004,91.8125895,Khulshi,Low
"Gulshan 2, Gulshan",3900,5,5,320000,23.7947536,90.4143085,Gulshan,High
"Block K, Baridhara",1500,3,3,110000,23.8028731,90.420766,Baridhara,High
"Block K, Bashundhara R-A",1450,3,3,28000,23.8228845,90.4449304,Bashundhara R-A,High
"South Khulshi, Khulshi",2000,3,3,50000,22.3587138,91.8108977,Khulshi,Low
"Savar Bazar Road, Savar",2700,3,3,36000,23.8467669,90.2503819,Savar,Medium
"Gulshan 2, Gulshan",4200,4,4,220000,23.7947536,90.4143085,Gulshan,High
"Block K, Baridhara",4000,5,5,380000,23.8028731,90.420766,Baridhara,High
"North Khulshi, Khulshi",2800,5,5,80000,22.3589004,91.8125895,Khulshi,Low
"Sector 1, Uttara",1700,3,3,45000,23.8587004,90.4001495,Uttara,Medium
"South Khulshi, Khulshi",1400,3,3,30000,22.3587138,91.8108977,Khulshi,Low
"Block C, Bashundhara R-A",1800,4,4,28000,23.8184723,90.4272477,Bashundhara R-A,High
"Block K, Baridhara",4000,5,5,350000,23.8028731,90.420766,Baridhara,High
"North Khulshi, Khulshi",2200,4,4,50000,22.3589004,91.8125895,Khulshi,Low
"Block K, Baridhara",2300,3,3,130000,23.8028731,90.420766,Baridhara,High
"North Khulshi, Khulshi",3200,4,4,70000,22.3589004,91.8125895,Khulshi,Low
"South Khulshi, Khulshi",1400,4,4,30000,22.3587138,91.8108977,Khulshi,Low
"Block K, Baridhara",3900,5,5,360000,23.8028731,90.420766,Baridhara,High
"South Khulshi, Khulshi",2100,3,3,40000,22.3587138,91.8108977,Khulshi,Low
"South Khulshi, Khulshi",1400,4,4,30000,22.3587138,91.8108977,Khulshi,Low
"Sector 5, Uttara",1500,3,3,45000,23.8646732,90.3907284,Uttara,Medium
"Sector 12, Uttara",2373,4,4,75000,23.8713904,90.380721,Uttara,Medium
"Block K, Baridhara",5500,6,6,1100000,23.8028731,90.420766,Baridhara,High
"Block M, Bashundhara R-A",1400,4,4,22000,23.820621,90.4561336,Bashundhara R-A,High
"Gulshan 2, Gulshan",2500,3,3,110000,23.7947536,90.4143085,Gulshan,High
"Sector 12, Uttara",2373,4,4,75000,23.8713904,90.380721,Uttara,Medium
"Gulshan 2, Gulshan",4500,5,5,205000,23.7947536,90.4143085,Gulshan,High
"Block K, Baridhara",3900,4,4,360000,23.8028731,90.420766,Baridhara,High
"Nasirabad Properties Residential Area, Khulshi",2000,4,4,35000,22.3586885,91.8141603,Khulshi,Low
"South Khulshi, Khulshi",1700,4,4,30000,22.3587138,91.8108977,Khulshi,Low
"Block C, Bashundhara R-A",2100,4,4,140000,23.8184723,90.4272477,Bashundhara R-A,High
"Gulshan 2, Gulshan",2800,4,4,180000,23.7947536,90.4143085,Gulshan,High
"Block L, Bashundhara R-A",1850,4,4,23000,23.8206417,90.4490575,Bashundhara R-A,High
"North Khulshi, Khulshi",3000,4,4,80000,22.3589004,91.8125895,Khulshi,Low
"Block K, Baridhara",3900,5,5,380000,23.8028731,90.420766,Baridhara,High
"Gulshan 2, Gulshan",2100,3,3,80000,23.7947536,90.4143085,Gulshan,High
"Block K, Baridhara",3900,5,5,360000,23.8028731,90.420766,Baridhara,High
"Block L, Bashundhara R-A",1850,4,4,23000,23.8206417,90.4490575,Bashundhara R-A,High
"Block K, Baridhara",3900,5,5,360000,23.8028731,90.420766,Baridhara,High
"Gulshan 2, Gulshan",2780,4,4,160000,23.7947536,90.4143085,Gulshan,High
"Road No 1, Jalalabad Housing Society",1450,3,3,20000,22.3707543,91.8007579,Jalalabad Housing Society,Medium
"Gulshan 2, Gulshan",5300,5,5,500000,23.7947536,90.4143085,Gulshan,High
"Block K, Baridhara",3900,5,5,360000,23.8028731,90.420766,Baridhara,High
"Block K, Baridhara",3900,5,5,400000,23.8028731,90.420766,Baridhara,High
"Block C, Bashundhara R-A",1500,4,4,40000,23.8184723,90.4272477,Bashundhara R-A,High
"Gulshan 2, Gulshan",3000,4,4,180000,23.7947536,90.4143085,Gulshan,High
"Gulshan 2, Gulshan",3750,4,4,300000,23.7947536,90.4143085,Gulshan,High
"Sugandha Residential Area, Panchlaish",1500,3,3,25000,22.3644422,91.8324429,Panchlaish,Medium
"Block F, Bashundhara R-A",2300,4,4,50000,23.820682,90.4349092,Bashundhara R-A,High
"Block C, Bashundhara R-A",1300,3,3,24000,23.8184723,90.4272477,Bashundhara R-A,High
"Yakub Future Park Housing, Khulshi",1500,3,3,23000,22.3664907,91.8059216,Khulshi,Low
"Sector 9, Uttara",1950,3,3,50000,23.8772975,90.3972052,Uttara,Medium
"PC Culture Housing, Mohammadpur",1200,3,3,20000,23.7680904,90.3518903,Mohammadpur,Medium
"Mohammadia Housing Society, Mohammadpur",1350,3,3,30000,23.76362,90.3554194,Mohammadpur,Medium
"Gulshan 2, Gulshan",3750,4,4,300000,23.7947536,90.4143085,Gulshan,High
"Gulshan 1, Gulshan",2750,4,4,120000,23.7820624,90.4160527,Gulshan,High
"Block C, Bashundhara R-A",1250,3,3,25000,23.8184723,90.4272477,Bashundhara R-A,High
"Gulshan 2, Gulshan",3200,5,5,200000,23.7947536,90.4143085,Gulshan,High
"Gulshan 2, Gulshan",2400,3,3,120000,23.7947536,90.4143085,Gulshan,High
"Block K, Baridhara",3800,5,5,210000,23.8028731,90.420766,Baridhara,High
"Gulshan 1, Gulshan",3200,4,4,250000,23.7820624,90.4160527,Gulshan,High
"Gulshan 2, Gulshan",3850,4,4,300000,23.7947536,90.4143085,Gulshan,High
"Road No 6, Baridhara DOHS",2750,4,4,100000,23.8128305,90.4139287,Baridhara DOHS,Medium
"Block K, Baridhara",5000,5,5,800000,23.8028731,90.420766,Baridhara,High
"Block G, Bashundhara R-A",1400,3,3,25000,23.8244052,90.433141,Bashundhara R-A,High
"Block K, Baridhara",3000,5,5,130000,23.8028731,90.420766,Baridhara,High
"West Dhanmondi, Dhanmondi",1850,4,4,52000,23.7494629,90.3665972,Dhanmondi,Medium
"Nobodoy Housing Society, Mohammadpur",1200,3,3,20000,23.7640006,90.3515962,Mohammadpur,Medium
"Gulshan 1, Gulshan",2500,3,3,190000,23.7820624,90.4160527,Gulshan,High
"Mohammed Ali Road, 15 No. Bagmoniram Ward",800,2,2,26000,22.3569782,91.8231405,15 No. Bagmoniram Ward,Medium
"PC Culture Housing, Mohammadpur",1460,3,3,20000,23.7680904,90.3518903,Mohammadpur,Medium
"Sector 12, Uttara",800,1,1,35000,23.8713904,90.380721,Uttara,Medium
"South Khulshi, Khulshi",1500,4,4,25000,22.3587138,91.8108977,Khulshi,Low
"Gulshan 1, Gulshan",2350,3,3,100000,23.7820624,90.4160527,Gulshan,High
"Baitul Aman Housing Society, Adabor",1150,3,3,25000,23.7734642,90.3580005,Adabor,Medium
"Gulshan 2, Gulshan",3750,4,4,300000,23.7947536,90.4143085,Gulshan,High
